date,hour,route_id,direction_id,stop_sequence,stop_id,n_obs,sum_delay,max_delay,min_delay,n_late5
2026-09-09,7,10001,1,26,6070_3,1,19,19,19,0
2026-09-09,7,10031,0,33,6255_2,1,162,162,162,0
2026-09-09,7,10031,0,34,6256_2,2,343,188,155,0
2026-09-09,7,10031,0,35,6094_2,2,281,157,124,0
2026-09-09,7,10031,0,36,6244_2,2,235,134,101,0
2026-09-09,7,10031,0,37,6257_2,3,295,122,84,0
2026-09-09,7,10031,0,38,6240_2,3,367,146,108,0
2026-09-09,7,10031,0,39,6258_2,4,513,154,116,0
2026-09-09,7,10031,0,40,6225_2,4,429,133,95,0
2026-09-09,7,10031,0,41,6181_2,4,341,111,73,0
2026-09-09,7,10031,0,42,6246_2,4,489,148,110,0
2026-09-09,7,10031,0,43,6206_2,4,497,150,112,0
2026-09-09,7,10031,0,44,6176_2,4,505,152,114,0
2026-09-09,7,10031,0,45,6200_3,4,509,153,115,0
2026-09-09,7,10031,0,46,6042_2,4,349,113,75,0
2026-09-09,7,10031,0,47,6031_2,4,193,74,36,0
2026-09-09,7,10031,0,48,6039_1,2,8,8,0,0
2026-09-09,7,10047,0,1,61_1,1,0,0,0,0
2026-09-09,7,10047,0,2,59_4,2,16,16,0,0
2026-09-09,7,10047,0,3,57_2,2,16,16,0,0
2026-09-09,7,10047,0,4,56_2,2,16,16,0,0
2026-09-09,7,10047,0,5,55_2,2,136,76,60,0
2026-09-09,7,10047,0,6,72_1,2,256,136,120,0
2026-09-09,7,10047,0,7,73_2,2,256,136,120,0
2026-09-09,7,10047,0,8,73_3,2,256,136,120,0
2026-09-09,7,10047,0,9,3_2,2,256,136,120,0
2026-09-09,7,10047,1,16,6255_1,1,0,0,0,0
2026-09-09,7,10047,1,17,6064_2,2,86,48,38,0
2026-09-09,7,10047,1,18,6242_2,2,84,47,37,0
2026-09-09,7,10047,1,19,94_2,3,106,42,27,0
2026-09-09,7,10047,1,20,95_1,3,104,41,27,0
2026-09-09,7,10047,1,21,6228_1,3,219,78,66,0
2026-09-09,7,10047,1,22,243_1,4,455,128,102,0
2026-09-09,7,10047,1,23,6041_1,4,594,159,138,0
2026-09-09,7,10047,1,24,6162_1,4,490,133,112,0
2026-09-09,7,10047,1,25,6160_1,4,594,159,138,0
2026-09-09,7,10047,1,26,6001_1,4,550,148,127,0
2026-09-09,7,10047,1,27,6161_1,4,562,151,130,0
2026-09-09,7,10047,1,28,446_3,4,278,80,59,0
2026-09-09,7,10047,1,29,6166_1,4,334,94,73,0
2026-09-09,7,10047,1,30,6143_1,4,343,104,52,0
2026-09-09,7,10047,1,31,6241_1,4,337,103,49,0
2026-09-09,7,10047,1,32,9_2,4,179,59,17,0
2026-09-09,7,10047,1,33,6057_1,4,195,63,21,0
2026-09-09,7,10047,1,34,6069_1,4,351,102,60,0
2026-09-09,7,10047,1,35,6102_1,4,563,155,113,0
2026-09-09,7,10047,1,36,6070_2,1,55,55,55,0
2026-09-09,7,10047,1,37,393_1,1,74,74,74,0
2026-09-09,7,10047,1,38,114_1,2,32,25,7,0
2026-09-09,7,10047,1,39,114_3,3,210,88,52,0
2026-09-09,7,10047,1,40,3_1,4,600,171,135,0
2026-09-09,7,10047,1,41,73_1,4,360,111,75,0
2026-09-09,7,10047,1,42,72_2,4,816,225,189,0
2026-09-09,7,10047,1,43,55_1,4,556,160,124,0
2026-09-09,7,10047,1,44,56_1,4,488,143,107,0
2026-09-09,7,10047,1,45,57_1,4,568,163,127,0
2026-09-09,7,10047,1,46,59_1,4,380,116,80,0
2026-09-09,7,10047,1,47,61_1,1,0,0,0,0
2026-09-09,7,10049,1,19,94_4,1,131,131,131,0
2026-09-09,7,10049,1,20,93_2,1,119,119,119,0
2026-09-09,7,10049,1,21,6016_2,2,264,149,115,0
2026-09-09,7,10049,1,22,91_1,2,400,217,183,0
2026-09-09,7,10051,0,4,6013_2,1,146,146,146,0
2026-09-09,7,10051,0,5,6212_2,1,178,178,178,0
2026-09-09,7,10051,0,6,6205_2,2,361,205,156,0
2026-09-09,7,10051,0,7,6187_3,2,347,198,149,0
2026-09-09,7,10051,0,8,6011_4,3,525,211,152,0
2026-09-09,7,10051,0,9,6017_2,4,664,210,142,0
2026-09-09,7,10051,0,10,6172_2,4,632,202,134,0
2026-09-09,7,10051,0,11,6067_2,4,752,232,164,0
2026-09-09,7,10051,0,12,6248_2,4,712,222,154,0
2026-09-09,7,10051,0,13,6249_2,4,656,208,140,0
2026-09-09,7,10051,0,14,6015_2,4,216,98,30,0
2026-09-09,7,10051,1,2,6249_1,1,52,52,52,0
2026-09-09,7,10051,1,3,6248_1,2,178,133,45,0
2026-09-09,7,10051,1,4,6067_1,2,84,84,0,0
2026-09-09,7,10051,1,5,6172_1,3,200,102,33,0
2026-09-09,7,10051,1,6,6017_1,3,203,102,36,0
2026-09-09,7,10051,1,7,6011_1,4,357,125,59,0
2026-09-09,7,10051,1,8,6187_2,5,795,236,83,0
2026-09-09,7,10051,1,9,6205_1,5,815,240,87,0
2026-09-09,7,10051,1,10,6212_1,5,797,228,96,0
2026-09-09,7,10051,1,11,6013_1,6,945,210,78,0
2026-09-09,7,10051,1,12,93_2,7,1302,248,95,0
2026-09-09,7,10051,1,13,6016_2,8,1625,282,91,0
2026-09-09,7,10051,1,14,91_4,8,556,116,0,0
2026-09-09,7,10053,0,13,18_2,1,0,0,0,0
2026-09-09,7,10053,0,14,44_2,2,170,86,84,0
2026-09-09,7,10053,0,15,43_2,3,155,75,7,0
2026-09-09,7,10053,0,16,42_2,3,269,113,45,0
2026-09-09,7,10053,0,17,21_2,3,221,97,29,0
2026-09-09,7,10053,0,18,40_2,3,194,88,20,0
2026-09-09,7,10053,0,19,39_2,3,161,77,9,0
2026-09-09,7,10053,0,20,7471_2,3,32,17,0,0
2026-09-09,7,10053,0,21,472_2,3,152,57,40,0
2026-09-09,7,10053,0,22,473_2,3,220,108,55,0
2026-09-09,7,10053,0,23,474_2,3,319,117,87,0
2026-09-09,7,10053,0,24,7475_3,4,592,177,93,0
2026-09-09,7,10053,0,25,6260_2,4,592,177,93,0
2026-09-09,7,10053,0,26,6263_2,4,592,177,93,0
2026-09-09,7,10053,0,27,6196_2,4,476,148,64,0
2026-09-09,7,10053,0,28,6134_2,4,448,141,57,0
2026-09-09,7,10053,0,29,6106_2,4,408,131,47,0
2026-09-09,7,10053,0,30,6020_9,4,400,129,45,0
2026-09-09,7,10053,0,31,6043_9,4,640,189,105,0
2026-09-09,7,10053,0,32,6188_1,1,165,165,165,0
2026-09-09,7,10056,0,22,473_2,1,136,136,136,0
2026-09-09,7,10056,0,23,474_2,1,196,196,196,0
2026-09-09,7,10056,0,24,7475_3,2,383,196,187,0
2026-09-09,7,10056,0,25,6260_2,3,517,196,134,0
2026-09-09,7,10056,0,26,6263_2,3,517,196,134,0
2026-09-09,7,10056,0,27,6196_2,3,430,167,105,0
2026-09-09,7,10056,0,28,6134_2,3,409,160,98,0
2026-09-09,7,10056,0,29,6106_2,3,379,150,88,0
2026-09-09,7,10056,0,30,6020_9,3,373,148,86,0
2026-09-09,7,10056,0,31,6019_1,3,43,26,0,0
2026-09-09,7,10059,0,1,91_3,1,55,55,55,0
2026-09-09,7,10059,0,2,7841_4,2,193,117,76,0
2026-09-09,7,10059,0,3,6170_2,3,390,157,96,0
2026-09-09,7,10059,0,4,6902_2,3,393,158,97,0
2026-09-09,7,10059,0,5,6006_2,3,543,208,147,0
2026-09-09,7,10059,0,6,6229_2,3,690,257,196,0
2026-09-09,7,10059,0,7,6074_2,3,663,248,187,0
2026-09-09,7,10059,0,8,6169_2,3,522,201,140,0
2026-09-09,7,10059,0,9,6260_1,4,791,227,166,0
2026-09-09,7,10059,0,10,7475_1,4,353,120,53,0
2026-09-09,7,10059,1,1,7475_1,1,0,0,0,0
2026-09-09,7,10059,1,2,6260_2,1,41,41,41,0
2026-09-09,7,10059,1,3,6169_1,1,74,74,74,0
2026-09-09,7,10059,1,4,6405_1,1,99,99,99,0
2026-09-09,7,10059,1,5,6074_1,2,238,125,113,0
2026-09-09,7,10059,1,6,6229_1,2,232,122,110,0
2026-09-09,7,10059,1,7,6006_1,2,280,146,134,0
2026-09-09,7,10059,1,8,6902_1,2,396,204,192,0
2026-09-09,7,10059,1,9,6170_1,2,390,201,189,0
2026-09-09,7,10059,1,10,7841_2,3,646,240,197,0
2026-09-09,7,10059,1,11,91_3,3,346,180,77,0
2026-09-09,7,10060,0,4,114_5,1,0,0,0,0
2026-09-09,7,10060,0,5,393_2,2,220,123,97,0
2026-09-09,7,10060,0,6,6070_3,2,172,99,73,0
2026-09-09,7,10060,0,7,6102_2,2,98,62,36,0
2026-09-09,7,10060,0,8,6069_2,2,138,82,56,0
2026-09-09,7,10060,0,9,6057_2,2,92,59,33,0
2026-09-09,7,10060,0,10,9_5,2,9,9,0,0
2026-09-09,7,10060,0,11,6241_2,2,61,35,26,0
2026-09-09,7,10060,0,12,6143_2,2,1,1,0,0
2026-09-09,7,10060,0,13,6166_2,1,0,0,0,0
2026-09-09,7,10060,0,14,446_4,1,0,0,0,0
2026-09-09,7,10060,0,15,6161_2,1,16,16,16,0
2026-09-09,7,10060,0,16,6001_2,1,49,49,49,0
2026-09-09,7,10060,0,17,6160_2,1,33,33,33,0
2026-09-09,7,10060,0,18,6162_2,1,28,28,28,0
2026-09-09,7,10060,0,19,6041_2,1,63,63,63,0
2026-09-09,7,10060,0,20,243_2,1,41,41,41,0
2026-09-09,7,10060,0,21,6228_2,1,33,33,33,0
2026-09-09,7,10060,0,22,95_2,1,0,0,0,0
2026-09-09,7,10060,0,23,94_3,1,37,37,37,0
2026-09-09,7,10060,0,24,6013_2,1,79,79,79,0
2026-09-09,7,10060,0,25,6212_2,2,254,143,111,0
2026-09-09,7,10060,0,26,6205_2,3,534,226,138,0
2026-09-09,7,10060,0,27,6187_3,4,674,207,131,0
2026-09-09,7,10060,0,28,6011_4,4,722,220,144,0
2026-09-09,7,10060,0,29,6017_2,4,718,219,143,0
2026-09-09,7,10060,0,30,6172_2,4,686,211,135,0
2026-09-09,7,10060,0,31,6067_2,4,806,241,165,0
2026-09-09,7,10060,0,32,6248_2,4,766,231,155,0
2026-09-09,7,10060,0,33,6249_2,4,710,217,141,0
2026-09-09,7,10060,0,34,6015_2,4,270,107,31,0
2026-09-09,7,10060,1,1,6015_1,1,0,0,0,0
2026-09-09,7,10060,1,2,6249_1,1,86,86,86,0
2026-09-09,7,10060,1,3,6248_1,1,90,90,90,0
2026-09-09,7,10060,1,4,6067_1,1,7,7,7,0
2026-09-09,7,10060,1,5,6172_1,2,76,56,20,0
2026-09-09,7,10060,1,6,6017_1,2,85,59,26,0
2026-09-09,7,10060,1,7,6011_1,3,192,82,45,0
2026-09-09,7,10060,1,8,6187_2,4,544,176,89,0
2026-09-09,7,10060,1,9,6205_1,5,652,180,92,0
2026-09-09,7,10060,1,10,6212_1,5,613,168,80,0
2026-09-09,7,10060,1,11,6013_1,5,565,161,76,0
2026-09-09,7,10060,1,12,94_2,6,350,126,0,0
2026-09-09,7,10060,1,13,95_1,6,346,125,0,0
2026-09-09,7,10060,1,14,6228_1,7,621,162,39,0
2026-09-09,7,10060,1,15,243_1,8,982,198,75,0
2026-09-09,7,10060,1,16,6041_1,8,1260,234,111,0
2026-09-09,7,10060,1,17,6162_1,8,1020,208,85,0
2026-09-09,7,10060,1,18,6160_1,8,1228,234,111,0
2026-09-09,7,10060,1,19,6001_1,8,1140,223,100,0
2026-09-09,7,10060,1,20,6161_1,8,1164,226,103,0
2026-09-09,7,10060,1,21,446_3,8,596,155,32,0
2026-09-09,7,10060,1,22,6166_1,8,708,169,46,0
2026-09-09,7,10060,1,23,6143_1,9,784,179,25,0
2026-09-09,7,10060,1,24,6241_1,9,769,178,22,0
2026-09-09,7,10060,1,25,9_2,8,230,67,0,0
2026-09-09,7,10060,1,26,8_3,7,220,68,1,0
2026-09-09,7,10060,1,27,6_1,7,598,122,55,0
2026-09-09,7,10060,1,28,902_1,7,479,105,38,0
2026-09-09,7,10060,1,29,5_1,7,153,57,0,0
2026-09-09,7,10060,1,30,4_1,7,300,78,21,0
2026-09-09,7,10060,1,31,6059_1,7,629,125,68,0
2026-09-09,7,10060,1,32,3_1,3,306,118,72,0
2026-09-09,7,10060,1,33,73_1,3,126,58,12,0
2026-09-09,7,10060,1,34,128_1,3,174,74,28,0
2026-09-09,7,10060,1,35,114_5,1,0,0,0,0
2026-09-09,7,10066,1,14,6196_1,1,188,188,188,0
2026-09-09,7,10066,1,15,6263_1,2,383,203,180,0
2026-09-09,7,10066,1,16,6169_1,2,305,164,141,0
2026-09-09,7,10066,1,17,6405_1,2,381,202,179,0
2026-09-09,7,10066,1,18,6074_1,3,608,228,175,0
2026-09-09,7,10066,1,19,6229_1,4,758,225,159,0
2026-09-09,7,10066,1,20,6006_1,4,854,249,183,0
2026-09-09,7,10066,1,21,6902_1,4,1086,307,241,1
2026-09-09,7,10066,1,22,6170_1,4,1074,304,238,1
2026-09-09,7,10066,1,23,7841_2,4,1107,312,246,1
2026-09-09,7,10066,1,24,91_2,4,1107,312,246,1
2026-09-09,7,10068,0,2,215_2,1,0,0,0,0
2026-09-09,7,10068,0,3,216_2,2,34,28,6,0
2026-09-09,7,10068,0,4,752_2,2,16,16,0,0
2026-09-09,7,10068,0,5,7217_2,2,5,5,0,0
2026-09-09,7,10068,0,6,422_1,2,5,5,0,0
2026-09-09,7,10068,0,7,421_1,2,83,44,39,0
2026-09-09,7,10068,0,8,6163_1,2,141,73,68,0
2026-09-09,7,10068,0,9,419_1,2,113,59,54,0
2026-09-09,7,10068,0,10,418_1,2,319,162,157,0
2026-09-09,7,10068,0,11,440_1,2,295,150,145,0
2026-09-09,7,10068,0,12,6236_1,2,411,208,203,0
2026-09-09,7,10068,0,13,6109_1,2,205,105,100,0
2026-09-09,7,10068,0,14,152_3,1,280,280,280,0
2026-09-09,7,10068,0,15,251_2,2,509,280,229,0
2026-09-09,7,10068,0,16,250_2,2,509,280,229,0
2026-09-09,7,10068,0,17,249_2,3,714,280,205,0
2026-09-09,7,10068,0,18,606_2,3,714,280,205,0
2026-09-09,7,10068,0,19,607_2,3,714,280,205,0
2026-09-09,7,10068,0,20,608_2,3,714,280,205,0
2026-09-09,7,10068,0,21,609_2,3,714,280,205,0
2026-09-09,7,10068,0,22,610_2,3,714,280,205,0
2026-09-09,7,10068,0,23,765_2,3,744,290,215,0
2026-09-09,7,10068,0,24,7717_2,3,744,290,215,0
2026-09-09,7,10068,0,25,6023_1,3,744,290,215,0
2026-09-09,7,10068,0,26,210_2,3,744,290,215,0
2026-09-09,7,10068,0,27,211_2,3,744,290,215,0
2026-09-09,7,10068,0,28,212_2,3,744,290,215,0
2026-09-09,7,10068,0,29,615_2,3,774,300,225,1
2026-09-09,7,10068,0,30,7213_2,3,954,360,285,2
2026-09-09,7,10068,0,31,214_2,3,954,360,285,2
2026-09-09,7,10068,0,32,215_2,2,594,309,285,1
2026-09-09,7,10068,0,33,216_2,1,291,291,291,0
2026-09-09,7,10068,1,3,440_2,1,80,80,80,0
2026-09-09,7,10068,1,4,418_2,2,268,139,129,0
2026-09-09,7,10068,1,5,419_2,3,384,134,120,0
2026-09-09,7,10068,1,6,6163_2,3,375,131,117,0
2026-09-09,7,10068,1,7,421_2,4,499,139,112,0
2026-09-09,7,10068,1,8,422_2,4,151,52,25,0
2026-09-09,7,10068,1,9,7217_1,4,147,51,24,0
2026-09-09,7,10068,1,10,752_1,4,147,51,24,0
2026-09-09,7,10068,1,11,216_1,4,175,58,31,0
2026-09-09,7,10068,1,12,215_1,4,127,46,19,0
2026-09-09,7,10068,1,13,214_1,4,131,47,20,0
2026-09-09,7,10068,1,14,7213_1,4,138,52,12,0
2026-09-09,7,10068,1,15,615_1,4,349,105,64,0
2026-09-09,7,10068,1,16,212_1,4,245,88,29,0
2026-09-09,7,10068,1,17,211_1,4,353,124,53,0
2026-09-09,7,10068,1,18,210_1,5,417,163,0,0
2026-09-09,7,10068,1,19,6023_3,6,977,238,75,0
2026-09-09,7,10068,1,20,7717_1,3,374,198,88,0
2026-09-09,7,10068,1,21,765_1,3,428,216,106,0
2026-09-09,7,10068,1,22,610_1,2,150,130,20,0
2026-09-09,7,10068,1,23,609_1,2,114,112,2,0
2026-09-09,7,10068,1,24,608_1,2,202,156,46,0
2026-09-09,7,10068,1,25,607_1,2,132,121,11,0
2026-09-09,7,10068,1,26,606_1,2,103,103,0,0
2026-09-09,7,10068,1,27,249_1,1,0,0,0,0
2026-09-09,7,10068,1,28,250_1,1,0,0,0,0
2026-09-09,7,10068,1,29,251_1,1,0,0,0,0
2026-09-09,7,10068,1,30,152_2,1,0,0,0,0
2026-09-09,7,10068,1,31,151_1,1,49,49,49,0
2026-09-09,7,10068,1,32,150_1,1,58,58,58,0
2026-09-09,7,10068,1,33,252_1,1,92,92,92,0
2026-09-09,7,10068,1,34,186_1,1,3,3,3,0
2026-09-09,7,10068,1,35,253_1,1,2,2,2,0
2026-09-09,7,10068,1,37,254_1,1,25,25,25,0
2026-09-09,7,10068,1,38,4_4,2,14,14,0,0
2026-09-09,7,10068,1,39,6059_1,1,0,0,0,0
2026-09-09,7,10068,1,40,3_1,3,184,67,51,0
2026-09-09,7,10068,1,41,73_1,3,13,7,0,0
2026-09-09,7,10068,1,42,128_1,3,61,23,16,0
2026-09-09,7,10068,1,43,114_5,3,141,71,0,0
2026-09-09,7,10072,0,1,61_2,1,0,0,0,0
2026-09-09,7,10072,0,2,59_4,2,8,8,0,0
2026-09-09,7,10072,0,3,57_2,2,8,8,0,0
2026-09-09,7,10072,0,4,56_2,2,8,8,0,0
2026-09-09,7,10072,0,5,55_4,2,8,8,0,0
2026-09-09,7,10072,0,6,69_2,2,8,8,0,0
2026-09-09,7,10072,0,7,68_2,2,8,8,0,0
2026-09-09,7,10072,0,8,67_2,1,0,0,0,0
2026-09-09,7,10072,0,9,65_2,1,0,0,0,0
2026-09-09,7,10072,0,10,204_2,1,0,0,0,0
2026-09-09,7,10075,1,8,7213_1,1,0,0,0,0
2026-09-09,7,10075,1,9,615_1,1,52,52,52,0
2026-09-09,7,10075,1,10,212_1,2,54,37,17,0
2026-09-09,7,10075,1,11,211_1,3,184,82,41,0
2026-09-09,7,10075,1,12,210_1,4,359,138,0,0
2026-09-09,7,10075,1,13,209_1,4,551,186,48,0
2026-09-09,7,10075,1,14,863_1,4,329,128,0,0
2026-09-09,7,10075,1,15,206_1,4,629,203,75,0
2026-09-09,7,10075,1,16,205_1,4,597,195,67,0
2026-09-09,7,10075,1,17,255_1,4,665,212,84,0
2026-09-09,7,10075,1,18,204_1,4,673,214,86,0
2026-09-09,7,10075,1,19,65_1,5,1126,276,164,0
2026-09-09,7,10075,1,20,67_1,6,1963,380,306,6
2026-09-09,7,10075,1,21,68_1,7,2231,388,214,6
2026-09-09,7,10075,1,22,69_1,4,572,208,83,0
2026-09-09,7,10075,1,23,55_1,4,648,227,102,0
2026-09-09,7,10075,1,24,56_1,4,580,210,85,0
2026-09-09,7,10075,1,25,57_1,4,660,230,105,0
2026-09-09,7,10075,1,26,59_1,4,472,183,58,0
2026-09-09,7,10075,1,27,61_2,4,404,166,41,0
2026-09-09,7,10080,1,1,6079_1,1,0,0,0,0
2026-09-09,7,10080,1,2,6035_1,2,230,139,91,0
2026-09-09,7,10080,1,3,6180_1,3,224,94,46,0
2026-09-09,7,10080,1,4,6112_1,3,218,92,44,0
2026-09-09,7,10080,1,5,6168_1,3,152,70,22,0
2026-09-09,7,10080,1,6,426_1,3,167,75,27,0
2026-09-09,7,10080,1,7,425_3,3,224,94,46,0
2026-09-09,7,10080,1,8,424_1,3,230,96,48,0
2026-09-09,7,10080,1,9,423_1,3,20,15,0,0
2026-09-09,7,10080,1,10,422_1,2,7,7,0,0
2026-09-09,7,10080,1,11,421_3,1,0,0,0,0
2026-09-09,8,10047,0,10,114_4,2,616,316,300,2
2026-09-09,8,10047,0,11,393_2,2,618,317,301,2
2026-09-09,8,10047,0,12,6070_3,2,570,293,277,0
2026-09-09,8,10047,0,13,6102_2,2,496,256,240,0
2026-09-09,8,10047,0,14,6069_2,2,536,276,260,0
2026-09-09,8,10047,0,15,6057_2,2,490,253,237,0
2026-09-09,8,10047,0,16,9_5,2,390,203,187,0
2026-09-09,8,10047,0,17,6241_2,2,442,229,213,0
2026-09-09,8,10047,0,18,6143_2,2,374,195,179,0
2026-09-09,8,10047,0,19,6166_2,2,328,172,156,0
2026-09-09,8,10047,0,20,446_4,2,252,134,118,0
2026-09-09,8,10047,0,21,6161_2,2,284,150,134,0
2026-09-09,8,10047,0,22,6001_2,2,350,183,167,0
2026-09-09,8,10047,0,23,6160_2,2,318,167,151,0
2026-09-09,8,10047,0,24,6162_2,2,308,162,146,0
2026-09-09,8,10047,0,25,6041_2,2,378,197,181,0
2026-09-09,8,10047,0,26,243_2,2,334,175,159,0
2026-09-09,8,10047,0,27,6228_2,2,318,167,151,0
2026-09-09,8,10047,0,28,95_2,2,216,116,100,0
2026-09-09,8,10047,0,29,94_3,2,290,153,137,0
2026-09-09,8,10047,0,30,6242_1,2,290,153,137,0
2026-09-09,8,10047,0,31,6064_1,2,252,134,118,0
2026-09-09,8,10047,0,32,6255_2,3,521,183,161,0
2026-09-09,8,10047,0,33,6256_2,3,587,209,187,0
2026-09-09,8,10047,0,34,6094_2,3,500,178,156,0
2026-09-09,8,10047,0,35,6244_2,3,432,155,133,0
2026-09-09,8,10047,0,36,6257_2,4,531,143,121,0
2026-09-09,8,10047,0,37,6240_2,4,627,167,145,0
2026-09-09,8,10047,0,38,6258_2,4,659,175,153,0
2026-09-09,8,10047,0,39,6225_2,4,575,154,132,0
2026-09-09,8,10047,0,40,6181_2,4,487,132,110,0
2026-09-09,8,10047,0,41,6246_2,4,635,169,147,0
2026-09-09,8,10047,0,42,6206_2,4,643,171,149,0
2026-09-09,8,10047,0,43,6176_2,4,651,173,151,0
2026-09-09,8,10047,0,44,6200_3,4,655,174,152,0
2026-09-09,8,10047,0,45,6042_2,4,495,134,112,0
2026-09-09,8,10047,0,46,6031_2,4,339,95,73,0
2026-09-09,8,10047,0,47,6039_1,4,75,29,7,0
2026-09-09,8,10047,1,36,6070_2,3,276,97,85,0
2026-09-09,8,10047,1,37,393_1,4,471,135,81,0
2026-09-09,8,10047,1,38,114_1,4,233,80,14,0
2026-09-09,8,10047,1,39,114_3,4,393,116,59,0
2026-09-09,8,10047,1,40,3_1,4,725,199,142,0
2026-09-09,8,10047,1,41,73_1,4,485,139,82,0
2026-09-09,8,10047,1,42,72_2,4,941,253,196,0
2026-09-09,8,10047,1,43,55_1,4,681,188,131,0
2026-09-09,8,10047,1,44,56_1,4,613,171,114,0
2026-09-09,8,10047,1,45,57_1,4,693,191,134,0
2026-09-09,8,10047,1,46,59_1,4,505,144,87,0
2026-09-09,8,10047,1,47,61_1,4,70,28,0,0
2026-09-09,8,10053,0,32,6188_1,3,715,249,219,0
2026-09-09,8,10053,0,33,6073_2,4,1120,309,225,2
2026-09-09,8,10053,0,34,6152_1,4,1120,309,225,2
2026-09-09,8,10053,0,35,6300_2,4,1120,309,225,2
2026-09-09,8,10053,0,36,6289_9,4,1120,309,225,2
2026-09-09,8,10053,0,37,6301_9,4,1120,309,225,2
2026-09-09,8,10053,0,38,6355_9,4,1120,309,225,2
2026-09-09,8,10053,0,39,6353_1,4,1120,309,225,2
2026-09-09,8,10053,0,40,6332_1,4,1120,309,225,2
2026-09-09,8,10053,0,41,6367_9,4,1120,309,225,2
2026-09-09,8,10053,0,42,6347_9,4,1120,309,225,2
2026-09-09,8,10053,0,43,6294_1,4,1120,309,225,2
2026-09-09,8,10053,0,44,6357_1,4,1120,309,225,2
2026-09-09,8,10053,0,45,6360_1,4,1120,309,225,2
2026-09-09,8,10053,0,46,6345_1,4,1120,309,225,2
2026-09-09,8,10053,0,47,6358_9,4,1160,319,235,2
2026-09-09,8,10053,0,48,6346_9,4,1160,319,235,2
2026-09-09,8,10053,0,49,6375_1,4,1200,329,245,2
2026-09-09,8,10053,0,50,6356_9,4,1200,329,245,2
2026-09-09,8,10053,0,51,6368_9,4,1200,329,245,2
2026-09-09,8,10053,0,52,6366_9,4,1200,329,245,2
2026-09-09,8,10053,0,53,6329_1,4,1200,329,245,2
2026-09-09,8,10053,0,54,6275_1,4,1200,329,245,2
2026-09-09,8,10053,0,55,6277_1,4,1200,329,245,2
2026-09-09,8,10053,0,56,6348_9,4,1200,329,245,2
2026-09-09,8,10053,0,57,6370_9,4,1200,329,245,2
2026-09-09,8,10053,0,58,6371_1,4,1200,329,245,2
2026-09-09,8,10053,0,59,6282_1,4,1200,329,245,2
2026-09-09,8,10053,0,60,6344_9,4,1200,329,245,2
2026-09-09,8,10053,0,61,6369_1,4,1200,329,245,2
2026-09-09,8,10053,0,62,6297_1,4,1200,329,245,2
2026-09-09,8,10053,0,63,6327_9,2,544,299,245,0
2026-09-09,8,10060,0,24,6013_2,2,6,6,0,0
2026-09-09,8,10060,0,25,6212_2,3,90,43,15,0
2026-09-09,8,10060,0,26,6205_2,4,229,74,42,0
2026-09-09,8,10060,0,27,6187_3,3,142,55,35,0
2026-09-09,8,10060,0,28,6011_4,4,225,68,44,0
2026-09-09,8,10060,0,29,6017_2,4,221,67,43,0
2026-09-09,8,10060,0,30,6172_2,4,189,59,35,0
2026-09-09,8,10060,0,31,6067_2,4,309,89,65,0
2026-09-09,8,10060,0,32,6248_2,4,269,79,55,0
2026-09-09,8,10060,0,33,6249_2,4,213,65,41,0
2026-09-09,8,10060,0,34,6015_2,1,0,0,0,0
2026-09-09,8,10060,1,17,6162_1,1,133,133,133,0
2026-09-09,8,10060,1,18,6160_1,1,159,159,159,0
2026-09-09,8,10060,1,19,6001_1,1,148,148,148,0
2026-09-09,8,10060,1,20,6161_1,1,151,151,151,0
2026-09-09,8,10060,1,21,446_3,1,80,80,80,0
2026-09-09,8,10060,1,22,6166_1,1,94,94,94,0
2026-09-09,8,10060,1,23,6143_1,1,104,104,104,0
2026-09-09,8,10060,1,24,6241_1,1,103,103,103,0
2026-09-09,8,10060,1,25,9_2,3,324,137,56,0
2026-09-09,8,10060,1,26,8_3,5,400,138,17,0
2026-09-09,8,10060,1,27,6_1,5,670,192,71,0
2026-09-09,8,10060,1,28,902_1,5,585,175,54,0
2026-09-09,8,10060,1,29,5_1,5,345,127,6,0
2026-09-09,8,10060,1,30,4_1,5,450,148,27,0
2026-09-09,8,10060,1,31,6059_1,5,685,195,74,0
2026-09-09,8,10060,1,32,3_1,9,990,195,59,0
2026-09-09,8,10060,1,33,73_1,9,451,135,0,0
2026-09-09,8,10060,1,34,128_1,9,595,151,16,0
2026-09-09,8,10060,1,35,114_5,7,320,139,0,0
2026-09-09,8,10068,0,32,215_2,1,360,360,360,1
2026-09-09,8,10068,0,33,216_2,2,681,366,315,2
2026-09-09,8,10068,0,34,752_2,3,936,354,279,2
2026-09-09,8,10068,0,35,7217_2,3,903,343,268,1
2026-09-09,8,10068,0,36,422_1,3,903,343,268,1
2026-09-09,8,10068,0,37,421_1,3,1020,382,307,3
2026-09-09,8,10068,0,38,6163_1,3,1107,411,336,3
2026-09-09,8,10068,0,39,419_1,3,1065,397,322,3
2026-09-09,8,10068,0,40,418_1,3,1374,500,425,3
2026-09-09,8,10068,0,41,440_1,3,1338,488,413,3
2026-09-09,8,10068,0,42,6236_1,3,1512,546,471,3
2026-09-09,8,10068,0,43,6109_1,3,1203,443,368,3
2026-09-09,8,10068,1,20,7717_1,3,681,251,204,0
2026-09-09,8,10068,1,21,765_1,3,735,269,222,0
2026-09-09,8,10068,1,22,610_1,4,497,183,20,0
2026-09-09,8,10068,1,23,609_1,4,425,165,2,0
2026-09-09,8,10068,1,24,608_1,4,601,209,46,0
2026-09-09,8,10068,1,25,607_1,4,461,174,11,0
2026-09-09,8,10068,1,26,606_1,4,396,156,0,0
2026-09-09,8,10068,1,27,249_1,4,87,53,0,0
2026-09-09,8,10068,1,28,250_1,4,87,53,0,0
2026-09-09,8,10068,1,29,251_1,2,9,9,0,0
2026-09-09,8,10068,1,30,152_2,2,9,9,0,0
2026-09-09,8,10068,1,31,151_1,2,107,58,49,0
2026-09-09,8,10068,1,32,150_1,2,125,67,58,0
2026-09-09,8,10068,1,33,252_1,2,193,101,92,0
2026-09-09,8,10068,1,34,186_1,2,15,12,3,0
2026-09-09,8,10068,1,35,253_1,2,13,11,2,0
2026-09-09,8,10068,1,36,53_1,3,18,12,3,0
2026-09-09,8,10068,1,37,254_1,5,60,21,3,0
2026-09-09,8,10068,1,38,4_4,5,24,10,0,0
2026-09-09,8,10068,1,39,6059_1,2,0,0,0,0
2026-09-09,8,10068,1,40,3_1,4,234,66,51,0
2026-09-09,8,10068,1,41,73_1,4,12,6,0,0
2026-09-09,8,10068,1,42,128_1,4,76,22,16,0
2026-09-09,8,10068,1,43,114_5,2,0,0,0,0
2026-09-09,8,10072,0,11,255_2,1,0,0,0,0
2026-09-09,8,10072,0,12,205_2,1,0,0,0,0
2026-09-09,8,10072,0,13,206_2,1,0,0,0,0
2026-09-09,8,10072,0,14,863_3,1,60,60,60,0
2026-09-09,8,10072,0,15,209_2,1,60,60,60,0
2026-09-09,8,10072,0,16,210_2,1,60,60,60,0
2026-09-09,8,10072,0,17,211_2,1,60,60,60,0
2026-09-09,8,10072,0,18,212_2,1,60,60,60,0
2026-09-09,8,10072,0,19,615_2,1,70,70,70,0
2026-09-09,8,10072,0,20,7213_2,1,130,130,130,0
2026-09-09,8,10072,0,21,214_2,1,130,130,130,0
2026-09-09,8,10072,0,22,215_2,1,130,130,130,0
2026-09-09,8,10072,0,23,216_2,1,136,136,136,0
2026-09-09,8,10072,0,24,752_2,1,124,124,124,0
2026-09-09,8,10072,0,25,7217_2,1,113,113,113,0
2026-09-09,8,10072,0,26,422_1,1,113,113,113,0
2026-09-09,8,10072,0,27,421_1,1,152,152,152,0
2026-09-09,8,10072,0,28,6163_1,1,181,181,181,0
2026-09-09,8,10072,0,29,419_1,1,167,167,167,0
2026-09-09,8,10072,0,30,418_1,1,270,270,270,0
2026-09-09,8,10072,0,31,440_1,1,258,258,258,0
2026-09-09,8,10072,0,32,6236_1,1,316,316,316,1
2026-09-09,8,10072,0,33,6109_1,1,213,213,213,0
2026-09-09,8,10075,1,22,69_1,4,833,257,183,0
2026-09-09,8,10075,1,23,55_1,4,909,276,202,0
2026-09-09,8,10075,1,24,56_1,4,841,259,185,0
2026-09-09,8,10075,1,25,57_1,4,921,279,205,0
2026-09-09,8,10075,1,26,59_1,4,733,232,158,0
2026-09-09,8,10075,1,27,61_2,4,665,215,141,0
2026-09-09,9,10001,1,24,202_1,1,185,185,185,0
2026-09-09,9,10001,1,25,5_4,2,252,133,119,0
2026-09-09,9,10001,1,26,6070_3,3,536,208,157,0
2026-09-09,9,10002,1,16,125_1,1,0,0,0,0
2026-09-09,9,10002,1,17,124_1,2,31,31,0,0
2026-09-09,9,10002,1,18,123_1,3,54,28,0,0
2026-09-09,9,10002,1,19,122_1,4,353,116,61,0
2026-09-09,9,10002,1,20,910_2,4,281,98,43,0
2026-09-09,9,10002,1,21,256_2,4,137,62,7,0
2026-09-09,9,10002,1,22,534_2,4,277,97,42,0
2026-09-09,9,10002,1,23,59_3,4,349,115,60,0
2026-09-09,9,10002,1,24,61_3,1,0,0,0,0
2026-09-09,9,10032,0,8,73_3,1,305,305,305,1
2026-09-09,9,10032,0,9,3_2,2,711,378,333,2
2026-09-09,9,10032,0,10,114_4,4,1160,314,269,2
2026-09-09,9,10032,0,11,393_2,4,1152,312,267,2
2026-09-09,9,10032,0,12,6070_3,4,1184,320,275,2
2026-09-09,9,10032,0,13,6102_2,4,1112,302,257,1
2026-09-09,9,10032,0,14,6069_2,4,1068,291,246,0
2026-09-09,9,10032,0,15,6057_2,4,908,251,206,0
2026-09-09,9,10032,0,16,9_5,4,788,221,176,0
2026-09-09,9,10032,0,17,6241_2,4,912,252,207,0
2026-09-09,9,10032,0,18,6143_2,4,824,230,185,0
2026-09-09,9,10032,0,19,6166_2,4,804,225,180,0
2026-09-09,9,10032,0,20,446_4,4,772,217,172,0
2026-09-09,9,10032,0,21,6161_2,4,840,234,189,0
2026-09-09,9,10032,0,22,6001_2,4,916,253,208,0
2026-09-09,9,10032,0,23,6160_2,4,868,241,196,0
2026-09-09,9,10032,0,24,6162_2,4,880,247,190,0
2026-09-09,9,10032,0,25,6041_2,4,999,276,222,0
2026-09-09,9,10032,0,26,243_2,4,946,254,211,0
2026-09-09,9,10032,0,27,6228_2,4,896,239,201,0
2026-09-09,9,10032,1,41,6102_1,1,69,69,69,0
2026-09-09,9,10032,1,42,6070_2,1,50,50,50,0
2026-09-09,9,10032,1,43,393_1,2,192,101,91,0
2026-09-09,9,10032,1,44,114_1,3,32,31,0,0
2026-09-09,9,10032,1,45,114_3,4,212,73,42,0
2026-09-09,9,10032,1,46,3_1,4,816,224,193,0
2026-09-09,9,10032,1,47,73_1,4,504,170,85,0
2026-09-09,9,10032,1,48,72_2,4,888,266,181,0
2026-09-09,9,10032,1,49,55_1,4,1108,321,236,2
2026-09-09,9,10032,1,50,56_1,4,1110,324,234,2
2026-09-09,9,10032,1,51,57_1,4,1186,351,261,2
2026-09-09,9,10032,1,52,59_1,2,427,214,213,0
2026-09-09,9,10033,1,1,7475_1,1,0,0,0,0
2026-09-09,9,10033,1,2,6260_2,1,58,58,58,0
2026-09-09,9,10033,1,3,6169_1,1,92,92,92,0
2026-09-09,9,10033,1,4,6405_1,1,128,128,128,0
2026-09-09,9,10033,1,5,6074_1,1,123,123,123,0
2026-09-09,9,10033,1,6,6401_1,1,88,88,88,0
2026-09-09,9,10033,1,7,6400_1,1,75,75,75,0
2026-09-09,9,10033,1,8,6033_2,1,95,95,95,0
2026-09-09,9,10033,1,9,6211_2,1,83,83,83,0
2026-09-09,9,10033,1,10,6170_1,1,97,97,97,0
2026-09-09,9,10033,1,11,7841_2,1,117,117,117,0
2026-09-09,9,10034,0,15,6073_2,1,0,0,0,0
2026-09-09,9,10047,0,32,6255_2,1,235,235,235,0
2026-09-09,9,10047,0,33,6256_2,1,245,245,245,0
2026-09-09,9,10047,0,34,6094_2,2,434,224,210,0
2026-09-09,9,10047,0,35,6244_2,2,350,182,168,0
2026-09-09,9,10047,0,36,6257_2,3,502,206,141,0
2026-09-09,9,10047,0,37,6240_2,3,583,233,168,0
2026-09-09,9,10047,0,38,6258_2,3,640,252,187,0
2026-09-09,9,10047,0,39,6225_2,3,574,230,165,0
2026-09-09,9,10047,0,40,6181_2,3,568,228,163,0
2026-09-09,9,10047,0,41,6246_2,3,616,244,179,0
2026-09-09,9,10047,0,42,6206_2,3,561,226,161,0
2026-09-09,9,10047,0,43,6176_2,3,579,232,167,0
2026-09-09,9,10047,0,44,6200_3,3,618,245,180,0
2026-09-09,9,10047,0,45,6042_2,3,532,217,151,0
2026-09-09,9,10047,0,46,6031_2,3,406,175,109,0
2026-09-09,9,10047,0,47,6039_1,3,250,123,57,0
2026-09-09,9,10047,1,9,6225_1,1,88,88,88,0
2026-09-09,9,10047,1,10,6258_1,1,66,66,66,0
2026-09-09,9,10047,1,11,6240_1,1,69,69,69,0
2026-09-09,9,10047,1,12,6257_1,1,104,104,104,0
2026-09-09,9,10047,1,13,6244_1,2,151,93,58,0
2026-09-09,9,10047,1,14,6094_1,2,109,72,37,0
2026-09-09,9,10047,1,15,6256_1,3,143,65,30,0
2026-09-09,9,10047,1,16,6255_1,3,25,21,0,0
2026-09-09,9,10047,1,17,6064_2,3,100,46,25,0
2026-09-09,9,10047,1,18,6242_2,3,205,81,60,0
2026-09-09,9,10047,1,19,94_2,3,265,101,80,0
2026-09-09,9,10047,1,20,95_1,4,269,85,58,0
2026-09-09,9,10047,1,21,6228_1,4,470,141,91,0
2026-09-09,9,10047,1,22,243_1,4,494,147,97,0
2026-09-09,9,10047,1,23,6041_1,4,606,175,125,0
2026-09-09,9,10047,1,24,6162_1,4,506,150,100,0
2026-09-09,9,10047,1,25,6160_1,4,622,179,129,0
2026-09-09,9,10047,1,26,6001_1,4,578,168,118,0
2026-09-09,9,10047,1,27,6161_1,4,570,166,116,0
2026-09-09,9,10047,1,28,446_3,4,542,159,109,0
2026-09-09,9,10047,1,29,6166_1,4,590,174,120,0
2026-09-09,9,10047,1,30,6143_1,4,539,156,109,0
2026-09-09,9,10049,0,1,91_1,1,0,0,0,0
2026-09-09,9,10049,0,2,6016_1,2,62,33,29,0
2026-09-09,9,10049,0,3,93_1,2,88,55,33,0
2026-09-09,9,10049,0,4,94_1,2,160,91,69,0
2026-09-09,9,10049,0,5,6242_1,3,251,109,55,0
2026-09-09,9,10049,0,6,6064_1,3,158,78,24,0
2026-09-09,9,10049,0,7,6255_2,3,219,98,44,0
2026-09-09,9,10049,0,8,6256_2,3,229,98,44,0
2026-09-09,9,10049,0,9,6094_2,3,210,77,66,0
2026-09-09,9,10049,0,10,6244_2,3,91,35,24,0
2026-09-09,9,10049,0,11,6257_2,4,23,10,0,0
2026-09-09,9,10049,0,12,6240_2,4,133,39,27,0
2026-09-09,9,10049,0,13,6258_2,4,201,54,46,0
2026-09-09,9,10049,0,14,6225_2,4,113,32,24,0
2026-09-09,9,10049,0,15,6181_2,4,105,30,22,0
2026-09-09,9,10049,0,16,6246_2,4,169,46,38,0
2026-09-09,9,10049,0,17,6206_2,4,96,28,19,0
2026-09-09,9,10049,0,18,6176_2,4,120,34,25,0
2026-09-09,9,10049,0,19,6200_3,4,172,47,38,0
2026-09-09,9,10049,0,20,6042_2,4,58,18,9,0
2026-09-09,9,10049,0,21,6031_2,1,0,0,0,0
2026-09-09,9,10049,0,22,6039_1,1,0,0,0,0
2026-09-09,9,10050,0,3,93_1,1,109,109,109,0
2026-09-09,9,10050,0,4,6013_2,2,451,236,215,0
2026-09-09,9,10050,0,5,6212_2,2,473,247,226,0
2026-09-09,9,10050,0,6,6205_2,3,757,266,245,0
2026-09-09,9,10050,0,7,6187_3,3,757,266,245,0
2026-09-09,9,10050,0,8,6011_2,4,1186,315,282,1
2026-09-09,9,10050,0,9,6018_2,4,1210,321,288,3
2026-09-09,9,10050,0,10,6190_2,4,1322,349,316,4
2026-09-09,9,10050,0,11,6171_2,4,1150,306,273,1
2026-09-09,9,10050,0,12,6014_3,4,626,175,142,0
2026-09-09,9,10050,1,4,6018_1,1,46,46,46,0
2026-09-09,9,10050,1,5,6011_3,2,10,10,0,0
2026-09-09,9,10050,1,6,6187_2,2,46,28,18,0
2026-09-09,9,10050,1,7,6205_1,2,42,26,16,0
2026-09-09,9,10050,1,8,6212_1,2,112,61,51,0
2026-09-09,9,10050,1,9,6013_1,3,112,47,23,0
2026-09-09,9,10050,1,10,93_2,3,313,114,90,0
2026-09-09,9,10050,1,11,6016_2,3,367,132,108,0
2026-09-09,9,10050,1,12,91_4,3,532,187,163,0
2026-09-09,9,10051,1,13,6016_2,1,215,215,215,0
2026-09-09,9,10051,1,14,91_4,1,270,270,270,0
2026-09-09,9,10053,0,63,6327_9,2,656,329,327,2
2026-09-09,9,10053,0,64,6349_9,4,1200,329,245,2
2026-09-09,9,10053,0,65,6265_9,4,1240,339,255,3
2026-09-09,9,10053,0,66,6316_9,4,1240,339,255,3
2026-09-09,9,10053,0,67,6291_9,4,1240,339,255,3
2026-09-09,9,10053,0,68,6340_1,4,1240,339,255,3
2026-09-09,9,10053,0,69,6309_9,4,1240,339,255,3
2026-09-09,9,10053,0,70,6321_9,4,1240,339,255,3
2026-09-09,9,10053,0,71,6278_9,4,1240,339,255,3
2026-09-09,9,10053,0,72,6350_1,4,1240,339,255,3
2026-09-09,9,10053,1,2,6278_1,1,0,0,0,0
2026-09-09,9,10053,1,3,6321_1,1,0,0,0,0
2026-09-09,9,10053,1,4,6309_1,1,0,0,0,0
2026-09-09,9,10053,1,5,6340_9,1,0,0,0,0
2026-09-09,9,10053,1,6,6291_1,1,0,0,0,0
2026-09-09,9,10053,1,7,6316_1,1,0,0,0,0
2026-09-09,9,10053,1,8,6265_1,1,0,0,0,0
2026-09-09,9,10053,1,9,6349_1,1,0,0,0,0
2026-09-09,9,10053,1,10,6327_1,1,0,0,0,0
2026-09-09,9,10053,1,11,6297_9,1,0,0,0,0
2026-09-09,9,10053,1,12,6369_9,1,0,0,0,0
2026-09-09,9,10054,0,3,6271_9,1,59,59,59,0
2026-09-09,9,10054,0,4,6292_1,1,0,0,0,0
2026-09-09,9,10054,1,1,6292_1,1,17,17,17,0
2026-09-09,9,10054,1,2,6271_1,1,75,75,75,0
2026-09-09,9,10054,1,3,6402_1,2,148,85,63,0
2026-09-09,9,10054,1,4,6403_1,2,294,158,136,0
2026-09-09,9,10054,1,5,6293_1,2,24,23,1,0
2026-09-09,9,10059,0,2,7841_4,2,116,67,49,0
2026-09-09,9,10059,0,3,6170_2,2,180,99,81,0
2026-09-09,9,10059,0,4,6902_2,3,268,114,68,0
2026-09-09,9,10059,0,5,6006_2,4,537,182,97,0
2026-09-09,9,10059,0,6,6229_2,4,569,190,105,0
2026-09-09,9,10059,0,7,6074_2,4,477,167,82,0
2026-09-09,9,10059,0,8,6169_2,4,201,98,13,0
2026-09-09,9,10059,0,9,6260_1,4,293,121,36,0
2026-09-09,9,10059,0,10,7475_1,2,14,14,0,0
2026-09-09,9,10059,1,3,6169_1,1,118,118,118,0
2026-09-09,9,10059,1,4,6405_1,1,154,154,154,0
2026-09-09,9,10059,1,5,6074_1,1,159,159,159,0
2026-09-09,9,10059,1,6,6229_1,2,294,170,124,0
2026-09-09,9,10059,1,7,6006_1,2,330,188,142,0
2026-09-09,9,10059,1,8,6902_1,3,654,261,178,0
2026-09-09,9,10059,1,9,6170_1,3,666,265,182,0
2026-09-09,9,10059,1,10,7841_2,4,854,268,179,0
2026-09-09,9,10059,1,11,91_3,4,374,148,59,0
2026-09-09,9,10060,1,1,6015_1,1,18,18,18,0
2026-09-09,9,10060,1,2,6249_1,1,66,66,66,0
2026-09-09,9,10060,1,3,6248_1,1,57,57,57,0
2026-09-09,9,10060,1,4,6067_1,2,39,27,12,0
2026-09-09,9,10060,1,5,6172_1,2,61,38,23,0
2026-09-09,9,10060,1,6,6017_1,2,131,73,58,0
2026-09-09,9,10060,1,7,6011_1,2,125,70,55,0
2026-09-09,9,10060,1,8,6187_2,2,229,122,107,0
2026-09-09,9,10060,1,9,6205_1,2,235,125,110,0
2026-09-09,9,10060,1,10,6212_1,1,145,145,145,0
2026-09-09,9,10060,1,11,6013_1,2,247,136,111,0
2026-09-09,9,10060,1,12,94_2,3,182,65,58,0
2026-09-09,9,10060,1,13,95_1,3,128,49,37,0
2026-09-09,9,10060,1,14,6228_1,5,439,105,70,0
2026-09-09,9,10060,1,15,243_1,6,521,111,52,0
2026-09-09,9,10060,1,16,6041_1,6,689,139,80,0
2026-09-09,9,10060,1,17,6162_1,6,539,114,55,0
2026-09-09,9,10060,1,18,6160_1,5,582,143,84,0
2026-09-09,9,10060,1,19,6001_1,4,430,132,73,0
2026-09-09,9,10060,1,20,6161_1,4,422,130,71,0
2026-09-09,9,10060,1,21,446_3,4,394,123,64,0
2026-09-09,9,10060,1,22,6166_1,5,608,166,75,0
2026-09-09,9,10060,1,23,6143_1,5,539,148,64,0
2026-09-09,9,10060,1,24,6241_1,6,775,160,96,0
2026-09-09,9,10060,1,25,9_2,7,864,199,41,0
2026-09-09,9,10060,1,26,8_3,8,916,187,29,0
2026-09-09,9,10060,1,27,6_1,8,1388,246,88,0
2026-09-09,9,10060,1,28,902_1,5,833,230,72,0
2026-09-09,9,10060,1,29,5_1,4,737,224,166,0
2026-09-09,9,10060,1,30,4_1,4,821,245,187,0
2026-09-09,9,10060,1,31,6059_1,4,1145,326,268,1
2026-09-09,9,10060,1,32,3_1,5,1328,326,183,1
2026-09-09,9,10060,1,33,73_1,5,908,272,75,0
2026-09-09,9,10060,1,34,128_1,5,1056,296,99,0
2026-09-09,9,10060,1,35,114_5,1,72,72,72,0
2026-09-09,9,10061,0,1,3_1,1,197,197,197,0
2026-09-09,9,10061,0,2,73_1,2,240,151,89,0
2026-09-09,9,10061,0,3,128_1,3,507,219,113,0
2026-09-09,9,10061,0,4,114_5,3,426,192,86,0
2026-09-09,9,10061,0,5,3_3,3,414,188,82,0
2026-09-09,9,10061,0,6,4_5,3,639,263,157,0
2026-09-09,9,10061,0,7,5_3,4,816,270,156,0
2026-09-09,9,10061,0,8,902_2,4,719,246,131,0
2026-09-09,9,10061,0,9,6_2,5,783,260,60,0
2026-09-09,9,10061,0,10,8_1,6,974,247,91,0
2026-09-09,9,10061,0,11,9_5,6,392,138,0,0
2026-09-09,9,10061,0,12,6241_2,4,286,114,31,0
2026-09-09,9,10061,0,13,6143_2,4,198,92,9,0
2026-09-09,9,10061,0,14,6166_2,4,178,87,4,0
2026-09-09,9,10061,0,15,446_4,4,150,79,0,0
2026-09-09,9,10061,0,16,6161_2,4,218,96,17,0
2026-09-09,9,10061,0,17,6001_2,4,294,115,36,0
2026-09-09,9,10061,0,18,6160_2,4,246,103,24,0
2026-09-09,9,10061,0,19,6162_2,5,310,97,30,0
2026-09-09,9,10061,0,20,6041_2,5,461,129,59,0
2026-09-09,9,10061,0,21,243_2,5,421,142,37,0
2026-09-09,9,10061,0,22,6228_2,6,417,127,27,0
2026-09-09,9,10061,0,23,95_2,5,147,80,0,0
2026-09-09,9,10061,0,24,94_3,7,385,114,32,0
2026-09-09,9,10061,0,25,6013_2,8,229,90,8,0
2026-09-09,9,10061,0,26,6212_2,8,325,101,21,0
2026-09-09,9,10061,0,27,6205_2,6,295,75,40,0
2026-09-09,9,10061,0,28,6187_3,4,205,75,36,0
2026-09-09,9,10061,0,29,6011_4,4,500,310,56,1
2026-09-09,9,10061,0,30,6017_2,5,1003,379,89,2
2026-09-09,9,10061,0,31,6172_2,5,971,371,85,2
2026-09-09,9,10061,0,32,6067_2,6,1632,423,131,3
2026-09-09,9,10061,0,33,6248_2,6,1516,400,108,3
2026-09-09,9,10061,0,34,6249_2,7,1860,464,88,4
2026-09-09,9,10061,0,35,6015_2,6,1108,350,0,1
2026-09-09,9,10064,1,3,6300_1,1,77,77,77,0
2026-09-09,9,10064,1,4,6152_9,1,77,77,77,0
2026-09-09,9,10064,1,5,6073_1,2,115,77,38,0
2026-09-09,9,10064,1,6,6188_9,2,115,77,38,0
2026-09-09,9,10064,1,7,6043_1,2,115,77,38,0
2026-09-09,9,10064,1,8,6019_1,1,0,0,0,0
2026-09-09,9,10064,1,9,6020_1,1,44,44,44,0
2026-09-09,9,10064,1,10,6106_1,1,77,77,77,0
2026-09-09,9,10064,1,11,6229_1,1,112,112,112,0
2026-09-09,9,10064,1,11,6134_1,1,65,65,65,0
2026-09-09,9,10064,1,12,6006_1,1,130,130,130,0
2026-09-09,9,10064,1,12,6196_1,1,98,98,98,0
2026-09-09,9,10064,1,13,6902_1,2,377,203,174,0
2026-09-09,9,10064,1,13,6263_1,1,66,66,66,0
2026-09-09,9,10064,1,14,6170_1,3,561,207,176,0
2026-09-09,9,10064,1,14,6169_1,1,10,10,10,0
2026-09-09,9,10064,1,15,7841_2,3,570,210,179,0
2026-09-09,9,10064,1,15,6405_1,1,46,46,46,0
2026-09-09,9,10064,1,16,91_2,4,317,113,57,0
2026-09-09,9,10064,1,16,6074_1,1,41,41,41,0
2026-09-09,9,10064,1,17,6229_1,1,22,22,22,0
2026-09-09,9,10068,0,2,73_1,1,497,497,497,1
2026-09-09,9,10068,0,3,128_1,2,1108,587,521,2
2026-09-09,9,10068,0,4,114_5,3,943,369,254,2
2026-09-09,9,10068,0,5,3_3,3,931,365,250,2
2026-09-09,9,10068,0,6,4_3,3,865,343,228,1
2026-09-09,9,10068,0,7,254_2,3,754,306,191,1
2026-09-09,9,10068,0,8,53_3,3,766,310,195,1
2026-09-09,9,10068,0,9,253_2,3,724,296,181,0
2026-09-09,9,10068,0,10,186_2,4,922,300,185,1
2026-09-09,9,10068,0,11,252_2,4,1196,366,256,2
2026-09-09,9,10068,0,12,150_2,4,1104,343,233,1
2026-09-09,9,10068,0,13,151_2,2,541,271,270,0
2026-09-09,9,10068,0,20,608_2,1,0,0,0,0
2026-09-09,9,10068,0,21,609_2,1,0,0,0,0
2026-09-09,9,10068,0,22,610_2,1,0,0,0,0
2026-09-09,9,10068,0,23,765_2,2,95,48,47,0
2026-09-09,9,10068,0,24,7717_2,2,31,16,15,0
2026-09-09,9,10068,0,25,6023_1,3,108,51,28,0
2026-09-09,9,10068,0,26,210_2,3,75,40,17,0
2026-09-09,9,10068,0,27,211_2,2,11,11,0,0
2026-09-09,9,10068,0,28,212_2,2,112,66,46,0
2026-09-09,9,10068,0,29,615_2,2,201,111,90,0
2026-09-09,9,10068,0,30,7213_2,2,119,70,49,0
2026-09-09,9,10068,0,31,214_2,1,0,0,0,0
2026-09-09,9,10068,0,32,215_2,1,0,0,0,0
2026-09-09,9,10068,0,33,216_2,1,49,49,49,0
2026-09-09,9,10068,0,34,752_2,1,39,39,39,0
2026-09-09,9,10068,0,35,7217_2,1,0,0,0,0
2026-09-09,9,10068,0,36,422_1,1,45,45,45,0
2026-09-09,9,10068,0,37,421_1,1,57,57,57,0
2026-09-09,9,10068,0,40,418_1,1,482,482,482,1
2026-09-09,9,10068,0,41,440_1,2,969,490,479,2
2026-09-09,9,10068,0,42,6236_1,3,1673,570,546,3
2026-09-09,9,10068,0,43,6109_1,3,1397,478,454,3
2026-09-09,9,10068,1,5,419_2,1,213,213,213,0
2026-09-09,9,10068,1,6,6163_2,2,393,201,192,0
2026-09-09,9,10068,1,7,421_2,2,427,218,209,0
2026-09-09,9,10068,1,8,422_2,3,424,148,137,0
2026-09-09,9,10068,1,9,7217_1,3,379,133,122,0
2026-09-09,9,10068,1,10,752_1,4,553,157,102,0
2026-09-09,9,10068,1,11,216_1,4,533,152,97,0
2026-09-09,9,10068,1,12,215_1,4,453,132,77,0
2026-09-09,9,10068,1,13,214_1,4,561,159,104,0
2026-09-09,9,10068,1,14,7213_1,4,581,164,109,0
2026-09-09,9,10068,1,15,615_1,4,829,232,169,0
2026-09-09,9,10068,1,16,212_1,4,677,206,119,0
2026-09-09,9,10068,1,17,211_1,4,825,237,174,0
2026-09-09,9,10068,1,18,210_1,4,941,266,203,0
2026-09-09,9,10068,1,19,6023_3,3,1359,477,431,3
2026-09-09,9,10068,1,23,609_1,1,479,479,479,1
2026-09-09,9,10068,1,24,608_1,1,537,537,537,1
2026-09-09,9,10068,1,25,607_1,2,1122,566,556,2
2026-09-09,9,10068,1,26,606_1,3,1661,567,537,3
2026-09-09,9,10068,1,27,249_1,3,1493,511,481,3
2026-09-09,9,10068,1,28,250_1,4,1898,493,459,4
2026-09-09,9,10068,1,29,251_1,4,1918,498,464,4
2026-09-09,9,10068,1,30,152_2,4,2238,578,544,4
2026-09-09,9,10068,1,31,151_1,4,2454,632,598,4
2026-09-09,9,10068,1,32,150_1,4,3070,786,752,4
2026-09-09,9,10068,1,33,252_1,4,3178,813,779,4
2026-09-09,9,10068,1,34,186_1,4,2666,685,651,4
2026-09-09,9,10068,1,35,253_1,4,2686,690,656,4
2026-09-09,9,10068,1,36,53_1,3,2095,713,689,3
2026-09-09,9,10072,0,5,55_4,1,251,251,251,0
2026-09-09,9,10072,0,6,69_2,3,577,201,182,0
2026-09-09,9,10072,0,7,68_2,4,917,286,200,0
2026-09-09,9,10072,0,8,67_2,4,893,280,194,0
2026-09-09,9,10072,0,9,65_2,4,1117,336,250,1
2026-09-09,9,10072,0,10,204_2,4,1033,315,229,1
2026-09-09,9,10072,0,11,255_2,4,1257,371,285,2
2026-09-09,9,10072,0,12,205_2,4,1073,325,239,1
2026-09-09,9,10072,0,13,206_2,4,1005,308,222,1
2026-09-09,9,10072,0,14,863_3,4,477,176,90,0
2026-09-09,9,10072,0,15,209_2,4,681,227,141,0
2026-09-09,9,10072,0,16,210_2,1,698,698,698,1
2026-09-09,9,10072,0,17,211_2,2,1327,676,651,2
2026-09-09,9,10072,0,18,212_2,3,2103,722,684,3
2026-09-09,9,10072,0,19,615_2,3,2235,766,728,3
2026-09-09,9,10072,0,20,7213_2,4,2821,725,687,4
2026-09-09,9,10072,0,21,214_2,4,2301,595,557,4
2026-09-09,9,10072,0,22,215_2,4,2293,593,555,4
2026-09-09,9,10072,0,23,216_2,4,2489,642,604,4
2026-09-09,9,10072,0,24,752_2,4,2449,632,594,4
2026-09-09,9,10072,0,25,7217_2,4,2241,580,542,4
2026-09-09,9,10072,0,26,422_1,4,2421,625,587,4
2026-09-09,9,10072,0,27,421_1,4,2469,637,599,4
2026-09-09,9,10072,0,28,6163_1,4,2493,643,605,4
2026-09-09,9,10072,0,29,419_1,4,2521,650,612,4
2026-09-09,9,10072,0,30,418_1,4,2684,684,655,4
2026-09-09,9,10072,0,31,440_1,3,2005,681,659,3
2026-09-09,9,10072,0,32,6236_1,4,2948,748,726,4
2026-09-09,9,10072,0,33,6109_1,4,2571,656,634,4
2026-09-09,9,10075,1,8,7213_1,1,77,77,77,0
2026-09-09,9,10075,1,9,615_1,1,145,145,145,0
2026-09-09,9,10075,1,10,212_1,2,229,119,110,0
2026-09-09,9,10075,1,11,211_1,3,405,150,114,0
2026-09-09,9,10075,1,12,210_1,4,676,184,143,0
2026-09-09,9,10075,1,13,209_1,4,1072,283,242,0
2026-09-09,9,10075,1,14,863_1,4,856,229,188,0
2026-09-09,9,10075,1,15,206_1,4,848,227,186,0
2026-09-09,9,10075,1,16,205_1,4,976,259,218,0
2026-09-09,9,10075,1,17,255_1,4,1036,274,233,0
2026-09-09,9,10075,1,18,204_1,4,1080,285,244,0
2026-09-09,9,10075,1,19,65_1,4,1208,317,276,3
2026-09-09,9,10075,1,20,67_1,4,1516,394,353,4
2026-09-09,9,10075,1,21,68_1,4,1552,403,362,4
2026-09-09,9,10075,1,23,55_1,1,239,239,239,0
2026-09-09,9,10075,1,24,56_1,2,514,277,237,0
2026-09-09,9,10075,1,25,57_1,3,882,314,264,2
2026-09-09,9,10075,1,26,59_1,3,738,266,216,0
2026-09-09,9,10075,1,27,61_2,4,1279,339,289,3
2026-09-09,9,10080,1,9,423_1,1,242,242,242,0
2026-09-09,9,10080,1,10,422_1,2,481,242,239,0
2026-09-09,9,10080,1,11,421_3,3,681,242,200,0
2026-09-09,10,10032,0,28,95_2,4,682,192,141,0
2026-09-09,10,10032,0,29,94_3,4,820,226,177,0
2026-09-09,10,10032,0,30,93_2,4,616,175,126,0
2026-09-09,10,10032,0,31,6016_2,4,688,193,144,0
2026-09-09,10,10032,0,32,91_1,4,70,35,0,0
2026-09-09,10,10032,0,33,6016_1,4,257,86,45,0
2026-09-09,10,10032,0,34,93_1,4,327,108,49,0
2026-09-09,10,10032,0,35,94_1,4,411,117,85,0
2026-09-09,10,10032,0,36,6242_1,4,483,135,103,0
2026-09-09,10,10032,0,37,6064_1,4,359,104,72,0
2026-09-09,10,10032,0,38,6255_2,4,440,124,93,0
2026-09-09,10,10032,0,39,6256_2,4,450,124,102,0
2026-09-09,10,10032,0,40,6094_2,4,454,144,82,0
2026-09-09,10,10032,0,41,6244_2,4,300,109,40,0
2026-09-09,10,10032,0,42,6257_2,4,197,82,13,0
2026-09-09,10,10032,0,43,6240_2,4,307,109,40,0
2026-09-09,10,10032,0,44,6258_2,4,375,128,59,0
2026-09-09,10,10032,0,45,6225_2,4,287,106,37,0
2026-09-09,10,10032,0,46,6181_2,4,279,104,35,0
2026-09-09,10,10032,0,47,6246_2,4,343,120,51,0
2026-09-09,10,10032,0,48,6206_2,4,270,102,32,0
2026-09-09,10,10032,0,49,6176_2,4,294,108,38,0
2026-09-09,10,10032,0,50,6200_3,4,346,121,51,0
2026-09-09,10,10032,0,51,6042_2,4,232,93,22,0
2026-09-09,10,10032,0,52,6031_2,4,84,51,0,0
2026-09-09,10,10032,0,53,6039_1,1,0,0,0,0
2026-09-09,10,10032,1,52,59_1,2,590,303,287,1
2026-09-09,10,10032,1,53,61_1,4,593,197,107,0
2026-09-09,10,10033,1,12,91_3,1,0,0,0,0
2026-09-09,10,10047,1,31,6241_1,4,611,168,141,0
2026-09-09,10,10047,1,32,9_2,4,523,157,86,0
2026-09-09,10,10047,1,33,6057_1,4,535,160,89,0
2026-09-09,10,10047,1,34,6069_1,4,595,175,104,0
2026-09-09,10,10047,1,35,6102_1,4,818,237,166,0
2026-09-09,10,10047,1,36,6070_2,4,712,208,137,0
2026-09-09,10,10047,1,37,393_1,4,910,266,195,0
2026-09-09,10,10047,1,38,114_1,4,497,166,82,0
2026-09-09,10,10047,1,39,114_3,4,665,208,124,0
2026-09-09,10,10047,1,40,3_1,4,1269,359,275,3
2026-09-09,10,10047,1,41,73_1,4,957,305,208,1
2026-09-09,10,10047,1,42,72_2,4,1101,341,244,1
2026-09-09,10,10047,1,43,55_1,4,1081,336,239,1
2026-09-09,10,10047,1,44,56_1,4,1083,339,237,1
2026-09-09,10,10047,1,45,57_1,4,1159,366,262,1
2026-09-09,10,10047,1,46,59_1,4,990,318,216,1
2026-09-09,10,10047,1,47,61_1,4,566,212,110,0
2026-09-09,10,10053,1,13,6344_1,1,0,0,0,0
2026-09-09,10,10053,1,14,6282_9,1,0,0,0,0
2026-09-09,10,10053,1,15,6371_9,1,0,0,0,0
2026-09-09,10,10053,1,16,6370_1,1,0,0,0,0
2026-09-09,10,10053,1,17,6348_1,1,0,0,0,0
2026-09-09,10,10053,1,18,6277_9,1,0,0,0,0
2026-09-09,10,10053,1,19,6275_9,1,0,0,0,0
2026-09-09,10,10053,1,20,6329_9,1,0,0,0,0
2026-09-09,10,10053,1,21,6366_1,1,0,0,0,0
2026-09-09,10,10053,1,22,6368_1,1,0,0,0,0
2026-09-09,10,10053,1,23,6356_1,1,0,0,0,0
2026-09-09,10,10053,1,24,6375_9,1,0,0,0,0
2026-09-09,10,10053,1,25,6346_1,1,0,0,0,0
2026-09-09,10,10053,1,26,6358_1,1,0,0,0,0
2026-09-09,10,10053,1,27,6345_9,1,10,10,10,0
2026-09-09,10,10053,1,28,6360_9,1,10,10,10,0
2026-09-09,10,10053,1,29,6357_9,1,10,10,10,0
2026-09-09,10,10053,1,30,6294_9,1,10,10,10,0
2026-09-09,10,10053,1,31,6347_1,1,10,10,10,0
2026-09-09,10,10053,1,32,6367_1,1,10,10,10,0
2026-09-09,10,10053,1,33,6332_9,1,10,10,10,0
2026-09-09,10,10053,1,34,6353_9,1,10,10,10,0
2026-09-09,10,10053,1,35,6355_1,1,10,10,10,0
2026-09-09,10,10053,1,36,6301_1,1,10,10,10,0
2026-09-09,10,10053,1,37,6289_1,1,10,10,10,0
2026-09-09,10,10053,1,38,6300_1,1,10,10,10,0
2026-09-09,10,10053,1,39,6152_9,1,10,10,10,0
2026-09-09,10,10053,1,40,6073_1,1,10,10,10,0
2026-09-09,10,10053,1,41,6188_9,1,10,10,10,0
2026-09-09,10,10053,1,42,6043_1,1,10,10,10,0
2026-09-09,10,10053,1,43,6020_1,1,10,10,10,0
2026-09-09,10,10053,1,44,6106_1,1,43,43,43,0
2026-09-09,10,10060,1,18,6160_1,1,131,131,131,0
2026-09-09,10,10060,1,19,6001_1,2,217,120,97,0
2026-09-09,10,10060,1,20,6161_1,2,213,118,95,0
2026-09-09,10,10060,1,21,446_3,2,199,111,88,0
2026-09-09,10,10060,1,22,6166_1,2,221,122,99,0
2026-09-09,10,10060,1,23,6143_1,2,199,111,88,0
2026-09-09,10,10060,1,24,6241_1,2,263,143,120,0
2026-09-09,10,10060,1,25,9_2,2,197,132,65,0
2026-09-09,10,10060,1,26,8_3,2,173,120,53,0
2026-09-09,10,10060,1,27,6_1,2,291,179,112,0
2026-09-09,10,10060,1,28,902_1,5,686,163,96,0
2026-09-09,10,10060,1,29,5_1,6,722,157,66,0
2026-09-09,10,10060,1,30,4_1,6,848,178,87,0
2026-09-09,10,10060,1,31,6059_1,6,974,199,108,0
2026-09-09,10,10060,1,32,3_1,6,974,199,108,0
2026-09-09,10,10060,1,33,73_1,6,566,145,65,0
2026-09-09,10,10060,1,34,128_1,6,766,169,89,0
2026-09-09,10,10060,1,35,114_5,10,613,149,2,0
2026-09-09,10,10061,0,11,9_5,1,180,180,180,0
2026-09-09,10,10061,0,12,6241_2,3,503,211,123,0
2026-09-09,10,10061,0,13,6143_2,3,437,189,101,0
2026-09-09,10,10061,0,14,6166_2,3,422,184,96,0
2026-09-09,10,10061,0,15,446_4,3,398,176,88,0
2026-09-09,10,10061,0,16,6161_2,3,449,193,105,0
2026-09-09,10,10061,0,17,6001_2,3,506,212,124,0
2026-09-09,10,10061,0,18,6160_2,3,470,200,112,0
2026-09-09,10,10061,0,19,6162_2,3,488,206,118,0
2026-09-09,10,10061,0,20,6041_2,3,575,235,147,0
2026-09-09,10,10061,0,21,243_2,3,509,213,125,0
2026-09-09,10,10061,0,22,6228_2,3,474,203,110,0
2026-09-09,10,10061,0,23,95_2,3,307,143,63,0
2026-09-09,10,10061,0,24,94_3,3,231,117,37,0
2026-09-09,10,10061,0,25,6013_2,3,159,93,13,0
2026-09-09,10,10061,0,26,6212_2,3,196,106,24,0
2026-09-09,10,10061,0,27,6205_2,5,432,125,43,0
2026-09-09,10,10061,0,28,6187_3,7,501,125,36,0
2026-09-09,10,10061,0,29,6011_4,7,620,145,56,0
2026-09-09,10,10061,0,30,6017_2,6,750,178,89,0
2026-09-09,10,10061,0,31,6172_2,7,799,174,81,0
2026-09-09,10,10061,0,32,6067_2,7,729,156,63,0
2026-09-09,10,10061,0,33,6248_2,7,612,135,40,0
2026-09-09,10,10061,0,34,6249_2,7,472,115,20,0
2026-09-09,10,10061,0,35,6015_2,6,165,61,0,0
2026-09-09,10,10064,1,18,6006_1,1,34,34,34,0
2026-09-09,10,10064,1,19,6902_1,2,203,102,101,0
2026-09-09,10,10064,1,20,6170_1,1,106,106,106,0
2026-09-09,10,10064,1,21,7841_2,2,235,126,109,0
2026-09-09,10,10064,1,22,91_2,1,0,0,0,0
2026-09-09,10,10068,0,13,151_2,2,711,380,331,2
2026-09-09,10,10068,0,14,152_3,4,1004,318,208,1
2026-09-09,10,10068,0,15,251_2,4,980,312,202,1
2026-09-09,10,10068,0,16,250_2,4,984,313,203,1
2026-09-09,10,10068,0,17,249_2,4,872,285,175,0
2026-09-09,10,10068,0,18,606_2,4,868,284,174,0
2026-09-09,10,10068,0,19,607_2,4,880,287,177,0
2026-09-09,10,10068,0,20,608_2,4,810,275,144,0
2026-09-09,10,10068,0,21,609_2,4,732,260,111,0
2026-09-09,10,10068,0,22,610_2,4,648,246,83,0
2026-09-09,10,10068,0,23,765_2,4,863,317,131,1
2026-09-09,10,10068,0,24,7717_2,4,723,273,99,0
2026-09-09,10,10068,0,25,6023_1,4,775,286,112,0
2026-09-09,10,10068,0,26,210_2,4,731,275,101,0
2026-09-09,10,10068,0,27,211_2,4,629,246,79,0
2026-09-09,10,10068,0,28,212_2,4,822,301,125,1
2026-09-09,10,10068,0,29,615_2,4,999,346,169,1
2026-09-09,10,10068,0,30,7213_2,4,835,305,128,1
2026-09-09,10,10068,0,31,214_2,4,317,175,0,0
2026-09-09,10,10068,0,32,215_2,4,311,173,0,0
2026-09-09,10,10068,0,33,216_2,4,507,222,49,0
2026-09-09,10,10068,0,34,752_2,4,467,212,39,0
2026-09-09,10,10068,0,35,7217_2,4,272,160,0,0
2026-09-09,10,10068,0,36,422_1,4,452,205,45,0
2026-09-09,10,10068,0,37,421_1,4,500,217,57,0
2026-09-09,10,10068,0,38,6163_1,5,587,223,63,0
2026-09-09,10,10068,0,39,419_1,5,622,230,70,0
2026-09-09,10,10068,0,40,418_1,6,932,273,104,0
2026-09-09,10,10068,0,41,440_1,7,1045,277,101,0
2026-09-09,10,10068,0,42,6236_1,8,1686,338,168,1
2026-09-09,10,10068,0,43,6109_1,8,932,237,76,0
2026-09-09,10,10068,1,19,6023_3,1,494,494,494,1
2026-09-09,10,10068,1,20,7717_1,4,1925,512,449,4
2026-09-09,10,10068,1,21,765_1,4,2173,574,511,4
2026-09-09,10,10068,1,22,610_1,4,1845,492,429,4
2026-09-09,10,10068,1,23,609_1,4,1919,509,448,4
2026-09-09,10,10068,1,24,608_1,4,2160,567,509,4
2026-09-09,10,10068,1,25,607_1,4,2206,586,513,4
2026-09-09,10,10068,1,26,606_1,4,2224,587,528,4
2026-09-09,10,10068,1,27,249_1,4,1972,531,444,4
2026-09-09,10,10068,1,28,250_1,4,1900,513,426,4
2026-09-09,10,10068,1,29,251_1,4,1920,518,431,4
2026-09-09,10,10068,1,30,152_2,4,2240,598,511,4
2026-09-09,10,10068,1,31,151_1,4,2456,652,565,4
2026-09-09,10,10068,1,32,150_1,4,3072,806,719,4
2026-09-09,10,10068,1,33,252_1,4,3180,833,746,4
2026-09-09,10,10068,1,34,186_1,4,2668,705,618,4
2026-09-09,10,10068,1,35,253_1,4,2688,710,623,4
2026-09-09,10,10068,1,36,53_1,5,3543,743,656,5
2026-09-09,10,10068,1,37,254_1,8,6094,800,713,8
2026-09-09,10,10068,1,38,4_4,8,5678,748,661,8
2026-09-09,10,10068,1,39,6059_1,8,5454,720,633,8
2026-09-09,10,10068,1,40,3_1,8,5934,780,693,8
2026-09-09,10,10068,1,41,73_1,8,5310,684,642,8
2026-09-09,10,10068,1,42,128_1,8,5558,736,666,8
2026-09-09,10,10068,1,43,114_5,8,3422,469,399,8
2026-09-09,10,10072,0,16,210_2,4,915,282,196,0
2026-09-09,10,10072,0,17,211_2,4,813,253,167,0
2026-09-09,10,10072,0,18,212_2,4,1006,308,213,1
2026-09-09,10,10072,0,19,615_2,4,1183,353,257,1
2026-09-09,10,10072,0,20,7213_2,4,1019,312,216,1
2026-09-09,10,10072,0,21,214_2,4,499,182,86,0
2026-09-09,10,10072,0,22,215_2,4,491,180,84,0
2026-09-09,10,10072,0,23,216_2,4,687,229,133,0
2026-09-09,10,10072,0,24,752_2,4,647,219,123,0
2026-09-09,10,10072,0,25,7217_2,4,439,167,71,0
2026-09-09,10,10072,0,26,422_1,4,619,212,116,0
2026-09-09,10,10072,0,27,421_1,4,667,224,128,0
2026-09-09,10,10072,0,28,6163_1,4,691,230,134,0
2026-09-09,10,10072,0,29,419_1,4,719,237,141,0
2026-09-09,10,10072,0,30,418_1,4,882,280,184,0
2026-09-09,10,10072,0,31,440_1,4,884,284,188,0
2026-09-09,10,10072,0,32,6236_1,4,1146,345,255,1
2026-09-09,10,10072,0,33,6109_1,4,769,244,163,0
2026-09-09,10,10075,1,22,69_1,4,1104,291,250,0
2026-09-09,10,10075,1,23,55_1,4,1282,341,300,4
2026-09-09,10,10075,1,24,56_1,4,1284,344,303,4
2026-09-09,10,10075,1,25,57_1,3,1021,352,330,3
2026-09-09,10,10075,1,26,59_1,4,1191,314,282,2
2026-09-09,10,10075,1,27,61_2,4,1483,387,355,4
2026-09-09,11,10053,1,45,6134_1,1,31,31,31,0
2026-09-09,11,10053,1,46,6196_1,1,64,64,64,0
2026-09-09,11,10053,1,47,6263_1,1,32,32,32,0
2026-09-09,11,10053,1,48,6260_1,1,32,32,32,0
2026-09-09,11,10053,1,49,7475_2,1,32,32,32,0
2026-09-09,11,10053,1,50,474_1,1,32,32,32,0
2026-09-09,11,10053,1,51,473_1,1,32,32,32,0
2026-09-09,11,10053,1,52,472_1,1,32,32,32,0
2026-09-09,11,10053,1,53,7471_1,1,32,32,32,0
2026-09-09,11,10053,1,54,39_1,1,32,32,32,0
2026-09-09,11,10053,1,55,40_1,1,32,32,32,0
2026-09-09,11,10053,1,56,21_1,1,32,32,32,0
2026-09-09,11,10053,1,57,42_1,1,32,32,32,0
2026-09-09,11,10053,1,58,43_1,1,32,32,32,0
2026-09-09,11,10053,1,59,44_1,1,32,32,32,0
2026-09-09,11,10053,1,60,18_1,2,39,32,7,0
2026-09-09,11,10053,1,61,17_1,2,39,32,7,0
2026-09-09,11,10053,1,62,16_1,2,39,32,7,0
2026-09-09,11,10053,1,63,15_1,2,39,32,7,0
2026-09-09,11,10053,1,64,14_1,2,39,32,7,0
2026-09-09,11,10053,1,65,448_1,2,39,32,7,0
2026-09-09,11,10053,1,66,447_1,2,39,32,7,0
2026-09-09,11,10053,1,67,6158_1,2,59,42,17,0
2026-09-09,11,10053,1,68,446_3,2,59,42,17,0
2026-09-09,11,10053,1,69,6166_1,2,85,53,32,0
2026-09-09,11,10053,1,70,6143_1,2,56,42,14,0
2026-09-09,11,10053,1,71,6241_1,2,64,46,18,0
2026-09-09,11,10053,1,72,9_1,2,64,46,18,0
2026-09-09,14,10032,0,2,59_4,1,121,121,121,0
2026-09-09,14,10032,0,3,57_2,2,209,149,60,0
2026-09-09,14,10032,0,4,56_2,3,300,163,63,0
2026-09-09,14,10032,0,5,55_2,3,432,207,107,0
2026-09-09,14,10032,0,6,72_1,3,777,322,222,1
2026-09-09,14,10032,0,7,73_2,3,927,372,272,1
2026-09-09,14,10032,0,8,73_3,3,984,391,291,2
2026-09-09,14,10032,0,9,3_2,3,1293,494,394,3
2026-09-09,14,10032,0,10,114_4,4,1694,533,350,4
2026-09-09,14,10032,0,11,393_2,4,1990,647,384,4
2026-09-09,14,10032,0,12,6070_3,4,1943,634,376,4
2026-09-09,14,10032,0,13,6102_2,4,1891,621,363,4
2026-09-09,14,10032,0,14,6069_2,4,1971,641,383,4
2026-09-09,14,10032,0,15,6057_2,4,1816,609,342,4
2026-09-09,14,10032,0,16,9_5,3,1001,459,268,1
2026-09-09,14,10032,0,17,6241_2,2,644,325,319,2
2026-09-09,14,10032,0,18,6143_2,2,618,312,306,2
2026-09-09,14,10032,0,19,6166_2,2,638,322,316,2
2026-09-09,14,10032,0,36,6242_1,1,285,285,285,0
2026-09-09,14,10032,0,37,6064_1,1,256,256,256,0
2026-09-09,14,10032,0,38,6255_2,2,557,288,269,0
2026-09-09,14,10032,0,39,6256_2,3,926,323,299,2
2026-09-09,14,10032,0,40,6094_2,3,842,295,271,0
2026-09-09,14,10032,0,41,6244_2,3,803,282,258,0
2026-09-09,14,10032,0,42,6257_2,4,1012,267,243,0
2026-09-09,14,10032,0,43,6240_2,4,1120,294,270,0
2026-09-09,14,10032,0,44,6258_2,4,1044,275,251,0
2026-09-09,14,10032,0,45,6225_2,4,988,261,237,0
2026-09-09,14,10032,0,46,6181_2,4,916,243,219,0
2026-09-09,14,10032,0,47,6246_2,4,1012,267,243,0
2026-09-09,14,10032,0,48,6206_2,4,936,248,224,0
2026-09-09,14,10032,0,49,6176_2,4,956,253,229,0
2026-09-09,14,10032,0,50,6200_3,4,1144,300,276,1
2026-09-09,14,10032,0,51,6042_2,4,1004,265,241,0
2026-09-09,14,10032,0,52,6031_2,4,900,239,215,0
2026-09-09,14,10032,0,53,6039_1,4,572,157,133,0
2026-09-09,14,10032,1,27,6228_1,1,51,51,51,0
2026-09-09,14,10032,1,28,243_1,1,88,88,88,0
2026-09-09,14,10032,1,29,6041_1,1,128,128,128,0
2026-09-09,14,10032,1,30,6162_1,2,161,95,66,0
2026-09-09,14,10032,1,31,6160_1,2,221,125,96,0
2026-09-09,14,10032,1,32,6001_1,3,244,107,59,0
2026-09-09,14,10032,1,33,6161_1,3,223,100,52,0
2026-09-09,14,10032,1,34,446_3,3,43,36,0,0
2026-09-09,14,10032,1,35,6166_1,3,163,76,40,0
2026-09-09,14,10032,1,36,6143_1,3,100,55,19,0
2026-09-09,14,10032,1,37,6241_1,3,85,50,14,0
2026-09-09,14,10032,1,38,9_2,2,6,6,0,0
2026-09-09,14,10032,1,39,6057_1,2,40,23,17,0
2026-09-09,14,10032,1,40,6069_1,2,34,20,14,0
2026-09-09,14,10032,1,41,6102_1,2,3,3,0,0
2026-09-09,14,10032,1,42,6070_2,1,0,0,0,0
2026-09-09,14,10032,1,43,393_1,1,62,62,62,0
2026-09-09,14,10032,1,44,114_1,1,0,0,0,0
2026-09-09,14,10032,1,45,114_3,1,55,55,55,0
2026-09-09,14,10032,1,46,3_1,1,153,153,153,0
2026-09-09,14,10032,1,47,73_1,1,84,84,84,0
2026-09-09,14,10032,1,48,72_2,2,272,140,132,0
2026-09-09,14,10032,1,49,55_1,2,218,113,105,0
2026-09-09,14,10032,1,50,56_1,2,278,143,135,0
2026-09-09,14,10032,1,51,57_1,2,402,205,197,0
2026-09-09,14,10035,0,3,6170_2,1,68,68,68,0
2026-09-09,14,10035,0,4,6902_2,1,84,84,84,0
2026-09-09,14,10035,0,5,6006_2,1,124,124,124,0
2026-09-09,14,10035,0,6,6229_2,2,272,142,130,0
2026-09-09,14,10035,0,7,6074_2,3,332,119,106,0
2026-09-09,14,10035,0,8,6169_2,3,197,74,61,0
2026-09-09,14,10035,0,9,6263_2,4,340,93,80,0
2026-09-09,14,10035,0,10,6196_2,4,472,126,113,0
2026-09-09,14,10035,0,11,6134_2,4,520,138,125,0
2026-09-09,14,10035,0,12,6106_2,4,500,133,120,0
2026-09-09,14,10035,0,13,6020_9,4,460,123,110,0
2026-09-09,14,10035,0,14,6019_1,4,44,19,6,0
2026-09-09,14,10035,0,15,6073_2,4,252,71,58,0
2026-09-09,14,10035,0,16,6148_2,4,48,20,7,0
2026-09-09,14,10035,0,17,6036_2,4,204,59,46,0
2026-09-09,14,10035,0,18,6150_2,4,132,41,28,0
2026-09-09,14,10035,0,19,6122_9,4,204,59,46,0
2026-09-09,14,10035,0,20,6147_2,4,204,59,46,0
2026-09-09,14,10035,0,21,6145_1,4,204,59,46,0
2026-09-09,14,10035,0,22,6144_1,4,204,59,46,0
2026-09-09,14,10035,0,23,6149_1,4,140,43,30,0
2026-09-09,14,10035,0,24,6149_9,4,112,36,23,0
2026-09-09,14,10047,0,9,94_3,1,4,4,4,0
2026-09-09,14,10047,0,10,114_4,1,635,635,635,1
2026-09-09,14,10047,0,10,6242_1,2,131,69,62,0
2026-09-09,14,10047,0,11,393_2,2,1404,749,655,2
2026-09-09,14,10047,0,11,6064_1,2,68,35,33,0
2026-09-09,14,10047,0,12,6070_3,3,1900,736,522,3
2026-09-09,14,10047,0,12,6255_2,3,163,67,31,0
2026-09-09,14,10047,0,13,6102_2,4,2378,723,509,4
2026-09-09,14,10047,0,13,6256_2,3,268,102,66,0
2026-09-09,14,10047,0,14,6069_2,4,2458,743,529,4
2026-09-09,14,10047,0,14,6094_2,4,217,74,33,0
2026-09-09,14,10047,0,15,6057_2,4,2303,711,488,4
2026-09-09,14,10047,0,15,6244_2,4,148,61,3,0
2026-09-09,14,10047,0,16,9_5,4,2039,653,414,4
2026-09-09,14,10047,0,16,6257_2,4,100,46,0,0
2026-09-09,14,10047,0,17,6241_2,4,2243,704,465,4
2026-09-09,14,10047,0,17,6240_2,4,208,73,27,0
2026-09-09,14,10047,0,18,6143_2,4,2191,691,452,4
2026-09-09,14,10047,0,18,6258_2,4,132,54,8,0
2026-09-09,14,10047,0,19,6166_2,4,2208,678,462,4
2026-09-09,14,10047,0,19,6225_2,4,82,40,0,0
2026-09-09,14,10047,0,20,446_4,4,2410,714,498,4
2026-09-09,14,10047,0,20,6181_2,3,42,22,0,0
2026-09-09,14,10047,0,21,6161_2,4,2420,718,502,4
2026-09-09,14,10047,0,21,6246_2,3,114,46,24,0
2026-09-09,14,10047,0,22,6001_2,4,2516,741,525,4
2026-09-09,14,10047,0,22,6206_2,3,57,27,5,0
2026-09-09,14,10047,0,23,6160_2,4,2400,712,496,4
2026-09-09,14,10047,0,23,6176_2,3,72,32,10,0
2026-09-09,14,10047,0,24,6162_2,4,2416,716,500,4
2026-09-09,14,10047,0,24,6200_3,3,213,79,57,0
2026-09-09,14,10047,0,25,6041_2,4,2528,744,528,4
2026-09-09,14,10047,0,25,6042_2,3,108,44,22,0
2026-09-09,14,10047,0,26,243_2,4,2492,735,519,4
2026-09-09,14,10047,0,26,6031_2,3,34,18,0,0
2026-09-09,14,10047,0,27,6228_2,4,2460,727,511,4
2026-09-09,14,10047,0,27,6039_1,1,0,0,0,0
2026-09-09,14,10047,0,28,95_2,4,2412,715,499,4
2026-09-09,14,10047,0,29,94_3,4,2321,690,477,4
2026-09-09,14,10047,0,30,6242_1,4,2505,748,511,4
2026-09-09,14,10047,0,31,6064_1,4,2384,719,482,4
2026-09-09,14,10047,0,32,6255_2,4,2515,751,511,4
2026-09-09,14,10047,0,33,6256_2,4,2634,786,546,4
2026-09-09,14,10047,0,34,6094_2,4,2542,758,518,4
2026-09-09,14,10047,0,35,6244_2,4,2473,745,505,4
2026-09-09,14,10047,0,36,6257_2,4,2413,730,490,4
2026-09-09,14,10047,0,37,6240_2,4,2521,757,517,4
2026-09-09,14,10047,0,38,6258_2,4,2445,738,498,4
2026-09-09,14,10047,0,39,6225_2,4,2389,724,484,4
2026-09-09,14,10047,0,40,6181_2,4,2317,706,466,4
2026-09-09,14,10047,0,41,6246_2,4,2413,730,490,4
2026-09-09,14,10047,0,42,6206_2,4,2337,711,471,4
2026-09-09,14,10047,0,43,6176_2,3,1641,634,476,3
2026-09-09,14,10047,0,44,6200_3,2,1101,578,523,2
2026-09-09,14,10047,0,45,6042_2,1,488,488,488,1
2026-09-09,14,10047,0,46,6031_2,1,462,462,462,1
2026-09-09,14,10047,1,1,6039_1,1,0,0,0,0
2026-09-09,14,10047,1,2,6031_1,1,61,61,61,0
2026-09-09,14,10047,1,3,6042_1,1,28,28,28,0
2026-09-09,14,10047,1,4,6200_1,1,36,36,36,0
2026-09-09,14,10047,1,5,6176_1,1,38,38,38,0
2026-09-09,14,10047,1,6,6206_1,1,36,36,36,0
2026-09-09,14,10047,1,7,6246_1,1,52,52,52,0
2026-09-09,14,10047,1,8,6181_1,1,21,21,21,0
2026-09-09,14,10047,1,9,6225_1,1,12,12,12,0
2026-09-09,14,10047,1,10,6258_1,1,0,0,0,0
2026-09-09,14,10047,1,11,6240_1,1,4,4,4,0
2026-09-09,14,10047,1,12,6257_1,1,33,33,33,0
2026-09-09,14,10047,1,13,6244_1,1,38,38,38,0
2026-09-09,14,10047,1,14,6094_1,1,20,20,20,0
2026-09-09,14,10047,1,15,6256_1,1,14,14,14,0
2026-09-09,14,10047,1,16,6255_1,1,13,13,13,0
2026-09-09,14,10047,1,17,6064_2,1,37,37,37,0
2026-09-09,14,10047,1,18,6242_2,1,38,38,38,0
2026-09-09,14,10047,1,19,94_2,1,0,0,0,0
2026-09-09,14,10047,1,20,95_1,1,0,0,0,0
2026-09-09,14,10047,1,21,6228_1,1,38,38,38,0
2026-09-09,14,10047,1,22,243_1,1,50,50,50,0
2026-09-09,14,10047,1,23,6041_1,1,83,83,83,0
2026-09-09,14,10047,1,24,6162_1,1,52,52,52,0
2026-09-09,14,10047,1,25,6160_1,1,59,59,59,0
2026-09-09,14,10047,1,26,6001_1,1,45,45,45,0
2026-09-09,14,10047,1,27,6161_1,1,36,36,36,0
2026-09-09,14,10047,1,28,446_3,1,0,0,0,0
2026-09-09,14,10047,1,29,6166_1,1,40,40,40,0
2026-09-09,14,10047,1,30,6143_1,1,19,19,19,0
2026-09-09,14,10047,1,31,6241_1,1,14,14,14,0
2026-09-09,14,10047,1,42,72_2,2,372,190,182,0
2026-09-09,14,10047,1,43,55_1,2,318,163,155,0
2026-09-09,14,10047,1,44,56_1,2,378,193,185,0
2026-09-09,14,10047,1,45,57_1,2,502,255,247,0
2026-09-09,14,10047,1,46,59_1,2,440,224,216,0
2026-09-09,14,10047,1,47,61_1,2,90,49,41,0
2026-09-09,14,10049,1,14,6094_1,1,18,18,18,0
2026-09-09,14,10049,1,15,6256_1,1,20,20,20,0
2026-09-09,14,10049,1,16,6255_1,2,66,34,32,0
2026-09-09,14,10049,1,17,6064_2,3,151,59,35,0
2026-09-09,14,10049,1,18,6242_2,3,151,59,35,0
2026-09-09,14,10049,1,19,94_4,4,179,56,32,0
2026-09-09,14,10049,1,20,93_2,4,183,57,33,0
2026-09-09,14,10049,1,21,6016_2,4,159,51,27,0
2026-09-09,14,10049,1,22,91_1,4,251,74,50,0
2026-09-09,14,10051,0,2,6016_1,1,34,34,34,0
2026-09-09,14,10051,0,3,93_1,1,27,27,27,0
2026-09-09,14,10051,0,4,6013_2,2,76,58,18,0
2026-09-09,14,10051,0,5,6212_2,2,82,61,21,0
2026-09-09,14,10051,0,6,6205_2,3,192,88,32,0
2026-09-09,14,10051,0,7,6187_3,3,206,89,44,0
2026-09-09,14,10051,0,8,6011_4,4,378,129,51,0
2026-09-09,14,10051,0,9,6017_2,4,432,141,66,0
2026-09-09,14,10051,0,10,6172_2,4,364,130,43,0
2026-09-09,14,10051,0,11,6067_2,4,334,124,35,0
2026-09-09,14,10051,0,12,6248_2,4,274,109,20,0
2026-09-09,14,10051,0,13,6249_2,4,194,89,0,0
2026-09-09,14,10051,0,14,6015_2,3,48,36,0,0
2026-09-09,14,10051,1,4,6067_1,1,0,0,0,0
2026-09-09,14,10051,1,5,6172_1,1,0,0,0,0
2026-09-09,14,10051,1,6,6017_1,2,18,14,4,0
2026-09-09,14,10051,1,7,6011_1,2,14,12,2,0
2026-09-09,14,10051,1,8,6187_2,3,177,95,36,0
2026-09-09,14,10051,1,9,6205_1,4,275,96,37,0
2026-09-09,14,10051,1,10,6212_1,4,327,109,50,0
2026-09-09,14,10051,1,11,6013_1,4,219,82,23,0
2026-09-09,14,10051,1,12,93_2,4,431,135,76,0
2026-09-09,14,10051,1,13,6016_2,4,407,129,70,0
2026-09-09,14,10051,1,14,91_4,4,671,195,136,0
2026-09-09,14,10054,0,1,6293_1,1,4,4,4,0
2026-09-09,14,10054,0,2,6402_9,3,124,87,7,0
2026-09-09,14,10054,0,3,6271_9,3,70,55,0,0
2026-09-09,14,10054,0,4,6292_1,2,0,0,0,0
2026-09-09,14,10054,1,1,6292_1,1,64,64,64,0
2026-09-09,14,10054,1,2,6271_1,2,360,238,122,0
2026-09-09,14,10054,1,3,6402_1,2,352,234,118,0
2026-09-09,14,10054,1,4,6403_1,2,508,312,196,1
2026-09-09,14,10054,1,5,6293_1,2,240,178,62,0
2026-09-09,14,10056,0,1,707_1,1,5,5,5,0
2026-09-09,14,10056,0,2,18_2,1,5,5,5,0
2026-09-09,14,10056,0,3,44_2,1,5,5,5,0
2026-09-09,14,10056,0,4,43_2,1,5,5,5,0
2026-09-09,14,10056,0,5,42_2,1,5,5,5,0
2026-09-09,14,10056,0,6,21_2,1,5,5,5,0
2026-09-09,14,10056,0,7,40_2,1,5,5,5,0
2026-09-09,14,10056,0,8,39_2,1,5,5,5,0
2026-09-09,14,10056,0,9,7471_2,1,65,65,65,0
2026-09-09,14,10056,0,10,472_2,1,65,65,65,0
2026-09-09,14,10056,0,11,473_2,1,125,125,125,0
2026-09-09,14,10056,0,12,474_2,1,185,185,185,0
2026-09-09,14,10056,0,13,7475_3,1,185,185,185,0
2026-09-09,14,10056,0,14,6260_2,1,185,185,185,0
2026-09-09,14,10056,0,15,6263_2,1,185,185,185,0
2026-09-09,14,10056,0,16,6196_2,1,218,218,218,0
2026-09-09,14,10056,0,17,6134_2,1,230,230,230,0
2026-09-09,14,10056,0,18,6106_2,1,225,225,225,0
2026-09-09,14,10056,0,19,6020_9,1,215,215,215,0
2026-09-09,14,10056,0,20,6019_1,1,111,111,111,0
2026-09-09,14,10059,0,4,6902_2,1,128,128,128,0
2026-09-09,14,10059,0,5,6006_2,1,168,168,168,0
2026-09-09,14,10059,0,6,6229_2,2,371,186,185,0
2026-09-09,14,10059,0,7,6074_2,2,325,163,162,0
2026-09-09,14,10059,0,8,6169_2,3,354,119,117,0
2026-09-09,14,10059,0,9,6260_1,3,432,145,143,0
2026-09-09,14,10059,0,10,7475_1,4,93,32,0,0
2026-09-09,14,10059,1,2,6260_2,1,83,83,83,0
2026-09-09,14,10059,1,3,6169_1,1,93,93,93,0
2026-09-09,14,10059,1,4,6405_1,2,251,126,125,0
2026-09-09,14,10059,1,5,6074_1,2,251,126,125,0
2026-09-09,14,10059,1,6,6229_1,2,237,119,118,0
2026-09-09,14,10059,1,7,6006_1,3,356,123,111,0
2026-09-09,14,10059,1,8,6902_1,3,476,163,151,0
2026-09-09,14,10059,1,9,6170_1,4,530,141,120,0
2026-09-09,14,10059,1,10,7841_2,4,526,140,119,0
2026-09-09,14,10059,1,11,91_3,1,0,0,0,0
2026-09-09,14,10060,1,1,6015_1,1,4,4,4,0
2026-09-09,14,10060,1,2,6249_1,1,32,32,32,0
2026-09-09,14,10060,1,3,6248_1,1,28,28,28,0
2026-09-09,14,10060,1,4,6067_1,2,34,27,7,0
2026-09-09,14,10060,1,5,6172_1,2,26,23,3,0
2026-09-09,14,10060,1,6,6017_1,2,26,23,3,0
2026-09-09,14,10060,1,7,6011_1,2,106,63,43,0
2026-09-09,14,10060,1,8,6187_2,2,173,96,77,0
2026-09-09,14,10060,1,9,6205_1,2,175,97,78,0
2026-09-09,14,10060,1,10,6212_1,2,201,110,91,0
2026-09-09,14,10060,1,11,6013_1,2,147,83,64,0
2026-09-09,14,10060,1,12,94_2,3,123,71,0,0
2026-09-09,14,10060,1,13,95_1,3,121,70,0,0
2026-09-09,14,10060,1,14,6228_1,5,373,108,49,0
2026-09-09,14,10060,1,15,243_1,6,498,120,40,0
2026-09-09,14,10060,1,16,6041_1,6,703,153,73,0
2026-09-09,14,10060,1,17,6162_1,6,513,122,42,0
2026-09-09,14,10060,1,18,6160_1,6,601,129,49,0
2026-09-09,14,10060,1,19,6001_1,6,501,115,35,0
2026-09-09,14,10060,1,20,6161_1,6,455,106,26,0
2026-09-09,14,10060,1,21,446_3,5,119,41,0,0
2026-09-09,14,10060,1,22,6166_1,5,319,81,40,0
2026-09-09,14,10060,1,23,6143_1,5,214,60,19,0
2026-09-09,14,10060,1,24,6241_1,5,189,55,14,0
2026-09-09,14,10060,1,25,9_2,4,22,11,0,0
2026-09-09,14,10060,1,26,8_3,4,12,8,0,0
2026-09-09,14,10060,1,27,6_1,5,104,26,18,0
2026-09-09,14,10060,1,28,902_1,7,186,46,1,0
2026-09-09,14,10060,1,29,5_1,5,13,12,0,0
2026-09-09,14,10060,1,30,4_1,3,123,49,37,0
2026-09-09,14,10060,1,31,6059_1,3,207,77,65,0
2026-09-09,14,10060,1,32,3_1,3,207,77,65,0
2026-09-09,14,10060,1,33,73_1,3,8,8,0,0
2026-09-09,14,10060,1,34,128_1,7,656,130,47,0
2026-09-09,14,10060,1,35,114_5,4,74,37,0,0
2026-09-09,14,10061,0,3,128_1,2,0,0,0,0
2026-09-09,14,10061,0,4,114_5,2,0,0,0,0
2026-09-09,14,10061,0,5,3_3,3,0,0,0,0
2026-09-09,14,10061,0,6,4_5,3,0,0,0,0
2026-09-09,14,10061,0,7,5_3,3,0,0,0,0
2026-09-09,14,10061,0,8,902_2,3,0,0,0,0
2026-09-09,14,10061,0,9,6_2,3,0,0,0,0
2026-09-09,14,10061,0,10,8_1,3,0,0,0,0
2026-09-09,14,10061,0,11,9_5,3,0,0,0,0
2026-09-09,14,10061,0,12,6241_2,3,0,0,0,0
2026-09-09,14,10061,0,13,6143_2,3,0,0,0,0
2026-09-09,14,10061,0,14,6166_2,4,54,54,0,0
2026-09-09,14,10061,0,15,446_4,6,208,118,0,0
2026-09-09,14,10061,0,16,6161_2,6,216,122,0,0
2026-09-09,14,10061,0,17,6001_2,6,262,145,0,0
2026-09-09,14,10061,0,18,6160_2,7,415,211,0,0
2026-09-09,14,10061,0,19,6162_2,7,427,215,0,0
2026-09-09,14,10061,0,20,6041_2,7,511,243,0,0
2026-09-09,14,10061,0,21,243_2,7,484,234,0,0
2026-09-09,14,10061,0,22,6228_2,7,460,226,0,0
2026-09-09,14,10061,0,23,95_2,7,424,214,0,0
2026-09-09,14,10061,0,24,94_3,7,355,192,0,0
2026-09-09,14,10061,0,25,6013_2,7,370,197,0,0
2026-09-09,14,10061,0,26,6212_2,8,490,203,0,0
2026-09-09,14,10061,0,27,6205_2,8,533,213,0,0
2026-09-09,14,10061,0,28,6187_3,9,963,404,0,1
2026-09-09,14,10061,0,29,6011_4,9,1031,411,0,1
2026-09-09,14,10061,0,30,6017_2,8,1380,430,0,2
2026-09-09,14,10061,0,31,6172_2,8,1416,407,0,2
2026-09-09,14,10061,0,32,6067_2,7,1784,414,88,3
2026-09-09,14,10061,0,33,6248_2,8,2086,407,73,4
2026-09-09,14,10061,0,34,6249_2,8,1926,387,53,4
2026-09-09,14,10061,0,35,6015_2,8,1502,334,0,4
2026-09-09,14,10063,1,1,6222_1,4,0,0,0,0
2026-09-09,14,10063,1,2,6034_2,4,0,0,0,0
2026-09-09,14,10063,1,3,6182_1,4,0,0,0,0
2026-09-09,14,10063,1,4,6250_1,4,0,0,0,0
2026-09-09,14,10063,1,5,6264_1,4,0,0,0,0
2026-09-09,14,10063,1,6,6259_1,4,0,0,0,0
2026-09-09,14,10063,1,7,6164_2,4,0,0,0,0
2026-09-09,14,10063,1,8,6254_2,4,0,0,0,0
2026-09-09,14,10063,1,9,6253_1,4,0,0,0,0
2026-09-09,14,10063,1,10,6010_9,4,0,0,0,0
2026-09-09,14,10063,1,11,6153_1,4,0,0,0,0
2026-09-09,14,10063,1,12,6089_1,3,0,0,0,0
2026-09-09,14,10064,0,19,6300_2,1,70,70,70,0
2026-09-09,14,10064,0,20,6289_9,1,45,45,45,0
2026-09-09,14,10064,0,21,6301_9,1,59,59,59,0
2026-09-09,14,10064,1,6,6019_2,1,17,17,17,0
2026-09-09,14,10064,1,7,6020_1,1,54,54,54,0
2026-09-09,14,10064,1,8,6106_1,2,91,63,28,0
2026-09-09,14,10064,1,9,6134_1,2,73,54,19,0
2026-09-09,14,10064,1,10,6196_1,3,124,69,21,0
2026-09-09,14,10064,1,11,6263_1,4,108,48,0,0
2026-09-09,14,10064,1,12,6169_1,3,61,31,0,0
2026-09-09,14,10064,1,13,6405_1,3,158,63,33,0
2026-09-09,14,10064,1,14,6074_1,3,162,63,37,0
2026-09-09,14,10064,1,15,6229_1,3,129,56,18,0
2026-09-09,14,10064,1,16,6006_1,4,156,60,15,0
2026-09-09,14,10064,1,17,6902_1,4,318,100,57,0
2026-09-09,14,10064,1,18,6170_1,4,230,78,35,0
2026-09-09,14,10064,1,19,7841_2,4,226,77,34,0
2026-09-09,14,10064,1,20,91_2,1,0,0,0,0
2026-09-09,14,10068,0,9,253_2,1,108,108,108,0
2026-09-09,14,10068,0,10,186_2,1,78,78,78,0
2026-09-09,14,10068,0,11,252_2,2,307,171,136,0
2026-09-09,14,10068,0,12,150_2,3,576,220,171,0
2026-09-09,14,10068,0,13,151_2,3,624,236,187,0
2026-09-09,14,10068,0,14,152_3,3,501,195,146,0
2026-09-09,14,10068,0,15,251_2,3,459,181,132,0
2026-09-09,14,10068,0,16,250_2,3,384,156,107,0
2026-09-09,14,10068,0,17,249_2,3,261,115,66,0
2026-09-09,14,10068,0,18,606_2,3,225,103,54,0
2026-09-09,14,10068,0,19,607_2,3,294,126,77,0
2026-09-09,14,10068,0,20,608_2,3,219,101,52,0
2026-09-09,14,10068,0,21,609_2,3,204,96,47,0
2026-09-09,14,10068,0,22,610_2,3,240,108,59,0
2026-09-09,14,10068,0,23,765_2,3,405,163,114,0
2026-09-09,14,10068,0,24,7717_2,3,246,110,61,0
2026-09-09,14,10068,0,25,6023_1,3,372,152,103,0
2026-09-09,14,10068,0,26,210_2,4,862,325,153,1
2026-09-09,14,10068,0,27,211_2,4,840,332,135,1
2026-09-09,14,10068,0,28,212_2,4,860,342,135,1
2026-09-09,14,10068,0,29,615_2,5,1385,395,193,2
2026-09-09,14,10068,0,30,7213_2,7,1579,347,145,1
2026-09-09,14,10068,0,31,214_2,8,1357,281,79,0
2026-09-09,14,10068,0,32,215_2,8,1365,282,80,0
2026-09-09,14,10068,0,33,216_2,8,1613,313,111,1
2026-09-09,14,10068,0,34,752_2,8,1557,306,104,1
2026-09-09,14,10068,0,35,7217_2,8,1245,267,65,0
2026-09-09,14,10068,0,36,422_1,7,1268,293,91,0
2026-09-09,14,10068,0,37,421_1,4,1045,313,226,1
2026-09-09,14,10068,0,38,6163_1,4,1061,317,230,1
2026-09-09,14,10068,0,39,419_1,4,973,295,208,0
2026-09-09,14,10068,0,40,418_1,4,1168,352,254,2
2026-09-09,14,10068,0,41,440_1,4,1161,345,254,2
2026-09-09,14,10068,0,42,6236_1,4,1345,393,302,4
2026-09-09,14,10068,0,43,6109_1,4,951,294,203,0
2026-09-09,14,10068,1,1,6109_1,1,0,0,0,0
2026-09-09,14,10068,1,2,6236_2,1,39,39,39,0
2026-09-09,14,10068,1,3,440_2,1,49,49,49,0
2026-09-09,14,10068,1,4,418_2,1,128,128,128,0
2026-09-09,14,10068,1,5,419_2,1,100,100,100,0
2026-09-09,14,10068,1,6,6163_2,1,98,98,98,0
2026-09-09,14,10068,1,7,421_2,1,119,119,119,0
2026-09-09,14,10068,1,8,422_2,1,96,96,96,0
2026-09-09,14,10068,1,9,7217_1,1,73,73,73,0
2026-09-09,14,10068,1,10,752_1,1,108,108,108,0
2026-09-09,14,10068,1,11,216_1,1,101,101,101,0
2026-09-09,14,10068,1,12,215_1,1,120,120,120,0
2026-09-09,14,10068,1,13,214_1,1,111,111,111,0
2026-09-09,14,10068,1,14,7213_1,1,115,115,115,0
2026-09-09,14,10068,1,15,615_1,2,369,215,154,0
2026-09-09,14,10068,1,16,212_1,2,341,202,139,0
2026-09-09,14,10068,1,17,211_1,3,770,294,206,0
2026-09-09,14,10068,1,18,210_1,4,1123,336,217,2
2026-09-09,14,10068,1,19,6023_3,5,2091,490,348,5
2026-09-09,14,10068,1,20,7717_1,4,1692,484,342,4
2026-09-09,14,10068,1,21,765_1,4,1796,510,368,4
2026-09-09,14,10068,1,22,610_1,4,1456,425,283,3
2026-09-09,14,10068,1,23,609_1,4,1532,444,302,4
2026-09-09,14,10068,1,24,608_1,4,1760,501,359,4
2026-09-09,14,10068,1,25,607_1,4,1836,520,378,4
2026-09-09,14,10068,1,26,606_1,4,1780,506,364,4
2026-09-09,14,10068,1,27,249_1,4,1436,420,278,3
2026-09-09,14,10068,1,28,250_1,4,1540,446,304,4
2026-09-09,14,10068,1,29,251_1,4,1400,411,269,3
2026-09-09,14,10068,1,30,152_2,4,1500,436,294,3
2026-09-09,14,10068,1,31,151_1,4,1708,488,346,4
2026-09-09,14,10068,1,32,150_1,4,1820,516,374,4
2026-09-09,14,10068,1,33,252_1,4,2156,600,458,4
2026-09-09,14,10068,1,34,186_1,4,2072,579,437,4
2026-09-09,14,10068,1,35,253_1,5,2129,558,222,4
2026-09-09,14,10068,1,36,53_1,5,2056,554,218,4
2026-09-09,14,10068,1,37,254_1,6,2501,614,229,4
2026-09-09,14,10068,1,38,4_4,6,1779,499,113,3
2026-09-09,14,10068,1,39,6059_1,6,1040,338,49,1
2026-09-09,14,10068,1,40,3_1,4,650,225,109,0
2026-09-09,14,10068,1,41,73_1,4,374,156,40,0
2026-09-09,14,10068,1,42,128_1,4,759,203,162,0
2026-09-09,14,10068,1,43,114_5,1,0,0,0,0
2026-09-09,14,10072,0,1,61_2,1,0,0,0,0
2026-09-09,14,10072,0,2,59_4,2,43,25,18,0
2026-09-09,14,10072,0,3,57_2,3,140,53,41,0
2026-09-09,14,10072,0,4,56_2,3,182,67,55,0
2026-09-09,14,10072,0,5,55_4,3,824,281,269,0
2026-09-09,14,10072,0,6,69_2,3,518,179,167,0
2026-09-09,14,10072,0,7,68_2,3,674,231,219,0
2026-09-09,14,10072,0,8,67_2,3,494,171,159,0
2026-09-09,14,10072,0,9,65_2,3,770,263,251,0
2026-09-09,14,10072,0,10,204_2,3,596,205,193,0
2026-09-09,14,10072,0,11,255_2,3,674,231,219,0
2026-09-09,14,10072,0,12,205_2,4,669,180,148,0
2026-09-09,14,10072,0,13,206_2,4,595,161,139,0
2026-09-09,14,10072,0,14,863_3,5,376,106,41,0
2026-09-09,14,10072,0,15,209_2,6,437,115,16,0
2026-09-09,14,10072,0,16,210_2,4,418,161,62,0
2026-09-09,14,10072,0,17,211_2,3,293,168,44,0
2026-09-09,14,10072,0,18,212_2,3,303,178,44,0
2026-09-09,14,10072,0,19,615_2,4,606,231,102,0
2026-09-09,14,10072,0,20,7213_2,4,435,183,75,0
2026-09-09,14,10072,0,21,214_2,4,171,117,9,0
2026-09-09,14,10072,0,22,215_2,4,175,118,10,0
2026-09-09,14,10072,0,23,216_2,4,299,149,41,0
2026-09-09,14,10072,0,24,752_2,4,271,142,34,0
2026-09-09,14,10072,0,25,7217_2,4,120,103,0,0
2026-09-09,14,10072,0,26,422_1,4,224,129,26,0
2026-09-09,14,10072,0,27,421_1,4,304,149,46,0
2026-09-09,14,10072,0,28,6163_1,4,320,153,50,0
2026-09-09,14,10072,0,29,419_1,4,232,131,28,0
2026-09-09,14,10072,0,30,418_1,5,650,223,74,0
2026-09-09,14,10072,0,31,440_1,5,636,216,74,0
2026-09-09,14,10072,0,32,6236_1,6,1131,264,118,0
2026-09-09,14,10072,0,33,6109_1,7,700,165,21,0
2026-09-09,14,10072,1,4,418_2,1,102,102,102,0
2026-09-09,14,10072,1,5,419_2,1,107,107,107,0
2026-09-09,14,10072,1,6,6163_2,2,220,115,105,0
2026-09-09,14,10072,1,7,421_2,2,258,134,124,0
2026-09-09,14,10072,1,8,422_2,3,300,111,88,0
2026-09-09,14,10072,1,9,7217_1,3,231,88,65,0
2026-09-09,14,10072,1,10,752_1,3,336,123,100,0
2026-09-09,14,10072,1,11,216_1,3,315,116,93,0
2026-09-09,14,10072,1,12,215_1,3,372,135,112,0
2026-09-09,14,10072,1,13,214_1,3,345,126,103,0
2026-09-09,14,10072,1,14,7213_1,3,357,130,107,0
2026-09-09,14,10072,1,15,615_1,4,656,182,146,0
2026-09-09,14,10072,1,16,212_1,4,598,169,131,0
2026-09-09,14,10072,1,17,211_1,4,916,261,198,0
2026-09-09,14,10072,1,18,210_1,4,1053,303,209,1
2026-09-09,14,10072,1,19,209_1,5,2082,595,321,5
2026-09-09,14,10072,1,20,863_1,6,2360,562,260,5
2026-09-09,14,10072,1,21,206_1,7,3062,583,281,6
2026-09-09,14,10072,1,22,205_1,7,2815,551,226,5
2026-09-09,14,10072,1,23,255_1,8,3256,543,218,6
2026-09-09,14,10072,1,24,204_1,8,3680,596,271,7
2026-09-09,14,10072,1,25,65_1,8,3708,600,274,7
2026-09-09,14,10072,1,26,67_1,5,2856,697,379,5
2026-09-09,14,10072,1,27,68_1,4,2556,735,414,4
2026-09-09,14,10072,1,28,69_1,3,1848,637,595,3
2026-09-09,14,10072,1,29,55_1,3,2319,794,752,3
2026-09-09,14,10072,1,30,56_1,3,2409,824,782,3
2026-09-09,14,10072,1,31,57_1,3,2595,886,844,3
2026-09-09,14,10072,1,32,59_1,3,2502,855,813,3
2026-09-09,14,10072,1,33,61_2,3,2355,806,764,3
2026-09-09,14,10080,1,1,6079_1,1,0,0,0,0
2026-09-09,14,10080,1,2,6035_1,3,150,75,4,0
2026-09-09,14,10080,1,3,6180_1,3,46,25,0,0
2026-09-09,14,10080,1,4,6112_1,3,30,17,0,0
2026-09-09,14,10080,1,5,6168_1,3,67,64,0,0
2026-09-09,14,10080,1,6,427_1,3,235,120,56,0
2026-09-09,14,10080,1,7,428_1,3,253,126,62,0
2026-09-09,14,10080,1,8,427_2,3,415,180,116,0
2026-09-09,14,10080,1,9,426_1,3,454,193,129,0
2026-09-09,14,10080,1,10,425_3,3,538,221,157,0
2026-09-09,14,10080,1,11,424_1,3,694,273,209,0
2026-09-09,14,10080,1,12,423_1,3,568,231,167,0
2026-09-09,14,10080,1,13,422_1,3,364,163,99,0
2026-09-09,14,10080,1,14,421_3,3,187,104,40,0
2026-09-09,15,10032,0,16,9_5,1,551,551,551,1
2026-09-09,15,10032,0,17,6241_2,2,1112,602,510,2
2026-09-09,15,10032,0,18,6143_2,2,1086,589,497,2
2026-09-09,15,10032,0,19,6166_2,2,1083,576,507,2
2026-09-09,15,10032,0,20,446_4,4,1923,612,358,4
2026-09-09,15,10032,0,21,6161_2,4,1933,616,362,4
2026-09-09,15,10032,0,22,6001_2,4,2029,639,385,4
2026-09-09,15,10032,0,23,6160_2,4,1913,610,356,4
2026-09-09,15,10032,0,24,6162_2,4,1929,614,360,4
2026-09-09,15,10032,0,25,6041_2,4,2041,642,388,4
2026-09-09,15,10032,0,26,243_2,4,2005,633,379,4
2026-09-09,15,10032,0,27,6228_2,4,1973,625,371,4
2026-09-09,15,10032,0,28,95_2,4,1925,613,359,4
2026-09-09,15,10032,0,29,94_3,4,1834,588,337,4
2026-09-09,15,10032,0,30,93_2,4,1810,582,331,4
2026-09-09,15,10032,0,31,6016_2,4,1786,576,325,4
2026-09-09,15,10032,0,32,91_1,4,1398,479,228,2
2026-09-09,15,10032,0,33,6016_1,4,1522,510,259,3
2026-09-09,15,10032,0,34,93_1,4,1509,503,257,3
2026-09-09,15,10032,0,35,94_1,4,1565,517,271,3
2026-09-09,15,10032,0,36,6242_1,4,1558,519,268,3
2026-09-09,15,10032,0,37,6064_1,4,1437,490,239,2
2026-09-09,15,10032,0,38,6255_2,4,1568,522,268,3
2026-09-09,15,10032,0,39,6256_2,4,1687,557,303,4
2026-09-09,15,10032,0,40,6094_2,4,1595,529,275,3
2026-09-09,15,10032,0,41,6244_2,4,1526,516,262,3
2026-09-09,15,10032,0,42,6257_2,4,1466,501,247,2
2026-09-09,15,10032,0,43,6240_2,4,1574,528,274,3
2026-09-09,15,10032,0,44,6258_2,4,1498,509,255,2
2026-09-09,15,10032,0,45,6225_2,4,1442,495,241,2
2026-09-09,15,10032,0,46,6181_2,4,1370,477,223,2
2026-09-09,15,10032,0,47,6246_2,4,1466,501,247,2
2026-09-09,15,10032,0,48,6206_2,4,1390,482,228,2
2026-09-09,15,10032,0,49,6176_2,4,1410,487,233,2
2026-09-09,15,10032,0,50,6200_3,4,1598,534,280,3
2026-09-09,15,10032,0,51,6042_2,4,1458,499,245,2
2026-09-09,15,10032,0,52,6031_2,4,1354,473,219,2
2026-09-09,15,10032,0,53,6039_1,4,1026,391,137,2
2026-09-09,15,10032,1,52,59_1,2,340,174,166,0
2026-09-09,15,10032,1,53,61_1,1,0,0,0,0
2026-09-09,15,10047,0,43,6176_2,1,716,716,716,1
2026-09-09,15,10047,0,44,6200_3,2,1444,763,681,2
2026-09-09,15,10047,0,45,6042_2,3,1917,728,543,3
2026-09-09,15,10047,0,46,6031_2,3,1839,702,517,3
2026-09-09,15,10047,0,47,6039_1,4,1973,620,380,4
2026-09-09,15,10047,1,32,9_2,1,0,0,0,0
2026-09-09,15,10047,1,33,6057_1,1,17,17,17,0
2026-09-09,15,10047,1,34,6069_1,1,14,14,14,0
2026-09-09,15,10047,1,35,6102_1,1,0,0,0,0
2026-09-09,15,10047,1,36,6070_2,1,0,0,0,0
2026-09-09,15,10047,1,37,393_1,1,62,62,62,0
2026-09-09,15,10047,1,38,114_1,1,0,0,0,0
2026-09-09,15,10047,1,39,114_3,1,55,55,55,0
2026-09-09,15,10047,1,40,3_1,1,93,93,93,0
2026-09-09,15,10047,1,41,73_1,1,24,24,24,0
2026-09-09,15,10047,1,42,72_2,1,72,72,72,0
2026-09-09,15,10047,1,43,55_1,1,53,53,53,0
2026-09-09,15,10047,1,44,56_1,1,83,83,83,0
2026-09-09,15,10047,1,45,57_1,1,145,145,145,0
2026-09-09,15,10047,1,46,59_1,1,114,114,114,0
2026-09-09,15,10047,1,47,61_1,1,0,0,0,0
2026-09-09,15,10060,1,30,4_1,2,75,38,37,0
2026-09-09,15,10060,1,31,6059_1,2,131,66,65,0
2026-09-09,15,10060,1,32,3_1,2,131,66,65,0
2026-09-09,15,10060,1,33,73_1,1,0,0,0,0
2026-09-09,15,10060,1,34,128_1,1,122,122,122,0
2026-09-09,15,10060,1,35,114_5,1,0,0,0,0
2026-09-09,15,10061,0,30,6017_2,1,0,0,0,0
2026-09-09,15,10061,0,31,6172_2,2,0,0,0,0
2026-09-09,15,10061,0,32,6067_2,4,0,0,0,0
2026-09-09,15,10061,0,33,6248_2,4,0,0,0,0
2026-09-09,15,10061,0,34,6249_2,4,0,0,0,0
2026-09-09,15,10061,0,35,6015_2,4,0,0,0,0
2026-09-09,15,10063,1,12,6089_1,1,0,0,0,0
2026-09-09,15,10063,1,13,103_2,4,0,0,0,0
2026-09-09,15,10063,1,14,75_4,4,0,0,0,0
2026-09-09,15,10063,1,15,9_4,4,0,0,0,0
2026-09-09,15,10063,1,16,6057_1,4,0,0,0,0
2026-09-09,15,10063,1,17,6069_1,4,0,0,0,0
2026-09-09,15,10063,1,18,6102_1,4,0,0,0,0
2026-09-09,15,10063,1,19,6070_2,4,0,0,0,0
2026-09-09,15,10063,1,20,393_1,4,0,0,0,0
2026-09-09,15,10063,1,21,114_1,4,0,0,0,0
2026-09-09,15,10063,1,22,114_3,4,0,0,0,0
2026-09-09,15,10063,1,23,3_1,4,0,0,0,0
2026-09-09,15,10063,1,24,73_1,4,0,0,0,0
2026-09-09,15,10063,1,25,72_2,4,0,0,0,0
2026-09-09,15,10063,1,26,55_1,4,0,0,0,0
2026-09-09,15,10063,1,27,56_1,4,0,0,0,0
2026-09-09,15,10063,1,28,57_1,4,0,0,0,0
2026-09-09,15,10063,1,29,59_1,4,0,0,0,0
2026-09-09,15,10063,1,30,61_2,4,0,0,0,0
2026-09-09,15,10068,0,36,422_1,1,185,185,185,0
2026-09-09,15,10068,0,37,421_1,4,568,205,111,0
2026-09-09,15,10068,0,38,6163_1,4,584,209,115,0
2026-09-09,15,10068,0,39,419_1,4,496,187,93,0
2026-09-09,15,10068,0,40,418_1,4,691,244,139,0
2026-09-09,15,10068,0,41,440_1,4,684,237,139,0
2026-09-09,15,10068,0,42,6236_1,4,868,285,183,0
2026-09-09,15,10068,0,43,6109_1,4,474,186,84,0
2026-09-09,15,10068,1,20,7717_1,1,369,369,369,1
2026-09-09,15,10068,1,21,765_1,1,395,395,395,1
2026-09-09,15,10068,1,22,610_1,1,310,310,310,1
2026-09-09,15,10068,1,23,609_1,1,329,329,329,1
2026-09-09,15,10068,1,24,608_1,1,386,386,386,1
2026-09-09,15,10068,1,25,607_1,1,405,405,405,1
2026-09-09,15,10068,1,26,606_1,1,391,391,391,1
2026-09-09,15,10068,1,27,249_1,1,305,305,305,1
2026-09-09,15,10068,1,28,250_1,1,331,331,331,1
2026-09-09,15,10068,1,29,251_1,1,296,296,296,0
2026-09-09,15,10068,1,30,152_2,1,321,321,321,1
2026-09-09,15,10068,1,31,151_1,1,373,373,373,1
2026-09-09,15,10068,1,32,150_1,1,401,401,401,1
2026-09-09,15,10068,1,33,252_1,1,485,485,485,1
2026-09-09,15,10068,1,34,186_1,1,464,464,464,1
2026-09-09,15,10068,1,35,253_1,1,416,416,416,1
2026-09-09,15,10068,1,36,53_1,1,393,393,393,1
2026-09-09,15,10068,1,37,254_1,1,408,408,408,1
2026-09-09,15,10068,1,38,4_4,2,948,565,383,2
2026-09-09,15,10068,1,39,6059_1,3,1255,501,319,3
2026-09-09,15,10068,1,40,3_1,5,2185,561,352,5
2026-09-09,15,10068,1,41,73_1,5,1840,492,283,4
2026-09-09,15,10068,1,42,128_1,5,2347,539,405,5
2026-09-09,15,10068,1,43,114_5,5,811,302,51,1
2026-09-09,15,10072,0,16,210_2,2,295,151,144,0
2026-09-09,15,10072,0,17,211_2,3,337,133,78,0
2026-09-09,15,10072,0,18,212_2,3,337,133,78,0
2026-09-09,15,10072,0,19,615_2,3,506,191,136,0
2026-09-09,15,10072,0,20,7213_2,3,383,143,109,0
2026-09-09,15,10072,0,21,214_2,3,185,77,43,0
2026-09-09,15,10072,0,22,215_2,3,188,78,44,0
2026-09-09,15,10072,0,23,216_2,3,281,109,75,0
2026-09-09,15,10072,0,24,752_2,3,260,102,68,0
2026-09-09,15,10072,0,25,7217_2,3,143,63,29,0
2026-09-09,15,10072,0,26,422_1,3,221,89,55,0
2026-09-09,15,10072,0,27,421_1,3,281,109,75,0
2026-09-09,15,10072,0,28,6163_1,3,293,113,79,0
2026-09-09,15,10072,0,29,419_1,3,227,91,57,0
2026-09-09,15,10072,0,30,418_1,3,365,137,103,0
2026-09-09,15,10072,0,31,440_1,3,365,137,103,0
2026-09-09,15,10072,0,32,6236_1,3,501,181,147,0
2026-09-09,15,10072,0,33,6109_1,3,206,82,50,0
2026-09-09,15,10072,1,26,67_1,2,963,482,481,2
2026-09-09,15,10072,1,27,68_1,3,1523,520,484,3
2026-09-09,15,10072,1,28,69_1,4,1545,422,316,4
2026-09-09,15,10072,1,29,55_1,4,2173,579,473,4
2026-09-09,15,10072,1,30,56_1,4,2293,609,503,4
2026-09-09,15,10072,1,31,57_1,4,2541,671,565,4
2026-09-09,15,10072,1,32,59_1,4,2417,640,534,4
2026-09-09,15,10072,1,33,61_2,4,2221,591,485,4
2026-09-09,18,10002,0,9,125_2,1,132,132,132,0
2026-09-09,18,10002,0,10,126_2,1,132,132,132,0
2026-09-09,18,10032,0,1,61_1,1,0,0,0,0
2026-09-09,18,10032,0,20,446_4,1,24,24,24,0
2026-09-09,18,10032,0,21,6161_2,2,74,44,30,0
2026-09-09,18,10032,0,22,6001_2,2,158,86,72,0
2026-09-09,18,10047,0,44,6200_3,1,354,354,354,1
2026-09-09,18,10047,0,45,6042_2,1,316,316,316,1
2026-09-09,18,10047,0,46,6031_2,1,278,278,278,0
2026-09-09,18,10047,0,47,6039_1,1,207,207,207,0
2026-09-09,18,10049,0,8,6256_2,1,104,104,104,0
2026-09-09,18,10049,0,9,6094_2,1,88,88,88,0
2026-09-09,18,10049,0,10,6244_2,1,62,62,62,0
2026-09-09,18,10049,0,11,6257_2,2,60,45,15,0
2026-09-09,18,10049,0,12,6240_2,1,36,36,36,0
2026-09-09,18,10050,0,11,6171_2,1,273,273,273,0
2026-09-09,18,10050,0,12,6014_3,1,145,145,145,0
2026-09-09,18,10051,0,1,91_4,1,0,0,0,0
2026-09-09,18,10053,1,48,6260_1,1,0,0,0,0
2026-09-09,18,10053,1,49,7475_2,1,0,0,0,0
2026-09-09,18,10059,1,1,6019_1,1,0,0,0,0
2026-09-09,18,10059,1,1,7475_1,1,0,0,0,0
2026-09-09,18,10059,1,2,6020_1,2,109,82,27,0
2026-09-09,18,10059,1,2,6260_2,1,18,18,18,0
2026-09-09,18,10059,1,3,6169_1,2,107,59,48,0
2026-09-09,18,10060,1,4,6067_1,1,0,0,0,0
2026-09-09,18,10060,1,5,6172_1,2,39,20,19,0
2026-09-09,18,10060,1,21,446_3,1,1,1,1,0
2026-09-09,18,10060,1,22,6166_1,2,44,23,21,0
2026-09-09,18,10061,0,1,3_1,1,108,108,108,0
2026-09-09,18,10061,0,2,73_1,1,93,93,93,0
2026-09-09,18,10061,0,8,902_2,1,196,196,196,0
2026-09-09,18,10061,0,9,6_2,1,212,212,212,0
2026-09-09,18,10061,0,19,6162_2,1,287,287,287,0
2026-09-09,18,10061,0,20,6041_2,1,315,315,315,1
2026-09-09,18,10061,0,21,243_2,2,617,316,301,2
2026-09-09,18,10061,0,22,6228_2,1,299,299,299,0
2026-09-09,18,10061,0,27,6205_2,1,593,593,593,1
2026-09-09,18,10061,0,28,6187_3,1,599,599,599,1
2026-09-09,18,10061,0,29,6011_4,2,1273,639,634,2
2026-09-09,18,10062,0,1,91_2,1,0,0,0,0
2026-09-09,18,10067,0,34,752_2,1,213,213,213,0
2026-09-09,18,10067,0,35,7217_2,1,127,127,127,0
2026-09-09,18,10067,0,36,422_1,2,236,135,101,0
2026-09-09,18,10068,0,6,4_3,1,312,312,312,1
2026-09-09,18,10068,0,7,254_2,1,259,259,259,0
2026-09-09,18,10068,0,14,152_3,1,593,593,593,1
2026-09-09,18,10068,0,15,251_2,1,630,630,630,1
2026-09-09,18,10068,0,16,250_2,1,549,549,549,1
2026-09-09,18,10068,1,10,752_1,1,1,1,1,0
2026-09-09,18,10068,1,11,216_1,2,6,4,2,0
2026-09-09,18,10068,1,30,152_2,1,281,281,281,0
2026-09-09,18,10069,0,1,3_1,1,0,0,0,0
2026-09-09,18,10069,0,2,73_1,1,45,45,45,0
2026-09-09,19,10002,0,11,127_2,2,72,72,0,0
2026-09-09,19,10002,0,12,203_2,3,87,72,0,0
2026-09-09,19,10002,0,13,113_4,4,94,72,0,0
2026-09-09,19,10002,0,14,905_3,4,94,72,0,0
2026-09-09,19,10002,0,15,456_2,4,94,72,0,0
2026-09-09,19,10002,0,16,455_2,4,94,72,0,0
2026-09-09,19,10002,0,17,699_1,2,22,22,0,0
2026-09-09,19,10002,0,18,454_2,2,22,22,0,0
2026-09-09,19,10002,0,19,453_2,2,142,82,60,0
2026-09-09,19,10002,0,20,75_3,2,42,32,10,0
2026-09-09,19,10002,0,21,906_2,1,0,0,0,0
2026-09-09,19,10002,0,22,452_2,1,0,0,0,0
2026-09-09,19,10002,0,23,451_2,1,0,0,0,0
2026-09-09,19,10002,0,24,445_3,1,0,0,0,0
2026-09-09,19,10002,0,25,446_2,1,0,0,0,0
2026-09-09,19,10032,0,2,59_4,1,0,0,0,0
2026-09-09,19,10032,0,3,57_2,2,52,52,0,0
2026-09-09,19,10032,0,4,56_2,3,68,54,2,0
2026-09-09,19,10032,0,5,55_2,3,58,50,0,0
2026-09-09,19,10032,0,6,72_1,2,7,7,0,0
2026-09-09,19,10032,0,7,73_2,2,216,144,72,0
2026-09-09,19,10032,0,8,73_3,2,286,179,107,0
2026-09-09,19,10032,0,9,3_2,2,482,277,205,0
2026-09-09,19,10032,0,10,114_4,2,276,174,102,0
2026-09-09,19,10032,0,11,393_2,2,298,185,113,0
2026-09-09,19,10032,0,12,6070_3,2,260,166,94,0
2026-09-09,19,10032,0,13,6102_2,2,240,156,84,0
2026-09-09,19,10032,0,14,6069_2,2,268,170,98,0
2026-09-09,19,10032,0,15,6057_2,2,200,136,64,0
2026-09-09,19,10032,0,16,9_5,2,238,155,83,0
2026-09-09,19,10032,0,17,6241_2,2,314,193,121,0
2026-09-09,19,10032,0,18,6143_2,2,268,170,98,0
2026-09-09,19,10032,0,19,6166_2,2,306,189,117,0
2026-09-09,19,10032,0,20,446_4,3,389,171,99,0
2026-09-09,19,10032,0,21,6161_2,4,640,227,119,0
2026-09-09,19,10032,0,22,6001_2,4,806,268,161,0
2026-09-09,19,10032,0,23,6160_2,7,1016,261,62,0
2026-09-09,19,10032,0,24,6162_2,7,1294,275,101,0
2026-09-09,19,10032,0,25,6041_2,7,1540,305,141,1
2026-09-09,19,10032,0,26,243_2,8,1659,301,127,1
2026-09-09,19,10032,0,27,6228_2,8,1663,304,130,1
2026-09-09,19,10032,0,28,95_2,8,1341,272,97,0
2026-09-09,19,10032,0,29,94_3,8,1247,252,78,0
2026-09-09,19,10032,0,30,93_2,8,1015,223,49,0
2026-09-09,19,10032,0,31,6016_2,8,967,217,43,0
2026-09-09,19,10032,0,32,91_1,5,815,245,0,0
2026-09-09,19,10032,0,33,6016_1,5,1010,284,39,0
2026-09-09,19,10032,0,34,93_1,5,1015,285,40,0
2026-09-09,19,10032,0,35,94_1,5,1365,355,110,3
2026-09-09,19,10032,0,36,6242_1,5,1330,348,103,2
2026-09-09,19,10032,0,37,6064_1,4,882,285,78,0
2026-09-09,19,10032,0,38,6255_2,1,102,102,102,0
2026-09-09,19,10032,0,39,6256_2,2,245,130,115,0
2026-09-09,19,10032,0,40,6094_2,2,209,114,95,0
2026-09-09,19,10032,0,41,6244_2,2,155,88,67,0
2026-09-09,19,10032,0,42,6257_2,3,200,79,50,0
2026-09-09,19,10032,0,43,6240_2,3,276,113,71,0
2026-09-09,19,10032,0,44,6258_2,4,397,118,72,0
2026-09-09,19,10032,0,45,6225_2,4,377,113,67,0
2026-09-09,19,10032,0,46,6181_2,4,297,93,47,0
2026-09-09,19,10032,0,47,6246_2,4,433,127,81,0
2026-09-09,19,10032,0,48,6206_2,4,299,92,49,0
2026-09-09,19,10032,0,49,6176_2,4,423,123,80,0
2026-09-09,19,10032,0,50,6200_3,4,582,166,123,0
2026-09-09,19,10032,0,51,6042_2,4,436,130,87,0
2026-09-09,19,10032,0,52,6031_2,4,281,91,48,0
2026-09-09,19,10032,0,53,6039_1,3,34,19,0,0
2026-09-09,19,10049,0,12,6240_2,1,66,66,66,0
2026-09-09,19,10049,0,13,6258_2,3,199,95,37,0
2026-09-09,19,10049,0,14,6225_2,4,278,94,32,0
2026-09-09,19,10049,0,15,6181_2,4,198,74,12,0
2026-09-09,19,10049,0,16,6246_2,4,334,108,46,0
2026-09-09,19,10049,0,17,6206_2,4,200,73,14,0
2026-09-09,19,10049,0,18,6176_2,4,324,104,45,0
2026-09-09,19,10049,0,19,6200_3,4,483,147,88,0
2026-09-09,19,10049,0,20,6042_2,4,337,111,52,0
2026-09-09,19,10049,0,21,6031_2,4,182,72,13,0
2026-09-09,19,10049,0,22,6039_1,1,0,0,0,0
2026-09-09,19,10049,1,1,6039_1,1,0,0,0,0
2026-09-09,19,10049,1,2,6031_1,1,74,74,74,0
2026-09-09,19,10049,1,3,6042_1,2,110,66,44,0
2026-09-09,19,10049,1,4,6200_1,2,60,41,19,0
2026-09-09,19,10049,1,5,6176_1,2,108,65,43,0
2026-09-09,19,10049,1,6,6206_1,2,192,107,85,0
2026-09-09,19,10049,1,7,6246_1,2,226,124,102,0
2026-09-09,19,10049,1,8,6181_1,2,220,121,99,0
2026-09-09,19,10049,1,9,6225_1,2,230,126,104,0
2026-09-09,19,10049,1,10,6258_1,2,186,104,82,0
2026-09-09,19,10049,1,11,6240_1,2,188,105,83,0
2026-09-09,19,10049,1,12,6257_1,2,244,133,111,0
2026-09-09,19,10049,1,13,6244_1,2,260,141,119,0
2026-09-09,19,10049,1,14,6094_1,2,194,108,86,0
2026-09-09,19,10049,1,15,6256_1,2,164,93,71,0
2026-09-09,19,10049,1,16,6255_1,2,118,71,47,0
2026-09-09,19,10049,1,17,6064_2,2,176,100,76,0
2026-09-09,19,10049,1,18,6242_2,2,152,88,64,0
2026-09-09,19,10049,1,19,94_4,2,246,135,111,0
2026-09-09,19,10049,1,20,93_2,2,258,141,117,0
2026-09-09,19,10049,1,21,6016_2,2,246,135,111,0
2026-09-09,19,10049,1,22,91_1,2,542,283,259,0
2026-09-09,19,10051,0,2,6016_1,2,94,52,42,0
2026-09-09,19,10051,0,3,93_1,3,253,157,43,0
2026-09-09,19,10051,0,4,6013_2,3,316,178,64,0
2026-09-09,19,10051,0,5,6212_2,3,379,199,85,0
2026-09-09,19,10051,0,6,6205_2,4,577,228,111,0
2026-09-09,19,10051,0,7,6187_3,4,580,227,113,0
2026-09-09,19,10051,0,8,6011_4,4,736,265,153,0
2026-09-09,19,10051,0,9,6017_2,4,856,307,179,1
2026-09-09,19,10051,0,10,6172_2,4,862,313,179,1
2026-09-09,19,10051,0,11,6067_2,4,866,314,180,1
2026-09-09,19,10051,0,12,6248_2,4,854,311,177,1
2026-09-09,19,10051,0,13,6249_2,4,806,299,165,0
2026-09-09,19,10051,0,14,6015_2,4,662,263,129,0
2026-09-09,19,10051,1,3,6248_1,1,20,20,20,0
2026-09-09,19,10051,1,4,6067_1,1,71,71,71,0
2026-09-09,19,10051,1,5,6172_1,1,71,71,71,0
2026-09-09,19,10051,1,6,6017_1,1,71,71,71,0
2026-09-09,19,10051,1,7,6011_1,1,69,69,69,0
2026-09-09,19,10051,1,8,6187_2,1,106,106,106,0
2026-09-09,19,10051,1,9,6205_1,1,118,118,118,0
2026-09-09,19,10051,1,10,6212_1,1,119,119,119,0
2026-09-09,19,10051,1,11,6013_1,1,96,96,96,0
2026-09-09,19,10051,1,12,93_2,1,172,172,172,0
2026-09-09,19,10051,1,13,6016_2,1,166,166,166,0
2026-09-09,19,10051,1,14,91_4,1,82,82,82,0
2026-09-09,19,10053,1,50,474_1,2,11,11,0,0
2026-09-09,19,10053,1,51,473_1,2,11,11,0,0
2026-09-09,19,10053,1,52,472_1,3,72,61,0,0
2026-09-09,19,10053,1,53,7471_1,3,72,61,0,0
2026-09-09,19,10053,1,54,39_1,3,72,61,0,0
2026-09-09,19,10053,1,55,40_1,3,72,61,0,0
2026-09-09,19,10053,1,56,21_1,3,72,61,0,0
2026-09-09,19,10053,1,57,42_1,3,72,61,0,0
2026-09-09,19,10053,1,58,43_1,3,72,61,0,0
2026-09-09,19,10053,1,59,44_1,4,81,61,0,0
2026-09-09,19,10053,1,60,18_1,3,72,61,0,0
2026-09-09,19,10053,1,61,17_1,3,72,61,0,0
2026-09-09,19,10053,1,62,16_1,3,72,61,0,0
2026-09-09,19,10053,1,63,15_1,3,72,61,0,0
2026-09-09,19,10053,1,64,14_1,3,72,61,0,0
2026-09-09,19,10053,1,65,448_1,3,72,61,0,0
2026-09-09,19,10053,1,66,447_1,3,72,61,0,0
2026-09-09,19,10053,1,67,6158_1,3,102,71,10,0
2026-09-09,19,10053,1,68,446_3,3,102,71,10,0
2026-09-09,19,10053,1,69,6166_1,3,172,95,32,0
2026-09-09,19,10053,1,70,6143_1,3,107,75,7,0
2026-09-09,19,10053,1,71,6241_1,3,83,69,0,0
2026-09-09,19,10053,1,72,9_1,3,83,69,0,0
2026-09-09,19,10059,1,3,6290_1,3,244,111,42,0
2026-09-09,19,10059,1,4,6106_1,4,284,103,19,0
2026-09-09,19,10059,1,4,6405_1,2,137,74,63,0
2026-09-09,19,10059,1,5,6134_1,4,193,79,0,0
2026-09-09,19,10059,1,5,6074_1,3,200,87,51,0
2026-09-09,19,10059,1,6,6196_1,4,277,100,21,0
2026-09-09,19,10059,1,6,6229_1,3,260,107,71,0
2026-09-09,19,10059,1,7,6263_1,4,221,86,7,0
2026-09-09,19,10059,1,7,6006_1,4,407,124,88,0
2026-09-09,19,10059,1,8,6260_1,4,214,85,3,0
2026-09-09,19,10059,1,8,6902_1,4,579,167,131,0
2026-09-09,19,10059,1,9,7475_1,4,130,58,0,0
2026-09-09,19,10059,1,9,6170_1,4,503,148,112,0
2026-09-09,19,10059,1,10,6260_2,4,205,77,18,0
2026-09-09,19,10059,1,10,7841_2,4,647,184,148,0
2026-09-09,19,10059,1,11,6169_1,4,357,123,48,0
2026-09-09,19,10059,1,11,91_3,1,0,0,0,0
2026-09-09,19,10059,1,12,6405_1,4,413,136,63,0
2026-09-09,19,10059,1,13,6074_1,4,363,122,51,0
2026-09-09,19,10059,1,14,6229_1,4,430,132,71,0
2026-09-09,19,10059,1,15,6006_1,4,498,149,88,0
2026-09-09,19,10059,1,16,6902_1,4,670,192,131,0
2026-09-09,19,10059,1,17,6170_1,4,594,173,112,0
2026-09-09,19,10059,1,18,7841_2,4,738,209,148,0
2026-09-09,19,10059,1,19,91_3,3,65,34,0,0
2026-09-09,19,10060,1,6,6017_1,2,39,20,19,0
2026-09-09,19,10060,1,7,6011_1,3,47,22,4,0
2026-09-09,19,10060,1,8,6187_2,3,197,72,54,0
2026-09-09,19,10060,1,9,6205_1,4,282,84,49,0
2026-09-09,19,10060,1,10,6212_1,4,286,85,50,0
2026-09-09,19,10060,1,11,6013_1,4,194,62,27,0
2026-09-09,19,10060,1,12,94_2,1,0,0,0,0
2026-09-09,19,10060,1,13,95_1,1,0,0,0,0
2026-09-09,19,10060,1,14,6228_1,1,33,33,33,0
2026-09-09,19,10060,1,15,243_1,1,81,81,81,0
2026-09-09,19,10060,1,16,6041_1,1,111,111,111,0
2026-09-09,19,10060,1,17,6162_1,1,76,76,76,0
2026-09-09,19,10060,1,18,6160_1,1,71,71,71,0
2026-09-09,19,10060,1,19,6001_1,1,56,56,56,0
2026-09-09,19,10060,1,20,6161_1,1,37,37,37,0
2026-09-09,19,10060,1,21,446_3,2,42,22,20,0
2026-09-09,19,10060,1,22,6166_1,3,132,46,42,0
2026-09-09,19,10060,1,23,6143_1,4,62,26,0,0
2026-09-09,19,10060,1,24,6241_1,5,49,20,0,0
2026-09-09,19,10060,1,25,9_2,6,31,15,0,0
2026-09-09,19,10060,1,26,8_3,2,0,0,0,0
2026-09-09,19,10060,1,27,6_1,2,34,17,17,0
2026-09-09,19,10060,1,28,902_1,2,0,0,0,0
2026-09-09,19,10060,1,29,5_1,2,0,0,0,0
2026-09-09,19,10060,1,30,4_1,2,106,53,53,0
2026-09-09,19,10060,1,31,6059_1,2,220,110,110,0
2026-09-09,19,10060,1,32,3_1,2,220,110,110,0
2026-09-09,19,10060,1,33,73_1,6,560,114,71,0
2026-09-09,19,10060,1,34,128_1,6,1592,286,243,0
2026-09-09,19,10060,1,35,114_5,6,608,122,79,0
2026-09-09,19,10061,0,2,73_1,1,143,143,143,0
2026-09-09,19,10061,0,3,128_1,3,868,315,265,1
2026-09-09,19,10061,0,4,114_5,3,376,151,101,0
2026-09-09,19,10061,0,5,3_3,3,1072,383,333,3
2026-09-09,19,10061,0,6,4_5,3,925,334,284,2
2026-09-09,19,10061,0,7,5_3,3,1057,378,328,3
2026-09-09,19,10061,0,8,902_2,3,1071,399,300,3
2026-09-09,19,10061,0,9,6_2,3,1067,389,316,3
2026-09-09,19,10061,0,10,8_1,5,1522,397,220,3
2026-09-09,19,10061,0,11,9_5,8,1653,317,127,1
2026-09-09,19,10061,0,12,6241_2,8,1957,355,165,1
2026-09-09,19,10061,0,13,6143_2,8,1773,332,142,1
2026-09-09,19,10061,0,14,6166_2,8,1925,351,161,1
2026-09-09,19,10061,0,15,446_4,8,1821,333,143,1
2026-09-09,19,10061,0,16,6161_2,8,2125,353,196,4
2026-09-09,19,10061,0,17,6001_2,8,2457,395,238,4
2026-09-09,19,10061,0,18,6160_2,8,2387,385,228,4
2026-09-09,19,10061,0,19,6162_2,8,2679,424,264,4
2026-09-09,19,10061,0,20,6041_2,8,2955,464,294,7
2026-09-09,19,10061,0,21,243_2,8,2943,465,290,7
2026-09-09,19,10061,0,22,6228_2,9,3261,463,293,8
2026-09-09,19,10061,0,23,95_2,11,3406,420,254,4
2026-09-09,19,10061,0,24,94_3,11,3285,411,241,4
2026-09-09,19,10061,0,25,6013_2,11,3263,409,239,4
2026-09-09,19,10061,0,26,6212_2,11,3494,430,260,4
2026-09-09,19,10061,0,27,6205_2,11,3804,459,289,8
2026-09-09,19,10061,0,28,6187_3,11,3814,458,288,8
2026-09-09,19,10061,0,29,6011_4,12,4576,498,326,12
2026-09-09,19,10061,0,30,6017_2,15,6918,665,356,15
2026-09-09,19,10061,0,31,6172_2,14,6562,665,356,14
2026-09-09,19,10061,0,32,6067_2,15,7260,684,357,15
2026-09-09,19,10061,0,33,6248_2,15,7215,681,354,15
2026-09-09,19,10061,0,34,6249_2,15,7035,669,342,15
2026-09-09,19,10061,0,35,6015_2,15,6495,633,306,15
2026-09-09,19,10062,0,2,7841_4,2,24,20,4,0
2026-09-09,19,10062,0,3,6170_2,3,113,46,30,0
2026-09-09,19,10062,0,4,6902_2,3,188,71,55,0
2026-09-09,19,10062,0,5,6006_2,4,412,137,84,0
2026-09-09,19,10062,0,6,6229_2,4,524,165,112,0
2026-09-09,19,10062,0,7,6074_2,4,568,176,123,0
2026-09-09,19,10062,0,8,6169_2,4,388,131,78,0
2026-09-09,19,10062,0,9,6263_2,4,376,128,75,0
2026-09-09,19,10062,0,10,6196_2,4,348,121,68,0
2026-09-09,19,10062,0,11,6134_2,4,356,123,70,0
2026-09-09,19,10062,0,12,6106_2,4,344,120,67,0
2026-09-09,19,10062,0,13,6020_9,4,396,133,80,0
2026-09-09,19,10062,0,14,6019_1,2,1,1,0,0
2026-09-09,19,10067,0,37,421_3,3,190,77,43,0
2026-09-09,19,10067,0,38,422_2,4,334,144,43,0
2026-09-09,19,10067,0,39,423_2,4,334,144,43,0
2026-09-09,19,10067,0,40,424_2,4,334,144,43,0
2026-09-09,19,10067,0,41,425_1,4,574,204,103,0
2026-09-09,19,10067,0,42,426_2,4,814,264,163,0
2026-09-09,19,10067,0,43,6168_2,4,814,264,163,0
2026-09-09,19,10067,0,44,6112_2,4,814,264,163,0
2026-09-09,19,10067,0,45,6180_2,4,814,264,163,0
2026-09-09,19,10067,0,46,6035_2,4,814,264,163,0
2026-09-09,19,10067,0,47,6079_1,4,814,264,163,0
2026-09-09,19,10068,0,8,53_3,2,478,253,225,0
2026-09-09,19,10068,0,9,253_2,3,839,297,269,0
2026-09-09,19,10068,0,10,186_2,4,1228,340,260,3
2026-09-09,19,10068,0,11,252_2,4,1560,423,343,4
2026-09-09,19,10068,0,12,150_2,4,1660,448,368,4
2026-09-09,19,10068,0,13,151_2,4,1756,472,392,4
2026-09-09,19,10068,0,14,152_3,4,1610,431,351,4
2026-09-09,19,10068,0,15,251_2,4,1644,458,350,4
2026-09-09,19,10068,0,16,250_2,5,2196,612,338,5
2026-09-09,19,10068,0,17,249_2,7,3124,591,282,6
2026-09-09,19,10068,0,18,606_2,7,3259,609,309,7
2026-09-09,19,10068,0,19,607_2,8,3684,596,296,7
2026-09-09,19,10068,0,20,608_2,8,3644,591,291,7
2026-09-09,19,10068,0,21,609_2,8,3556,580,280,7
2026-09-09,19,10068,0,22,610_2,8,4036,640,340,8
2026-09-09,19,10068,0,23,765_2,8,4612,712,412,8
2026-09-09,19,10068,0,24,7717_2,8,4628,714,414,8
2026-09-09,19,10068,0,25,6023_1,8,5260,793,493,8
2026-09-09,19,10068,0,26,210_2,8,5700,848,548,8
2026-09-09,19,10068,0,27,211_2,8,5444,816,516,8
2026-09-09,19,10068,0,28,212_2,8,5940,878,578,8
2026-09-09,19,10068,0,29,615_2,8,6332,927,627,8
2026-09-09,19,10068,0,30,7213_2,8,6356,930,630,8
2026-09-09,19,10068,0,31,214_2,8,5396,810,510,8
2026-09-09,19,10068,0,32,215_2,8,5460,818,518,8
2026-09-09,19,10068,0,33,216_2,8,5524,826,526,8
2026-09-09,19,10068,0,34,752_2,8,5392,826,504,8
2026-09-09,19,10068,0,35,7217_2,8,4722,740,421,8
2026-09-09,19,10068,0,36,422_1,8,4870,748,450,8
2026-09-09,19,10068,0,37,421_1,8,5142,782,484,8
2026-09-09,19,10068,0,38,6163_1,8,5150,783,485,8
2026-09-09,19,10068,0,39,419_1,8,5158,784,486,8
2026-09-09,19,10068,0,40,418_1,8,5302,802,504,8
2026-09-09,19,10068,0,41,440_1,8,5582,837,539,8
2026-09-09,19,10068,0,42,6236_1,8,6078,899,601,8
2026-09-09,19,10068,0,43,6109_1,8,5174,786,488,8
2026-09-09,19,10068,1,12,215_1,1,0,0,0,0
2026-09-09,19,10068,1,13,214_1,1,0,0,0,0
2026-09-09,19,10068,1,14,7213_1,1,1,1,1,0
2026-09-09,19,10068,1,15,615_1,2,100,51,49,0
2026-09-09,19,10068,1,16,212_1,2,110,56,54,0
2026-09-09,19,10068,1,17,211_1,2,200,101,99,0
2026-09-09,19,10068,1,18,210_1,2,66,34,32,0
2026-09-09,19,10068,1,19,6023_3,2,332,167,165,0
2026-09-09,19,10068,1,20,7717_1,2,394,198,196,0
2026-09-09,19,10068,1,21,765_1,2,516,259,257,0
2026-09-09,19,10068,1,22,610_1,2,362,182,180,0
2026-09-09,19,10068,1,23,609_1,2,394,198,196,0
2026-09-09,19,10068,1,24,608_1,2,510,256,254,0
2026-09-09,19,10068,1,25,607_1,2,496,249,247,0
2026-09-09,19,10068,1,26,606_1,2,556,279,277,0
2026-09-09,19,10068,1,27,249_1,2,464,233,231,0
2026-09-09,19,10068,1,28,250_1,2,436,219,217,0
2026-09-09,19,10068,1,29,251_1,2,392,197,195,0
2026-09-09,19,10068,1,30,152_2,2,480,241,239,0
2026-09-09,19,10068,1,31,151_1,6,1996,371,302,6
2026-09-09,19,10068,1,32,150_1,7,2115,337,270,2
2026-09-09,19,10068,1,33,252_1,8,2799,381,314,8
2026-09-09,19,10068,1,34,186_1,8,2103,294,227,0
2026-09-09,19,10068,1,35,253_1,8,2231,310,243,3
2026-09-09,19,10068,1,36,53_1,8,2615,358,291,7
2026-09-09,19,10068,1,37,254_1,8,2567,352,285,7
2026-09-09,19,10068,1,38,4_4,8,2311,320,253,3
2026-09-09,19,10068,1,39,6059_1,8,1895,268,201,0
2026-09-09,19,10068,1,40,3_1,8,2375,328,261,3
2026-09-09,19,10068,1,41,73_1,8,2245,327,222,3
2026-09-09,19,10068,1,42,128_1,8,3621,499,394,8
2026-09-09,19,10068,1,43,114_5,8,1349,302,12,1
2026-09-09,19,10069,0,2,73_1,2,188,106,82,0
2026-09-09,19,10069,0,3,128_1,4,1065,316,217,1
2026-09-09,19,10069,0,4,114_5,2,32,32,0,0
2026-09-09,19,10069,0,5,3_3,2,496,264,232,0
2026-09-09,19,10069,0,6,4_3,3,1014,371,304,3
2026-09-09,19,10069,0,7,254_2,3,829,305,251,1
2026-09-09,19,10069,0,8,53_3,4,924,250,217,0
2026-09-09,19,10069,0,9,253_2,4,1052,283,246,0
2026-09-09,19,10069,0,10,186_2,4,1224,326,289,3
2026-09-09,19,10069,0,11,252_2,4,1556,409,372,4
2026-09-09,19,10069,0,12,150_2,4,1656,434,397,4
2026-09-09,19,10069,0,13,151_2,4,1752,458,421,4
2026-09-09,19,10069,0,14,152_3,4,1606,417,380,4
2026-09-09,19,10069,0,15,251_2,4,1640,450,379,4
2026-09-09,19,10069,0,16,250_2,4,1580,432,367,4
2026-09-09,19,10069,0,17,249_2,4,1461,411,311,4
2026-09-09,19,10069,0,18,606_2,4,1542,429,338,4
2026-09-09,19,10069,0,19,607_2,4,1490,416,325,4
2026-09-09,19,10069,0,20,608_2,4,1470,411,320,4
2026-09-09,19,10069,0,21,609_2,4,1426,400,309,4
2026-09-09,19,10069,0,22,610_2,4,1666,460,369,4
2026-09-09,19,10069,0,23,765_2,4,1954,532,441,4
2026-09-09,19,10069,0,24,7717_2,4,1962,534,443,4
2026-09-09,19,10069,0,25,6023_1,4,2278,613,522,4
2026-09-09,19,10069,0,26,210_2,4,2498,668,577,4
2026-09-09,19,10069,0,27,211_2,4,2370,636,545,4
2026-09-09,19,10069,0,28,212_2,4,2618,698,607,4
2026-09-09,19,10069,0,29,615_2,4,2814,747,656,4
2026-09-09,19,10069,0,30,7213_2,4,2826,750,659,4
2026-09-09,19,10069,0,31,214_3,1,659,659,659,1
2026-09-09,19,10075,0,2,59_4,2,552,301,251,1
2026-09-09,19,10075,0,3,57_2,3,787,296,240,0
2026-09-09,19,10075,0,4,56_2,3,813,308,242,1
2026-09-09,19,10075,0,5,55_4,4,1136,328,262,1
2026-09-09,19,10075,0,6,69_2,4,816,248,182,0
2026-09-09,19,10075,0,7,68_2,4,1100,319,253,1
2026-09-09,19,10075,0,8,67_2,4,824,250,184,0
2026-09-09,19,10075,0,9,65_2,4,1260,359,293,2
2026-09-09,19,10075,0,10,204_2,4,1368,386,320,4
2026-09-09,19,10075,0,11,255_2,4,1499,448,343,4
2026-09-09,19,10075,0,12,205_2,4,1331,412,295,2
2026-09-09,19,10075,0,13,206_2,4,1311,407,290,2
2026-09-09,19,10075,0,14,863_3,4,847,291,174,0
2026-09-09,19,10075,0,15,209_2,4,1167,371,254,1
2026-09-09,19,10075,0,16,210_2,4,1319,409,292,2
2026-09-09,19,10075,0,17,211_2,4,1191,377,260,1
2026-09-09,19,10075,0,18,212_2,4,1439,439,322,4
2026-09-09,19,10075,0,19,615_2,4,1635,488,371,4
2026-09-09,19,10075,0,20,7213_2,4,1647,491,374,4
2026-09-09,19,10075,0,21,214_2,4,1167,371,254,1
2026-09-09,19,10075,0,22,215_2,4,1199,379,262,1
2026-09-09,19,10075,0,23,216_2,4,1231,387,270,2
2026-09-09,19,10075,0,24,752_2,4,1165,387,248,1
2026-09-09,19,10075,0,25,7217_2,4,830,301,165,1
2026-09-09,19,10075,0,26,422_1,4,904,309,194,1
2026-09-09,19,10075,0,27,421_3,4,978,311,196,1
2026-09-09,20,10032,0,37,6064_1,1,323,323,323,1
2026-09-09,20,10032,0,38,6255_2,4,1223,347,272,2
2026-09-09,20,10032,0,39,6256_2,4,1290,360,285,3
2026-09-09,20,10032,0,40,6094_2,4,1214,340,265,3
2026-09-09,20,10032,0,41,6244_2,4,1104,312,237,1
2026-09-09,20,10032,0,42,6257_2,4,1094,324,220,1
2026-09-09,20,10032,0,43,6240_2,4,1204,358,241,2
2026-09-09,20,10032,0,44,6258_2,4,1212,363,242,2
2026-09-09,20,10032,0,45,6225_2,4,1192,358,237,2
2026-09-09,20,10032,0,46,6181_2,4,1112,338,217,1
2026-09-09,20,10032,0,47,6246_2,4,1248,372,251,2
2026-09-09,20,10032,0,48,6206_2,4,1114,337,219,1
2026-09-09,20,10032,0,49,6176_2,4,1238,368,250,2
2026-09-09,20,10032,0,50,6200_3,4,1397,411,293,3
2026-09-09,20,10032,0,51,6042_2,4,1251,375,257,2
2026-09-09,20,10032,0,52,6031_2,4,1096,336,218,1
2026-09-09,20,10032,0,53,6039_1,4,809,264,146,0
2026-09-09,20,10069,0,31,214_3,3,2167,750,701,3
