date,hour,route_id,direction_id,stop_sequence,stop_id,n_obs,sum_delay,max_delay,min_delay,n_late5
2026-09-08,7,10018,0,10,4_2,1,0,0,0,0
2026-09-08,7,10018,0,11,699_1,2,0,0,0,0
2026-09-08,7,10018,0,12,453_2,2,0,0,0,0
2026-09-08,7,10018,0,13,75_4,2,0,0,0,0
2026-09-08,7,10018,0,14,9_5,1,0,0,0,0
2026-09-08,7,10031,0,42,6246_2,1,242,242,242,0
2026-09-08,7,10031,0,43,6206_2,2,531,279,252,0
2026-09-08,7,10031,0,44,6176_2,2,563,295,268,0
2026-09-08,7,10031,0,45,6200_3,3,1095,414,327,3
2026-09-08,7,10031,0,46,6042_2,3,1002,383,296,2
2026-09-08,7,10031,0,47,6031_2,3,876,341,254,1
2026-09-08,7,10031,0,48,6039_1,3,648,265,178,0
2026-09-08,7,10032,1,2,6031_1,1,110,110,110,0
2026-09-08,7,10032,1,3,6042_1,1,76,76,76,0
2026-09-08,7,10032,1,4,6200_1,2,160,87,73,0
2026-09-08,7,10032,1,5,6176_1,2,188,101,87,0
2026-09-08,7,10032,1,6,6206_1,3,318,120,92,0
2026-09-08,7,10032,1,7,6246_1,3,378,140,112,0
2026-09-08,7,10032,1,8,6181_1,4,405,125,72,0
2026-09-08,7,10032,1,9,6225_1,4,365,115,62,0
2026-09-08,7,10032,1,10,6258_1,4,345,110,57,0
2026-09-08,7,10032,1,11,6240_1,4,313,102,49,0
2026-09-08,7,10032,1,12,6257_1,4,409,126,73,0
2026-09-08,7,10032,1,13,6244_1,4,437,133,80,0
2026-09-08,7,10032,1,14,6094_1,4,389,121,68,0
2026-09-08,7,10032,1,15,6256_1,3,265,106,67,0
2026-09-08,7,10043,0,1,6019_1,1,0,0,0,0
2026-09-08,7,10043,0,2,6148_2,1,138,138,138,0
2026-09-08,7,10043,0,3,6036_2,1,148,148,148,0
2026-09-08,7,10043,0,4,6150_2,1,148,148,148,0
2026-09-08,7,10043,0,5,6122_9,1,124,124,124,0
2026-09-08,7,10043,0,6,6147_2,1,111,111,111,0
2026-09-08,7,10043,0,7,6145_1,1,111,111,111,0
2026-09-08,7,10047,0,5,55_2,1,220,220,220,0
2026-09-08,7,10047,0,6,72_1,1,283,283,283,0
2026-09-08,7,10047,0,7,73_2,2,320,253,67,0
2026-09-08,7,10047,0,8,73_3,3,312,227,41,0
2026-09-08,7,10047,0,9,3_2,3,528,299,113,0
2026-09-08,7,10047,1,25,6160_1,1,143,143,143,0
2026-09-08,7,10047,1,26,6001_1,2,276,150,126,0
2026-09-08,7,10047,1,27,6161_1,3,528,220,142,0
2026-09-08,7,10047,1,28,446_3,3,537,223,145,0
2026-09-08,7,10047,1,29,6166_1,4,858,254,176,0
2026-09-08,7,10047,1,30,6143_1,4,762,230,152,0
2026-09-08,7,10047,1,31,6241_1,4,765,230,155,0
2026-09-08,7,10047,1,32,9_2,4,689,215,126,0
2026-09-08,7,10047,1,33,6057_1,4,737,227,138,0
2026-09-08,7,10047,1,34,6069_1,4,769,235,146,0
2026-09-08,7,10047,1,42,72_2,1,59,59,59,0
2026-09-08,7,10047,1,43,55_1,2,389,311,78,1
2026-09-08,7,10047,1,44,56_1,2,380,305,75,1
2026-09-08,7,10047,1,45,57_1,3,709,315,82,2
2026-09-08,7,10047,1,46,59_1,3,619,285,52,0
2026-09-08,7,10047,1,47,61_1,3,411,207,0,0
2026-09-08,7,10049,0,1,91_1,1,0,0,0,0
2026-09-08,7,10049,0,2,6016_1,1,36,36,36,0
2026-09-08,7,10049,0,3,93_1,2,121,97,24,0
2026-09-08,7,10049,0,4,94_1,3,414,173,84,0
2026-09-08,7,10049,0,5,6242_1,4,519,164,75,0
2026-09-08,7,10049,0,6,6064_1,4,471,152,63,0
2026-09-08,7,10049,0,7,6255_2,4,663,200,111,0
2026-09-08,7,10049,0,8,6256_2,4,819,239,150,0
2026-09-08,7,10049,0,9,6094_2,4,707,211,122,0
2026-09-08,7,10049,0,10,6244_2,4,615,188,99,0
2026-09-08,7,10049,0,11,6257_2,4,559,174,85,0
2026-09-08,7,10049,0,12,6240_2,4,659,199,110,0
2026-09-08,7,10049,0,13,6258_2,1,130,130,130,0
2026-09-08,7,10049,0,14,6225_2,1,111,111,111,0
2026-09-08,7,10050,0,1,91_4,1,57,57,57,0
2026-09-08,7,10050,0,2,6016_1,2,188,110,78,0
2026-09-08,7,10050,0,3,93_1,2,188,110,78,0
2026-09-08,7,10050,0,4,6013_2,2,274,153,121,0
2026-09-08,7,10050,0,5,6212_2,2,254,143,111,0
2026-09-08,7,10050,0,6,6205_2,2,282,157,125,0
2026-09-08,7,10050,0,7,6187_3,2,262,147,115,0
2026-09-08,7,10050,0,8,6011_2,2,242,137,105,0
2026-09-08,7,10050,0,9,6018_2,2,210,121,89,0
2026-09-08,7,10050,0,10,6190_2,2,262,147,115,0
2026-09-08,7,10050,0,11,6171_2,2,178,105,73,0
2026-09-08,7,10050,1,2,6171_1,1,69,69,69,0
2026-09-08,7,10050,1,3,6190_1,1,67,67,67,0
2026-09-08,7,10050,1,4,6018_1,1,51,51,51,0
2026-09-08,7,10050,1,5,6011_3,2,41,22,19,0
2026-09-08,7,10050,1,6,6187_2,3,95,48,22,0
2026-09-08,7,10050,1,7,6205_1,3,101,56,21,0
2026-09-08,7,10050,1,8,6212_1,4,198,67,32,0
2026-09-08,7,10050,1,9,6013_1,4,118,47,12,0
2026-09-08,7,10050,1,10,93_2,4,394,116,81,0
2026-09-08,7,10050,1,11,6016_2,4,495,149,83,0
2026-09-08,7,10051,0,8,6011_4,1,87,87,87,0
2026-09-08,7,10051,0,9,6017_2,2,149,79,70,0
2026-09-08,7,10051,0,10,6172_2,2,107,58,49,0
2026-09-08,7,10051,0,11,6067_2,3,329,116,102,0
2026-09-08,7,10051,0,12,6248_2,3,296,105,91,0
2026-09-08,7,10051,0,13,6249_2,3,230,83,69,0
2026-09-08,7,10051,0,14,6015_2,1,0,0,0,0
2026-09-08,7,10051,1,2,6249_1,1,42,42,42,0
2026-09-08,7,10051,1,3,6248_1,1,41,41,41,0
2026-09-08,7,10051,1,4,6067_1,1,0,0,0,0
2026-09-08,7,10051,1,5,6172_1,1,14,14,14,0
2026-09-08,7,10051,1,6,6017_1,1,13,13,13,0
2026-09-08,7,10051,1,7,6011_1,1,11,11,11,0
2026-09-08,7,10051,1,8,6187_2,1,61,61,61,0
2026-09-08,7,10051,1,13,6016_2,1,114,114,114,0
2026-09-08,7,10051,1,14,91_4,2,277,163,114,0
2026-09-08,7,10053,0,22,473_2,1,28,28,28,0
2026-09-08,7,10053,0,23,474_2,2,42,31,11,0
2026-09-08,7,10053,0,24,7475_3,3,123,48,28,0
2026-09-08,7,10053,0,25,6260_2,4,91,36,4,0
2026-09-08,7,10053,0,26,6263_2,4,171,56,24,0
2026-09-08,7,10053,0,27,6196_2,4,103,39,7,0
2026-09-08,7,10053,0,28,6134_2,4,171,56,24,0
2026-09-08,7,10053,0,29,6106_2,4,207,65,33,0
2026-09-08,7,10053,0,30,6020_9,4,218,67,38,0
2026-09-08,7,10053,0,31,6043_9,4,458,127,98,0
2026-09-08,7,10053,0,32,6188_1,2,325,167,158,0
2026-09-08,7,10055,0,1,9_1,1,0,0,0,0
2026-09-08,7,10055,0,2,6241_2,1,25,25,25,0
2026-09-08,7,10055,0,3,6143_2,1,4,4,4,0
2026-09-08,7,10055,0,4,6166_2,1,0,0,0,0
2026-09-08,7,10059,0,7,6074_2,1,368,368,368,1
2026-09-08,7,10059,0,8,6169_2,1,316,316,316,1
2026-09-08,7,10059,0,9,6260_1,2,794,414,380,2
2026-09-08,7,10059,0,10,7475_1,3,849,304,270,1
2026-09-08,7,10059,1,5,6074_1,1,126,126,126,0
2026-09-08,7,10059,1,6,6229_1,1,141,141,141,0
2026-09-08,7,10059,1,7,6006_1,2,218,121,97,0
2026-09-08,7,10059,1,8,6902_1,3,928,380,262,1
2026-09-08,7,10059,1,9,6170_1,4,1168,373,255,1
2026-09-08,7,10059,1,10,7841_2,4,1304,407,289,2
2026-09-08,7,10059,1,11,91_3,4,824,287,169,0
2026-09-08,7,10060,0,1,3_1,1,208,208,208,0
2026-09-08,7,10060,0,2,73_1,1,143,143,143,0
2026-09-08,7,10060,0,3,128_1,1,135,135,135,0
2026-09-08,7,10060,0,4,114_5,1,0,0,0,0
2026-09-08,7,10060,0,10,9_5,1,0,0,0,0
2026-09-08,7,10060,0,11,6241_2,2,157,97,60,0
2026-09-08,7,10060,0,12,6143_2,2,95,66,29,0
2026-09-08,7,10060,0,13,6166_2,3,101,54,5,0
2026-09-08,7,10060,0,14,446_4,3,74,43,0,0
2026-09-08,7,10060,0,15,6161_2,4,69,36,0,0
2026-09-08,7,10060,0,16,6001_2,4,209,71,35,0
2026-09-08,7,10060,0,17,6160_2,4,81,39,3,0
2026-09-08,7,10060,0,18,6162_2,4,193,67,31,0
2026-09-08,7,10060,0,19,6041_2,4,373,112,76,0
2026-09-08,7,10060,0,20,243_2,4,325,100,64,0
2026-09-08,7,10060,0,21,6228_2,4,317,98,62,0
2026-09-08,7,10060,0,22,95_2,4,197,68,32,0
2026-09-08,7,10060,0,23,94_3,4,353,107,71,0
2026-09-08,7,10060,1,7,6011_1,1,36,36,36,0
2026-09-08,7,10060,1,8,6187_2,2,102,59,43,0
2026-09-08,7,10060,1,9,6205_1,2,100,58,42,0
2026-09-08,7,10060,1,10,6212_1,3,222,100,53,0
2026-09-08,7,10060,1,11,6013_1,4,240,80,33,0
2026-09-08,7,10060,1,12,94_2,3,10,6,0,0
2026-09-08,7,10060,1,13,95_1,1,0,0,0,0
2026-09-08,7,10060,1,14,6228_1,3,93,35,27,0
2026-09-08,7,10060,1,15,243_1,3,109,43,31,0
2026-09-08,7,10060,1,16,6041_1,5,454,103,80,0
2026-09-08,7,10060,1,17,6162_1,5,369,87,64,0
2026-09-08,7,10060,1,18,6160_1,4,268,85,51,0
2026-09-08,7,10060,1,19,6001_1,4,313,103,38,0
2026-09-08,7,10060,1,20,6161_1,4,391,127,54,0
2026-09-08,7,10060,1,21,446_3,4,347,119,57,0
2026-09-08,7,10060,1,22,6166_1,4,471,150,88,0
2026-09-08,7,10060,1,23,6143_1,4,375,126,64,0
2026-09-08,7,10060,1,24,6241_1,5,430,126,52,0
2026-09-08,7,10060,1,25,9_2,3,82,38,21,0
2026-09-08,7,10060,1,26,8_3,3,243,113,64,0
2026-09-08,7,10060,1,27,6_1,3,345,147,98,0
2026-09-08,7,10060,1,28,902_1,3,291,129,80,0
2026-09-08,7,10060,1,29,5_1,4,433,196,58,0
2026-09-08,7,10060,1,30,4_1,6,748,231,37,0
2026-09-08,7,10060,1,31,6059_1,3,919,330,269,2
2026-09-08,7,10060,1,32,3_1,3,766,279,218,0
2026-09-08,7,10060,1,33,73_1,3,571,214,153,0
2026-09-08,7,10060,1,34,128_1,3,547,206,145,0
2026-09-08,7,10060,1,35,114_5,1,0,0,0,0
2026-09-08,7,10062,0,1,91_2,2,564,388,176,1
2026-09-08,7,10062,0,2,7841_4,3,1026,450,238,2
2026-09-08,7,10062,0,3,6170_2,3,1086,470,258,2
2026-09-08,7,10062,0,4,6902_2,3,1137,487,275,2
2026-09-08,7,10062,0,5,6006_2,3,1242,522,310,3
2026-09-08,7,10062,0,6,6229_2,3,1353,559,347,3
2026-09-08,7,10062,0,7,6074_2,3,1377,567,355,3
2026-09-08,7,10062,0,8,6169_2,2,720,410,310,2
2026-09-08,7,10062,0,9,6263_2,1,363,363,363,1
2026-09-08,7,10062,0,10,6196_2,1,346,346,346,1
2026-09-08,7,10062,1,2,6020_1,1,38,38,38,0
2026-09-08,7,10062,1,3,6106_1,1,54,54,54,0
2026-09-08,7,10062,1,4,6134_1,2,55,43,12,0
2026-09-08,7,10062,1,5,6196_1,2,113,72,41,0
2026-09-08,7,10062,1,6,6263_1,3,82,51,11,0
2026-09-08,7,10062,1,7,6169_1,1,0,0,0,0
2026-09-08,7,10062,1,8,6405_1,1,29,29,29,0
2026-09-08,7,10062,1,9,6074_1,2,82,43,39,0
2026-09-08,7,10062,1,10,6229_1,2,95,58,37,0
2026-09-08,7,10062,1,11,6006_1,3,170,115,17,0
2026-09-08,7,10062,1,12,6902_1,4,856,280,182,0
2026-09-08,7,10062,1,13,6170_1,3,555,196,175,0
2026-09-08,7,10066,1,24,91_2,1,249,249,249,0
2026-09-08,7,10068,0,7,421_1,1,110,110,110,0
2026-09-08,7,10068,0,8,6163_1,2,329,199,130,0
2026-09-08,7,10068,0,9,419_1,2,307,188,119,0
2026-09-08,7,10068,0,10,418_1,3,765,286,205,0
2026-09-08,7,10068,0,11,440_1,4,1019,293,212,0
2026-09-08,7,10068,0,12,6236_1,4,1335,372,291,3
2026-09-08,7,10068,0,13,6109_1,4,1335,372,291,3
2026-09-08,7,10068,0,24,7717_2,1,224,224,224,0
2026-09-08,7,10068,0,25,6023_1,2,406,224,182,0
2026-09-08,7,10068,0,26,210_2,3,657,251,182,0
2026-09-08,7,10068,0,27,211_2,4,902,251,182,0
2026-09-08,7,10068,0,28,212_2,4,902,251,182,0
2026-09-08,7,10068,0,29,615_2,4,942,261,192,0
2026-09-08,7,10068,0,30,7213_2,4,1182,321,252,2
2026-09-08,7,10068,0,31,214_2,4,1182,321,252,2
2026-09-08,7,10068,0,32,215_2,4,1182,321,252,2
2026-09-08,7,10068,0,33,216_2,1,284,284,284,0
2026-09-08,7,10068,1,9,7217_1,1,224,224,224,0
2026-09-08,7,10068,1,10,752_1,2,469,243,226,0
2026-09-08,7,10068,1,11,216_1,3,775,298,230,0
2026-09-08,7,10068,1,12,215_1,4,1147,324,246,2
2026-09-08,7,10068,1,13,214_1,4,1139,322,244,2
2026-09-08,7,10068,1,14,7213_1,4,1135,321,243,2
2026-09-08,7,10068,1,15,615_1,4,1391,385,307,4
2026-09-08,7,10068,1,16,212_1,4,1247,349,271,2
2026-09-08,7,10068,1,17,211_1,4,1447,399,321,4
2026-09-08,7,10068,1,18,210_1,3,949,356,288,2
2026-09-08,7,10068,1,21,765_1,1,492,492,492,1
2026-09-08,7,10068,1,22,610_1,2,892,478,414,2
2026-09-08,7,10068,1,23,609_1,2,842,453,389,2
2026-09-08,7,10068,1,24,608_1,3,1523,581,439,3
2026-09-08,7,10068,1,25,607_1,4,2052,583,421,4
2026-09-08,7,10068,1,26,606_1,4,2148,607,445,4
2026-09-08,7,10068,1,27,249_1,4,1800,520,358,4
2026-09-08,7,10068,1,28,250_1,4,1732,503,341,4
2026-09-08,7,10068,1,29,251_1,4,1640,480,318,4
2026-09-08,7,10068,1,30,152_2,4,1744,506,344,4
2026-09-08,7,10068,1,31,151_1,3,1340,520,378,3
2026-09-08,7,10070,0,4,114_5,1,0,0,0,0
2026-09-08,7,10070,0,5,3_3,2,148,76,72,0
2026-09-08,7,10070,0,6,4_3,3,110,57,0,0
2026-09-08,7,10070,0,7,254_2,3,203,88,31,0
2026-09-08,7,10070,0,8,53_3,3,362,141,84,0
2026-09-08,7,10070,0,9,253_2,3,482,181,124,0
2026-09-08,7,10070,0,10,186_2,1,119,119,119,0
2026-09-08,7,10072,0,4,56_2,1,93,93,93,0
2026-09-08,7,10072,0,5,55_4,2,230,137,93,0
2026-09-08,7,10072,0,6,69_2,3,425,195,93,0
2026-09-08,7,10072,0,7,68_2,3,425,195,93,0
2026-09-08,7,10072,0,8,67_2,3,245,135,33,0
2026-09-08,7,10072,0,9,65_2,3,245,135,33,0
2026-09-08,7,10072,0,10,204_2,1,33,33,33,0
2026-09-08,7,10075,1,15,206_1,1,176,176,176,0
2026-09-08,7,10075,1,16,205_1,2,274,139,135,0
2026-09-08,7,10075,1,17,255_1,2,286,145,141,0
2026-09-08,7,10075,1,18,204_1,3,323,121,99,0
2026-09-08,7,10075,1,19,65_1,3,548,196,174,0
2026-09-08,7,10075,1,20,67_1,3,686,242,220,0
2026-09-08,7,10075,1,21,68_1,3,809,283,261,0
2026-09-08,7,10075,1,22,69_1,3,494,178,156,0
2026-09-08,7,10075,1,23,55_1,1,120,120,120,0
2026-09-08,7,10075,1,24,56_1,2,348,231,117,0
2026-09-08,7,10075,1,25,57_1,3,596,238,124,0
2026-09-08,7,10075,1,26,59_1,4,713,208,94,0
2026-09-08,7,10075,1,27,61_2,4,405,131,17,0
2026-09-08,7,10080,1,8,424_1,1,106,106,106,0
2026-09-08,7,10080,1,9,423_1,1,18,18,18,0
2026-09-08,7,10080,1,10,422_1,2,104,79,25,0
2026-09-08,7,10080,1,11,421_3,2,50,50,0,0
2026-09-08,8,10018,0,14,9_5,1,0,0,0,0
2026-09-08,8,10018,0,15,6241_2,3,0,0,0,0
2026-09-08,8,10018,0,16,6143_2,3,0,0,0,0
2026-09-08,8,10018,0,17,6166_2,4,0,0,0,0
2026-09-08,8,10018,0,18,446_4,4,0,0,0,0
2026-09-08,8,10018,0,19,6161_2,4,0,0,0,0
2026-09-08,8,10032,1,15,6256_1,1,120,120,120,0
2026-09-08,8,10032,1,16,6255_1,4,229,81,28,0
2026-09-08,8,10032,1,17,6064_2,4,317,103,50,0
2026-09-08,8,10032,1,18,6242_2,4,361,114,61,0
2026-09-08,8,10032,1,19,94_4,4,537,158,105,0
2026-09-08,8,10032,1,20,93_2,4,509,151,98,0
2026-09-08,8,10032,1,21,6016_2,4,610,184,131,0
2026-09-08,8,10032,1,22,91_4,4,610,184,131,0
2026-09-08,8,10032,1,23,6016_1,4,694,205,152,0
2026-09-08,8,10032,1,24,93_1,4,670,193,148,0
2026-09-08,8,10032,1,25,94_2,4,562,177,94,0
2026-09-08,8,10032,1,26,95_1,4,494,160,77,0
2026-09-08,8,10032,1,27,6228_1,4,606,187,108,0
2026-09-08,8,10032,1,28,243_1,4,654,203,108,0
2026-09-08,8,10032,1,29,6041_1,4,856,255,157,0
2026-09-08,8,10032,1,30,6162_1,4,782,234,141,0
2026-09-08,8,10032,1,31,6160_1,4,764,232,128,0
2026-09-08,8,10032,1,32,6001_1,4,782,258,111,0
2026-09-08,8,10032,1,33,6161_1,4,860,271,127,0
2026-09-08,8,10032,1,34,446_3,4,816,274,130,0
2026-09-08,8,10032,1,35,6166_1,4,940,305,161,1
2026-09-08,8,10032,1,36,6143_1,4,844,281,137,0
2026-09-08,8,10032,1,37,6241_1,4,847,281,140,0
2026-09-08,8,10032,1,38,9_2,4,771,252,111,0
2026-09-08,8,10032,1,39,6057_1,4,819,264,123,0
2026-09-08,8,10032,1,40,6069_1,4,851,272,131,0
2026-09-08,8,10032,1,41,6102_1,4,1071,327,186,1
2026-09-08,8,10032,1,42,6070_2,4,927,291,150,0
2026-09-08,8,10032,1,43,393_1,4,983,305,164,1
2026-09-08,8,10032,1,44,114_1,4,835,268,127,0
2026-09-08,8,10032,1,45,114_3,4,1147,346,205,2
2026-09-08,8,10032,1,46,3_1,4,1439,419,278,3
2026-09-08,8,10032,1,47,73_1,4,1179,354,213,2
2026-09-08,8,10032,1,48,72_2,4,1341,494,154,2
2026-09-08,8,10032,1,49,55_1,4,1417,513,173,2
2026-09-08,8,10032,1,50,56_1,3,892,477,170,1
2026-09-08,8,10032,1,51,57_1,2,429,252,177,0
2026-09-08,8,10032,1,52,59_1,2,369,222,147,0
2026-09-08,8,10043,0,8,6144_1,1,99,99,99,0
2026-09-08,8,10043,0,9,6149_1,1,79,79,79,0
2026-09-08,8,10043,0,10,6149_9,1,47,47,47,0
2026-09-08,8,10047,0,10,114_4,3,1068,479,293,1
2026-09-08,8,10047,0,11,393_2,3,1095,488,302,3
2026-09-08,8,10047,0,12,6070_3,3,1113,494,308,3
2026-09-08,8,10047,0,13,6102_2,3,1041,470,284,1
2026-09-08,8,10047,0,14,6069_2,3,1008,459,273,1
2026-09-08,8,10047,0,15,6057_2,3,960,443,257,1
2026-09-08,8,10047,0,16,9_5,3,1008,437,284,1
2026-09-08,8,10047,0,17,6241_2,4,1524,497,340,4
2026-09-08,8,10047,0,18,6143_2,4,1420,466,313,4
2026-09-08,8,10047,0,19,6166_2,4,1331,442,289,2
2026-09-08,8,10047,0,20,446_4,4,1248,431,255,1
2026-09-08,8,10047,0,21,6161_2,4,1220,424,248,1
2026-09-08,8,10047,0,22,6001_2,4,1360,459,283,3
2026-09-08,8,10047,0,23,6160_2,4,1232,427,251,1
2026-09-08,8,10047,0,24,6162_2,4,1344,455,279,3
2026-09-08,8,10047,0,25,6041_2,4,1524,500,324,4
2026-09-08,8,10047,0,26,243_2,4,1476,488,312,4
2026-09-08,8,10047,0,27,6228_2,4,1468,486,310,4
2026-09-08,8,10047,0,28,95_2,4,1348,456,280,3
2026-09-08,8,10047,0,29,94_3,4,1504,495,319,4
2026-09-08,8,10047,0,30,6242_1,4,1504,495,319,4
2026-09-08,8,10047,0,31,6064_1,4,1456,483,307,4
2026-09-08,8,10047,0,32,6255_2,4,1648,531,355,4
2026-09-08,8,10047,0,33,6256_2,4,1804,570,394,4
2026-09-08,8,10047,0,34,6094_2,4,1692,542,366,4
2026-09-08,8,10047,0,35,6244_2,4,1600,519,343,4
2026-09-08,8,10047,0,36,6257_2,4,1544,505,329,4
2026-09-08,8,10047,0,37,6240_2,4,1644,530,354,4
2026-09-08,8,10047,0,38,6258_2,4,1724,550,374,4
2026-09-08,8,10047,0,39,6225_2,4,1648,531,355,4
2026-09-08,8,10047,0,40,6181_2,4,1568,511,335,4
2026-09-08,8,10047,0,41,6246_2,4,1726,537,379,4
2026-09-08,8,10047,0,42,6206_2,4,1822,547,412,4
2026-09-08,8,10047,0,43,6176_2,4,1918,563,428,4
2026-09-08,8,10047,0,44,6200_3,4,2154,622,487,4
2026-09-08,8,10047,0,45,6042_2,4,2030,591,456,4
2026-09-08,8,10047,0,46,6031_2,4,1862,549,414,4
2026-09-08,8,10047,0,47,6039_1,4,1558,473,338,4
2026-09-08,8,10047,1,35,6102_1,4,989,290,201,0
2026-09-08,8,10047,1,36,6070_2,4,845,254,165,0
2026-09-08,8,10047,1,37,393_1,4,901,268,179,0
2026-09-08,8,10047,1,38,114_1,4,753,231,142,0
2026-09-08,8,10047,1,39,114_3,4,1065,309,220,1
2026-09-08,8,10047,1,40,3_1,4,1357,382,293,3
2026-09-08,8,10047,1,41,73_1,4,1097,317,228,2
2026-09-08,8,10047,1,42,72_2,4,1259,457,169,2
2026-09-08,8,10047,1,43,55_1,4,1335,476,188,2
2026-09-08,8,10047,1,44,56_1,4,1317,470,185,2
2026-09-08,8,10047,1,45,57_1,4,1348,480,192,2
2026-09-08,8,10047,1,46,59_1,4,1228,450,162,2
2026-09-08,8,10047,1,47,61_1,4,916,372,84,2
2026-09-08,8,10049,0,13,6258_2,3,609,219,187,0
2026-09-08,8,10049,0,14,6225_2,3,552,200,168,0
2026-09-08,8,10049,0,15,6181_2,4,583,180,91,0
2026-09-08,8,10049,0,16,6246_2,4,741,224,117,0
2026-09-08,8,10049,0,17,6206_2,4,837,262,127,0
2026-09-08,8,10049,0,18,6176_2,4,933,294,143,0
2026-09-08,8,10049,0,19,6200_3,4,1169,353,202,2
2026-09-08,8,10049,0,20,6042_2,4,1045,322,171,1
2026-09-08,8,10049,0,21,6031_2,4,877,280,129,0
2026-09-08,8,10049,0,22,6039_1,4,573,204,53,0
2026-09-08,8,10050,0,12,6014_3,1,0,0,0,0
2026-09-08,8,10050,1,12,91_4,4,495,149,83,0
2026-09-08,8,10051,1,9,6205_1,1,69,69,69,0
2026-09-08,8,10051,1,10,6212_1,1,77,77,77,0
2026-09-08,8,10051,1,11,6013_1,1,57,57,57,0
2026-09-08,8,10051,1,12,93_2,1,126,126,126,0
2026-09-08,8,10051,1,13,6016_2,1,159,159,159,0
2026-09-08,8,10051,1,14,91_4,1,39,39,39,0
2026-09-08,8,10053,0,32,6188_1,2,373,187,186,0
2026-09-08,8,10053,0,33,6073_2,4,938,247,218,0
2026-09-08,8,10053,0,34,6152_1,4,938,247,218,0
2026-09-08,8,10053,0,35,6300_2,4,938,247,218,0
2026-09-08,8,10053,0,36,6289_9,4,938,247,218,0
2026-09-08,8,10053,0,37,6301_9,4,938,247,218,0
2026-09-08,8,10053,0,38,6355_9,4,938,247,218,0
2026-09-08,8,10053,0,39,6353_1,4,938,247,218,0
2026-09-08,8,10053,0,40,6332_1,4,938,247,218,0
2026-09-08,8,10053,0,41,6367_9,4,938,247,218,0
2026-09-08,8,10053,0,42,6347_9,4,938,247,218,0
2026-09-08,8,10053,0,43,6294_1,4,938,247,218,0
2026-09-08,8,10053,0,44,6357_1,4,938,247,218,0
2026-09-08,8,10053,0,45,6360_1,4,938,247,218,0
2026-09-08,8,10053,0,46,6345_1,4,938,247,218,0
2026-09-08,8,10053,0,47,6358_9,4,978,257,228,0
2026-09-08,8,10053,0,48,6346_9,4,978,257,228,0
2026-09-08,8,10053,0,49,6375_1,4,1018,267,238,0
2026-09-08,8,10053,0,50,6356_9,4,1018,267,238,0
2026-09-08,8,10053,0,51,6368_9,4,1018,267,238,0
2026-09-08,8,10053,0,52,6366_9,4,1018,267,238,0
2026-09-08,8,10053,0,53,6329_1,4,1018,267,238,0
2026-09-08,8,10053,0,54,6275_1,4,1018,267,238,0
2026-09-08,8,10053,0,55,6277_1,4,1018,267,238,0
2026-09-08,8,10053,0,56,6348_9,4,1018,267,238,0
2026-09-08,8,10053,0,57,6370_9,4,1018,267,238,0
2026-09-08,8,10053,0,58,6371_1,4,1018,267,238,0
2026-09-08,8,10053,0,59,6282_1,4,1018,267,238,0
2026-09-08,8,10053,0,60,6344_9,4,1018,267,238,0
2026-09-08,8,10053,0,61,6369_1,4,1018,267,238,0
2026-09-08,8,10053,0,62,6297_1,4,1018,267,238,0
2026-09-08,8,10053,0,63,6327_9,4,1018,267,238,0
2026-09-08,8,10055,0,5,446_4,1,0,0,0,0
2026-09-08,8,10055,0,6,6158_2,1,10,10,10,0
2026-09-08,8,10055,0,7,447_2,1,7,7,7,0
2026-09-08,8,10055,0,8,448_2,1,6,6,6,0
2026-09-08,8,10055,0,9,14_3,1,64,64,64,0
2026-09-08,8,10055,0,10,15_2,1,37,37,37,0
2026-09-08,8,10055,0,11,16_2,1,56,56,56,0
2026-09-08,8,10055,0,12,17_2,1,11,11,11,0
2026-09-08,8,10055,0,13,18_2,1,0,0,0,0
2026-09-08,8,10055,0,14,44_2,1,5,5,5,0
2026-09-08,8,10055,0,15,43_2,1,8,8,8,0
2026-09-08,8,10055,0,16,42_2,1,30,30,30,0
2026-09-08,8,10055,0,17,21_2,1,12,12,12,0
2026-09-08,8,10055,0,18,40_2,1,45,45,45,0
2026-09-08,8,10055,0,19,39_2,1,58,58,58,0
2026-09-08,8,10055,0,20,7471_2,1,44,44,44,0
2026-09-08,8,10055,0,21,472_2,1,16,16,16,0
2026-09-08,8,10055,0,22,473_2,1,83,83,83,0
2026-09-08,8,10055,0,23,474_2,1,65,65,65,0
2026-09-08,8,10055,0,24,7475_3,1,0,0,0,0
2026-09-08,8,10055,0,25,6260_2,1,0,0,0,0
2026-09-08,8,10055,0,26,6263_2,1,20,20,20,0
2026-09-08,8,10055,0,27,6196_2,1,3,3,3,0
2026-09-08,8,10055,0,28,6134_2,1,20,20,20,0
2026-09-08,8,10055,0,29,6106_2,1,29,29,29,0
2026-09-08,8,10055,0,30,6290_1,1,29,29,29,0
2026-09-08,8,10055,0,31,6020_9,1,29,29,29,0
2026-09-08,8,10055,0,32,6019_1,1,0,0,0,0
2026-09-08,8,10055,0,33,6148_2,1,138,138,138,0
2026-09-08,8,10055,0,34,6036_2,1,148,148,148,0
2026-09-08,8,10055,0,35,6150_2,1,148,148,148,0
2026-09-08,8,10055,0,36,6122_9,1,124,124,124,0
2026-09-08,8,10055,0,37,6147_2,1,111,111,111,0
2026-09-08,8,10055,0,38,6145_1,1,111,111,111,0
2026-09-08,8,10055,0,39,6144_1,1,99,99,99,0
2026-09-08,8,10055,0,40,6149_1,1,79,79,79,0
2026-09-08,8,10055,0,41,6149_9,1,47,47,47,0
2026-09-08,8,10060,0,5,393_2,1,45,45,45,0
2026-09-08,8,10060,0,6,6070_3,1,51,51,51,0
2026-09-08,8,10060,0,7,6102_2,1,27,27,27,0
2026-09-08,8,10060,0,8,6069_2,1,16,16,16,0
2026-09-08,8,10060,0,9,6057_2,1,0,0,0,0
2026-09-08,8,10060,0,10,9_5,1,27,27,27,0
2026-09-08,8,10060,0,11,6241_2,1,83,83,83,0
2026-09-08,8,10060,0,12,6143_2,1,62,62,62,0
2026-09-08,8,10060,0,13,6166_2,1,45,45,45,0
2026-09-08,8,10060,0,14,446_4,1,0,0,0,0
2026-09-08,8,10060,0,15,6161_2,1,0,0,0,0
2026-09-08,8,10060,0,16,6001_2,1,35,35,35,0
2026-09-08,8,10060,0,17,6160_2,1,3,3,3,0
2026-09-08,8,10060,0,18,6162_2,1,31,31,31,0
2026-09-08,8,10060,0,19,6041_2,1,76,76,76,0
2026-09-08,8,10060,0,20,243_2,1,64,64,64,0
2026-09-08,8,10060,0,21,6228_2,1,62,62,62,0
2026-09-08,8,10060,0,22,95_2,1,32,32,32,0
2026-09-08,8,10060,0,23,94_3,1,71,71,71,0
2026-09-08,8,10060,0,24,6013_2,5,244,71,35,0
2026-09-08,8,10060,0,25,6212_2,5,194,61,25,0
2026-09-08,8,10060,0,26,6205_2,5,264,75,39,0
2026-09-08,8,10060,0,27,6187_3,5,214,65,29,0
2026-09-08,8,10060,0,28,6011_4,5,397,101,65,0
2026-09-08,8,10060,0,29,6017_2,5,360,94,58,0
2026-09-08,8,10060,0,30,6172_2,5,288,84,39,0
2026-09-08,8,10060,0,31,6067_2,4,446,137,92,0
2026-09-08,8,10060,0,32,6248_2,5,484,126,81,0
2026-09-08,8,10060,0,33,6249_2,4,314,104,59,0
2026-09-08,8,10060,0,34,6015_2,2,0,0,0,0
2026-09-08,8,10060,1,18,6160_1,3,219,74,72,0
2026-09-08,8,10060,1,19,6001_1,4,288,98,34,0
2026-09-08,8,10060,1,20,6161_1,4,366,122,50,0
2026-09-08,8,10060,1,21,446_3,4,322,114,53,0
2026-09-08,8,10060,1,22,6166_1,4,446,145,84,0
2026-09-08,8,10060,1,23,6143_1,4,350,121,60,0
2026-09-08,8,10060,1,24,6241_1,4,353,121,63,0
2026-09-08,8,10060,1,25,9_2,7,541,97,34,0
2026-09-08,8,10060,1,26,8_3,8,923,140,77,0
2026-09-08,8,10060,1,27,6_1,8,1195,174,111,0
2026-09-08,8,10060,1,28,902_1,8,1051,156,93,0
2026-09-08,8,10060,1,29,5_1,8,913,141,69,0
2026-09-08,8,10060,1,30,4_1,8,901,144,94,0
2026-09-08,8,10060,1,31,6059_1,12,2430,243,136,0
2026-09-08,8,10060,1,32,3_1,12,1818,192,85,0
2026-09-08,8,10060,1,33,73_1,12,1038,127,20,0
2026-09-08,8,10060,1,34,128_1,12,942,119,12,0
2026-09-08,8,10060,1,35,114_5,4,3,3,0,0
2026-09-08,8,10062,0,8,6169_2,1,522,522,522,1
2026-09-08,8,10062,0,9,6263_2,2,1038,575,463,2
2026-09-08,8,10062,0,10,6196_2,2,1004,558,446,2
2026-09-08,8,10062,0,11,6134_2,3,1401,575,363,3
2026-09-08,8,10062,0,12,6106_2,3,1428,584,372,3
2026-09-08,8,10062,0,13,6290_1,3,1428,584,372,3
2026-09-08,8,10062,0,14,6020_9,3,1428,584,372,3
2026-09-08,8,10062,0,15,6019_1,3,993,439,227,2
2026-09-08,8,10062,1,13,6170_1,1,273,273,273,0
2026-09-08,8,10062,1,14,7841_2,4,964,307,209,1
2026-09-08,8,10062,1,15,91_2,4,610,230,91,0
2026-09-08,8,10068,0,33,216_2,3,1026,353,326,3
2026-09-08,8,10068,0,34,752_2,4,1178,320,251,2
2026-09-08,8,10068,0,35,7217_2,4,1110,303,234,1
2026-09-08,8,10068,0,36,422_1,4,1306,352,283,3
2026-09-08,8,10068,0,37,421_1,4,1624,446,361,4
2026-09-08,8,10068,0,38,6163_1,4,1666,447,381,4
2026-09-08,8,10068,0,39,419_1,4,1676,463,370,4
2026-09-08,8,10068,0,40,418_1,4,1968,549,456,4
2026-09-08,8,10068,0,41,440_1,4,1996,556,463,4
2026-09-08,8,10068,0,42,6236_1,4,2312,635,542,4
2026-09-08,8,10068,0,43,6109_1,4,2312,635,542,4
2026-09-08,8,10068,1,18,210_1,1,366,366,366,1
2026-09-08,8,10068,1,19,6023_3,4,1975,531,453,4
2026-09-08,8,10068,1,20,7717_1,4,2071,555,477,4
2026-09-08,8,10068,1,21,765_1,4,2344,637,504,4
2026-09-08,8,10068,1,22,610_1,4,2042,564,426,4
2026-09-08,8,10068,1,23,609_1,4,2062,599,401,4
2026-09-08,8,10068,1,24,608_1,4,2278,665,451,4
2026-09-08,8,10068,1,25,607_1,4,2206,647,433,4
2026-09-08,8,10068,1,26,606_1,4,2302,671,457,4
2026-09-08,8,10068,1,27,249_1,4,1954,584,370,4
2026-09-08,8,10068,1,28,250_1,4,1886,567,353,4
2026-09-08,8,10068,1,29,251_1,4,1794,544,330,4
2026-09-08,8,10068,1,30,152_2,4,1898,570,356,4
2026-09-08,8,10068,1,31,151_1,5,2574,604,390,5
2026-09-08,8,10068,1,32,150_1,8,4354,659,433,8
2026-09-08,8,10068,1,33,252_1,8,4890,726,500,8
2026-09-08,8,10068,1,34,186_1,8,4514,679,453,8
2026-09-08,8,10068,1,35,253_1,8,4258,647,421,8
2026-09-08,8,10068,1,36,53_1,8,3994,614,388,8
2026-09-08,8,10068,1,37,254_1,8,4818,717,491,8
2026-09-08,8,10068,1,38,4_4,8,4458,672,446,8
2026-09-08,8,10068,1,39,6059_1,8,4098,627,401,8
2026-09-08,8,10068,1,40,3_1,8,4170,636,410,8
2026-09-08,8,10068,1,41,73_1,8,3650,571,345,8
2026-09-08,8,10068,1,42,128_1,8,3586,563,337,8
2026-09-08,8,10068,1,43,114_5,8,2234,408,154,4
2026-09-08,8,10070,0,10,186_2,2,348,176,172,0
2026-09-08,8,10070,0,11,252_2,3,593,218,161,0
2026-09-08,8,10070,0,12,150_2,3,830,297,240,0
2026-09-08,8,10070,0,13,151_2,3,845,302,245,1
2026-09-08,8,10070,0,14,152_3,3,722,261,204,0
2026-09-08,8,10070,0,15,251_2,3,665,242,185,0
2026-09-08,8,10070,0,16,250_2,3,593,218,161,0
2026-09-08,8,10070,0,17,249_2,3,599,220,163,0
2026-09-08,8,10070,0,18,606_2,3,539,200,143,0
2026-09-08,8,10070,0,19,607_2,3,509,190,133,0
2026-09-08,8,10070,0,20,608_2,3,476,179,122,0
2026-09-08,8,10070,0,21,609_2,3,407,156,99,0
2026-09-08,8,10070,0,22,610_2,3,359,140,83,0
2026-09-08,8,10070,0,23,765_2,3,566,209,152,0
2026-09-08,8,10070,0,24,7717_2,4,645,205,110,0
2026-09-08,8,10070,0,25,6023_1,4,783,236,163,0
2026-09-08,8,10070,0,26,210_2,4,777,236,163,0
2026-09-08,8,10070,0,27,211_2,4,777,236,163,0
2026-09-08,8,10070,0,28,212_2,4,777,236,163,0
2026-09-08,8,10070,0,29,615_2,4,817,246,173,0
2026-09-08,8,10070,0,30,7213_2,4,1057,306,233,1
2026-09-08,8,10070,0,31,214_2,4,1057,306,233,1
2026-09-08,8,10070,0,32,215_2,4,1057,306,233,1
2026-09-08,8,10070,0,33,216_2,4,1185,338,265,2
2026-09-08,8,10070,0,34,752_2,4,1053,305,232,1
2026-09-08,8,10070,0,35,7217_2,4,985,288,215,0
2026-09-08,8,10070,0,36,422_1,4,1181,337,264,2
2026-09-08,8,10070,0,37,421_3,4,1251,341,278,2
2026-09-08,8,10072,0,10,204_2,2,212,135,77,0
2026-09-08,8,10072,0,11,255_2,3,245,135,33,0
2026-09-08,8,10072,0,12,205_2,3,92,75,0,0
2026-09-08,8,10072,0,13,206_2,3,92,75,0,0
2026-09-08,8,10072,0,14,863_3,3,272,135,60,0
2026-09-08,8,10072,0,15,209_2,3,272,135,60,0
2026-09-08,8,10072,0,16,210_2,3,272,135,60,0
2026-09-08,8,10072,0,17,211_2,3,272,135,60,0
2026-09-08,8,10072,0,18,212_2,3,272,135,60,0
2026-09-08,8,10072,0,19,615_2,3,302,145,70,0
2026-09-08,8,10072,0,20,7213_2,3,482,205,130,0
2026-09-08,8,10072,0,21,214_2,3,482,205,130,0
2026-09-08,8,10072,0,22,215_2,3,482,205,130,0
2026-09-08,8,10072,0,23,216_2,3,578,237,162,0
2026-09-08,8,10072,0,24,752_2,3,479,204,129,0
2026-09-08,8,10072,0,25,7217_2,3,428,187,112,0
2026-09-08,8,10072,0,26,422_1,3,575,236,161,0
2026-09-08,8,10072,0,27,421_1,3,799,330,197,1
2026-09-08,8,10072,0,28,6163_1,3,840,331,217,1
2026-09-08,8,10072,0,29,419_1,3,834,347,206,1
2026-09-08,8,10072,0,30,418_1,4,1473,433,292,3
2026-09-08,8,10072,0,31,440_1,4,1501,440,299,3
2026-09-08,8,10072,0,32,6236_1,4,1817,519,378,4
2026-09-08,8,10072,0,33,6109_1,4,1817,519,378,4
2026-09-08,8,10075,1,23,55_1,3,494,210,96,0
2026-09-08,8,10075,1,24,56_1,3,482,204,93,0
2026-09-08,8,10075,1,25,57_1,4,717,214,100,0
2026-09-08,8,10075,1,26,59_1,4,597,184,70,0
2026-09-08,8,10075,1,27,61_2,4,296,107,0,0
2026-09-08,9,10002,0,1,61_3,1,0,0,0,0
2026-09-08,9,10032,0,19,6166_2,1,25,25,25,0
2026-09-08,9,10032,0,20,446_4,1,27,27,27,0
2026-09-08,9,10032,0,21,6161_2,2,10,10,0,0
2026-09-08,9,10032,0,22,6001_2,2,126,68,58,0
2026-09-08,9,10032,0,23,6160_2,2,156,83,73,0
2026-09-08,9,10032,0,24,6162_2,3,249,87,77,0
2026-09-08,9,10032,0,25,6041_2,3,329,119,101,0
2026-09-08,9,10032,0,26,243_2,3,332,132,96,0
2026-09-08,9,10032,0,27,6228_2,3,278,114,78,0
2026-09-08,9,10032,0,28,95_2,4,242,87,48,0
2026-09-08,9,10032,0,29,94_3,3,264,93,84,0
2026-09-08,9,10032,1,6,6206_1,1,76,76,76,0
2026-09-08,9,10032,1,7,6246_1,1,111,111,111,0
2026-09-08,9,10032,1,8,6181_1,2,170,90,80,0
2026-09-08,9,10032,1,9,6225_1,2,166,88,78,0
2026-09-08,9,10032,1,10,6258_1,3,208,79,60,0
2026-09-08,9,10032,1,11,6240_1,3,250,93,74,0
2026-09-08,9,10032,1,12,6257_1,3,349,126,107,0
2026-09-08,9,10032,1,13,6244_1,3,385,138,119,0
2026-09-08,9,10032,1,14,6094_1,3,316,115,96,0
2026-09-08,9,10032,1,15,6256_1,3,286,105,86,0
2026-09-08,9,10032,1,45,114_3,1,503,503,503,1
2026-09-08,9,10032,1,46,3_1,2,1247,678,569,2
2026-09-08,9,10032,1,47,73_1,3,1794,647,519,3
2026-09-08,9,10032,1,48,72_2,1,559,559,559,1
2026-09-08,9,10032,1,50,56_1,1,507,507,507,1
2026-09-08,9,10032,1,51,57_1,2,1001,514,487,2
2026-09-08,9,10032,1,52,59_1,2,941,484,457,2
2026-09-08,9,10032,1,53,61_1,4,998,406,69,2
2026-09-08,9,10033,0,4,6211_1,1,103,103,103,0
2026-09-08,9,10033,0,5,6033_1,1,163,163,163,0
2026-09-08,9,10033,0,6,6400_2,1,163,163,163,0
2026-09-08,9,10033,0,7,6401_2,2,239,163,76,0
2026-09-08,9,10033,0,8,6074_2,3,326,163,76,0
2026-09-08,9,10033,0,9,6169_2,3,212,125,38,0
2026-09-08,9,10033,0,10,6260_1,4,419,163,76,0
2026-09-08,9,10033,0,11,7475_1,2,48,48,0,0
2026-09-08,9,10033,1,8,6033_2,1,83,83,83,0
2026-09-08,9,10033,1,9,6211_2,1,66,66,66,0
2026-09-08,9,10033,1,10,6170_1,2,138,79,59,0
2026-09-08,9,10033,1,11,7841_2,3,402,154,114,0
2026-09-08,9,10047,0,2,59_4,2,106,57,49,0
2026-09-08,9,10047,0,3,57_2,3,330,142,90,0
2026-09-08,9,10047,0,4,56_2,3,651,249,197,0
2026-09-08,9,10047,0,5,55_2,2,506,257,249,0
2026-09-08,9,10047,0,47,6039_1,1,144,144,144,0
2026-09-08,9,10047,1,21,6228_1,1,115,115,115,0
2026-09-08,9,10047,1,22,243_1,2,277,151,126,0
2026-09-08,9,10047,1,23,6041_1,2,345,185,160,0
2026-09-08,9,10047,1,24,6162_1,2,279,152,127,0
2026-09-08,9,10047,1,25,6160_1,3,427,156,123,0
2026-09-08,9,10047,1,26,6001_1,3,370,137,104,0
2026-09-08,9,10047,1,27,6161_1,4,860,247,185,0
2026-09-08,9,10047,1,28,446_3,4,832,240,178,0
2026-09-08,9,10047,1,29,6166_1,4,817,236,175,0
2026-09-08,9,10047,1,30,6143_1,1,147,147,147,0
2026-09-08,9,10049,0,13,6258_2,1,132,132,132,0
2026-09-08,9,10049,0,14,6225_2,1,109,109,109,0
2026-09-08,9,10049,0,15,6181_2,1,90,90,90,0
2026-09-08,9,10049,0,16,6246_2,2,246,141,105,0
2026-09-08,9,10049,0,17,6206_2,2,256,146,110,0
2026-09-08,9,10049,0,18,6176_2,3,404,148,110,0
2026-09-08,9,10049,0,19,6200_3,3,533,191,153,0
2026-09-08,9,10049,0,20,6042_2,3,443,161,123,0
2026-09-08,9,10049,0,21,6031_2,3,326,122,84,0
2026-09-08,9,10049,0,22,6039_1,3,169,63,45,0
2026-09-08,9,10051,0,2,6016_1,1,99,99,99,0
2026-09-08,9,10051,0,3,93_1,1,121,121,121,0
2026-09-08,9,10051,0,4,6013_2,2,334,179,155,0
2026-09-08,9,10051,0,5,6212_2,3,497,181,157,0
2026-09-08,9,10051,0,6,6205_2,3,557,201,177,0
2026-09-08,9,10051,0,7,6187_3,3,521,189,165,0
2026-09-08,9,10051,0,8,6011_4,4,876,238,208,0
2026-09-08,9,10051,0,9,6017_2,4,928,251,221,0
2026-09-08,9,10051,0,10,6172_2,4,844,230,200,0
2026-09-08,9,10051,0,11,6067_2,4,1036,278,248,0
2026-09-08,9,10051,0,12,6248_2,2,472,239,233,0
2026-09-08,9,10051,1,5,6172_1,1,20,20,20,0
2026-09-08,9,10051,1,6,6017_1,2,115,75,40,0
2026-09-08,9,10051,1,7,6011_1,3,222,89,54,0
2026-09-08,9,10051,1,8,6187_2,4,560,155,115,0
2026-09-08,9,10051,1,9,6205_1,4,540,150,110,0
2026-09-08,9,10051,1,10,6212_1,4,587,164,115,0
2026-09-08,9,10051,1,11,6013_1,4,557,159,105,0
2026-09-08,9,10051,1,12,93_2,2,319,179,140,0
2026-09-08,9,10053,0,64,6349_9,4,1018,267,238,0
2026-09-08,9,10053,0,65,6265_9,4,1058,277,248,0
2026-09-08,9,10053,0,66,6316_9,4,1058,277,248,0
2026-09-08,9,10053,0,67,6291_9,4,1058,277,248,0
2026-09-08,9,10053,0,68,6340_1,4,1058,277,248,0
2026-09-08,9,10053,0,69,6309_9,4,1058,277,248,0
2026-09-08,9,10053,0,70,6321_9,4,1058,277,248,0
2026-09-08,9,10053,0,71,6278_9,4,1058,277,248,0
2026-09-08,9,10053,0,72,6350_1,4,1058,277,248,0
2026-09-08,9,10053,1,5,6340_9,1,69,69,69,0
2026-09-08,9,10053,1,6,6291_1,1,69,69,69,0
2026-09-08,9,10053,1,7,6316_1,2,171,102,69,0
2026-09-08,9,10053,1,8,6265_1,3,268,102,69,0
2026-09-08,9,10053,1,9,6349_1,4,359,102,69,0
2026-09-08,9,10053,1,10,6327_1,4,359,102,69,0
2026-09-08,9,10053,1,11,6297_9,4,359,102,69,0
2026-09-08,9,10054,0,2,6402_9,1,163,163,163,0
2026-09-08,9,10054,0,3,6271_9,1,213,213,213,0
2026-09-08,9,10054,0,4,6292_1,1,153,153,153,0
2026-09-08,9,10054,1,1,6292_1,2,237,179,58,0
2026-09-08,9,10054,1,2,6271_1,2,337,229,108,0
2026-09-08,9,10054,1,3,6402_1,2,319,220,99,0
2026-09-08,9,10054,1,4,6403_1,2,485,303,182,1
2026-09-08,9,10054,1,5,6293_1,2,227,174,53,0
2026-09-08,9,10060,1,1,6015_1,1,0,0,0,0
2026-09-08,9,10060,1,2,6249_1,1,49,49,49,0
2026-09-08,9,10060,1,3,6248_1,2,95,52,43,0
2026-09-08,9,10060,1,4,6067_1,2,8,8,0,0
2026-09-08,9,10060,1,5,6172_1,2,80,44,36,0
2026-09-08,9,10060,1,6,6017_1,3,156,56,46,0
2026-09-08,9,10060,1,10,6212_1,1,140,140,140,0
2026-09-08,9,10060,1,11,6013_1,2,275,145,130,0
2026-09-08,9,10060,1,12,94_2,3,287,106,83,0
2026-09-08,9,10060,1,13,95_1,4,318,88,65,0
2026-09-08,9,10060,1,14,6228_1,4,492,135,98,0
2026-09-08,9,10060,1,15,243_1,4,556,156,109,0
2026-09-08,9,10060,1,16,6041_1,4,682,185,143,0
2026-09-08,9,10060,1,17,6162_1,4,556,155,110,0
2026-09-08,9,10060,1,18,6160_1,1,106,106,106,0
2026-09-08,9,10060,1,22,6166_1,1,120,120,120,0
2026-09-08,9,10060,1,23,6143_1,1,92,92,92,0
2026-09-08,9,10060,1,24,6241_1,2,258,150,108,0
2026-09-08,9,10060,1,25,9_2,3,272,109,67,0
2026-09-08,9,10060,1,26,8_3,4,307,98,56,0
2026-09-08,9,10060,1,27,6_1,4,371,114,72,0
2026-09-08,9,10060,1,28,902_1,3,290,112,83,0
2026-09-08,9,10061,0,1,3_1,1,25,25,25,0
2026-09-08,9,10061,0,2,73_1,1,0,0,0,0
2026-09-08,9,10061,0,3,128_1,2,124,66,58,0
2026-09-08,9,10061,0,7,5_3,1,165,165,165,0
2026-09-08,9,10061,0,8,902_2,2,220,126,94,0
2026-09-08,9,10061,0,9,6_2,3,400,146,114,0
2026-09-08,9,10061,0,10,8_1,4,655,176,144,0
2026-09-08,9,10061,0,11,9_5,4,519,142,110,0
2026-09-08,9,10061,0,14,6166_2,1,214,214,214,0
2026-09-08,9,10061,0,15,446_4,2,421,216,205,0
2026-09-08,9,10061,0,16,6161_2,3,579,199,188,0
2026-09-08,9,10061,0,17,6001_2,3,753,257,246,0
2026-09-08,9,10061,0,18,6160_2,3,798,272,261,0
2026-09-08,9,10061,0,19,6162_2,4,1092,282,265,0
2026-09-08,9,10061,0,20,6041_2,5,2083,887,289,3
2026-09-08,9,10061,0,21,243_2,5,2094,900,284,3
2026-09-08,9,10061,0,22,6228_2,5,2004,882,266,2
2026-09-08,9,10061,0,23,95_2,6,2682,855,239,2
2026-09-08,9,10061,0,24,94_3,6,3435,891,275,3
2026-09-08,9,10061,0,25,6013_2,4,3569,922,879,4
2026-09-08,9,10061,0,26,6212_2,4,3606,924,888,4
2026-09-08,9,10061,0,27,6205_2,4,3674,944,908,4
2026-09-08,9,10061,0,28,6187_3,3,2725,932,896,3
2026-09-08,9,10064,0,4,6902_2,1,94,94,94,0
2026-09-08,9,10064,0,5,6006_2,1,128,128,128,0
2026-09-08,9,10064,0,6,6229_2,2,279,142,137,0
2026-09-08,9,10064,0,7,6074_2,3,370,131,117,0
2026-09-08,9,10064,0,8,6169_2,3,256,93,79,0
2026-09-08,9,10064,0,9,6263_2,4,360,100,83,0
2026-09-08,9,10064,0,10,6196_2,4,296,84,67,0
2026-09-08,9,10064,0,11,6134_2,4,376,104,87,0
2026-09-08,9,10064,0,12,6106_2,4,368,102,85,0
2026-09-08,9,10064,0,13,6020_9,4,436,119,102,0
2026-09-08,9,10064,1,8,6019_1,1,0,0,0,0
2026-09-08,9,10064,1,9,6020_1,2,48,46,2,0
2026-09-08,9,10064,1,10,6106_1,3,304,144,58,0
2026-09-08,9,10064,1,11,6134_1,3,262,130,44,0
2026-09-08,9,10064,1,12,6196_1,4,544,171,85,0
2026-09-08,9,10064,1,13,6263_1,4,404,136,50,0
2026-09-08,9,10064,1,14,6169_1,4,198,84,0,0
2026-09-08,9,10064,1,15,6405_1,4,250,97,13,0
2026-09-08,9,10064,1,16,6074_1,4,238,94,10,0
2026-09-08,9,10064,1,17,6229_1,1,22,22,22,0
2026-09-08,9,10068,0,7,254_2,1,385,385,385,1
2026-09-08,9,10068,0,8,53_3,2,663,338,325,2
2026-09-08,9,10068,0,9,253_2,2,605,309,296,1
2026-09-08,9,10068,0,10,186_2,3,1058,415,315,3
2026-09-08,9,10068,0,11,252_2,3,1304,497,397,3
2026-09-08,9,10068,0,12,150_2,2,681,347,334,2
2026-09-08,9,10068,0,24,7717_2,1,633,633,633,1
2026-09-08,9,10068,0,25,6023_1,2,1453,728,725,2
2026-09-08,9,10068,0,26,210_2,3,2181,746,692,3
2026-09-08,9,10068,0,27,211_2,3,2130,729,675,3
2026-09-08,9,10068,0,28,212_2,3,2205,754,700,3
2026-09-08,9,10068,0,29,615_2,3,2331,796,742,3
2026-09-08,9,10068,0,30,7213_2,1,695,695,695,1
2026-09-08,9,10068,0,43,6109_1,1,1027,1027,1027,1
2026-09-08,9,10068,1,1,6109_1,4,0,0,0,0
2026-09-08,9,10068,1,2,6236_2,4,0,0,0,0
2026-09-08,9,10068,1,3,440_2,4,0,0,0,0
2026-09-08,9,10068,1,4,418_2,4,0,0,0,0
2026-09-08,9,10068,1,5,419_2,3,0,0,0,0
2026-09-08,9,10068,1,6,6163_2,2,0,0,0,0
2026-09-08,9,10068,1,14,7213_1,1,274,274,274,0
2026-09-08,9,10068,1,15,615_1,2,686,346,340,2
2026-09-08,9,10068,1,16,212_1,3,941,323,306,3
2026-09-08,9,10068,1,17,211_1,4,1618,443,384,4
2026-09-08,9,10068,1,18,210_1,4,1738,473,414,4
2026-09-08,9,10068,1,34,186_1,1,379,379,379,1
2026-09-08,9,10068,1,35,253_1,2,776,391,385,2
2026-09-08,9,10068,1,36,53_1,3,1274,430,420,3
2026-09-08,9,10068,1,37,254_1,4,1935,494,469,4
2026-09-08,9,10068,1,38,4_4,4,1719,440,415,4
2026-09-08,9,10072,0,1,61_2,1,0,0,0,0
2026-09-08,9,10072,0,2,59_4,3,6,4,0,0
2026-09-08,9,10072,0,3,57_2,3,129,45,41,0
2026-09-08,9,10072,0,10,204_2,1,365,365,365,1
2026-09-08,9,10072,0,11,255_2,2,957,503,454,2
2026-09-08,9,10072,0,12,205_2,3,1324,476,421,3
2026-09-08,9,10072,0,13,206_2,4,1618,445,387,4
2026-09-08,9,10072,0,14,863_3,3,1038,351,342,3
2026-09-08,9,10072,0,33,6109_1,1,81,81,81,0
2026-09-08,9,10072,1,4,418_2,1,163,163,163,0
2026-09-08,9,10072,1,5,419_2,2,326,206,120,0
2026-09-08,9,10072,1,6,6163_2,3,391,200,77,0
2026-09-08,9,10072,1,7,421_2,3,445,218,95,0
2026-09-08,9,10072,1,8,422_2,4,513,212,86,0
2026-09-08,9,10072,1,9,7217_1,3,232,103,63,0
2026-09-08,9,10075,1,17,255_1,1,189,189,189,0
2026-09-08,9,10075,1,18,204_1,1,215,215,215,0
2026-09-08,9,10075,1,19,65_1,3,574,230,137,0
2026-09-08,9,10075,1,20,67_1,4,926,277,184,0
2026-09-08,9,10075,1,21,68_1,4,1010,298,205,0
2026-09-08,9,10075,1,22,69_1,4,442,156,63,0
2026-09-08,9,10082,0,4,424_2,1,75,75,75,0
2026-09-08,9,10082,0,5,425_1,2,171,96,75,0
2026-09-08,9,10082,0,6,426_2,3,218,96,47,0
2026-09-08,9,10082,0,7,427_1,4,257,96,39,0
2026-09-08,9,10082,0,8,428_1,4,257,96,39,0
2026-09-08,9,10082,0,9,427_2,4,257,96,39,0
2026-09-08,9,10082,0,10,6168_2,4,257,96,39,0
2026-09-08,9,10082,0,11,6112_2,3,139,53,39,0
2026-09-08,10,10002,0,2,59_2,1,108,108,108,0
2026-09-08,10,10002,0,3,534_1,1,91,91,91,0
2026-09-08,10,10002,0,4,256_1,1,117,117,117,0
2026-09-08,10,10002,0,5,910_1,1,167,167,167,0
2026-09-08,10,10002,0,6,122_2,1,74,74,74,0
2026-09-08,10,10002,0,7,123_2,1,0,0,0,0
2026-09-08,10,10002,0,8,124_2,1,0,0,0,0
2026-09-08,10,10002,0,9,125_2,1,73,73,73,0
2026-09-08,10,10002,0,10,126_2,1,11,11,11,0
2026-09-08,10,10002,0,11,127_2,1,0,0,0,0
2026-09-08,10,10002,0,12,203_2,1,9,9,9,0
2026-09-08,10,10002,0,13,113_4,1,7,7,7,0
2026-09-08,10,10002,0,14,905_3,1,7,7,7,0
2026-09-08,10,10002,0,15,456_2,1,7,7,7,0
2026-09-08,10,10002,0,16,455_2,1,7,7,7,0
2026-09-08,10,10002,0,17,699_1,1,0,0,0,0
2026-09-08,10,10002,0,18,454_2,1,0,0,0,0
2026-09-08,10,10002,0,19,453_2,1,60,60,60,0
2026-09-08,10,10002,0,20,75_3,1,0,0,0,0
2026-09-08,10,10002,0,21,906_2,1,0,0,0,0
2026-09-08,10,10002,0,22,452_2,1,0,0,0,0
2026-09-08,10,10002,0,23,451_2,1,0,0,0,0
2026-09-08,10,10002,0,24,445_3,1,0,0,0,0
2026-09-08,10,10002,0,25,446_2,1,0,0,0,0
2026-09-08,10,10032,0,29,94_3,1,123,123,123,0
2026-09-08,10,10032,0,30,93_2,4,247,88,49,0
2026-09-08,10,10032,0,31,6016_2,4,255,90,51,0
2026-09-08,10,10032,0,32,91_1,1,0,0,0,0
2026-09-08,10,10032,0,33,6016_1,1,49,49,49,0
2026-09-08,10,10032,0,34,93_1,2,112,71,41,0
2026-09-08,10,10032,0,35,94_1,2,126,78,48,0
2026-09-08,10,10032,0,36,6242_1,2,166,98,68,0
2026-09-08,10,10032,0,37,6064_1,2,116,73,43,0
2026-09-08,10,10032,0,38,6255_2,2,210,120,90,0
2026-09-08,10,10032,0,39,6256_2,2,244,137,107,0
2026-09-08,10,10032,0,40,6094_2,2,194,112,82,0
2026-09-08,10,10032,0,41,6244_2,2,152,91,61,0
2026-09-08,10,10032,0,42,6257_2,2,140,85,55,0
2026-09-08,10,10032,0,43,6240_2,2,214,122,92,0
2026-09-08,10,10032,0,44,6258_2,2,229,120,109,0
2026-09-08,10,10032,0,45,6225_2,2,183,97,86,0
2026-09-08,10,10032,0,46,6181_2,2,144,78,66,0
2026-09-08,10,10032,0,47,6246_2,3,259,93,81,0
2026-09-08,10,10032,0,48,6206_2,3,271,98,86,0
2026-09-08,10,10032,0,49,6176_2,3,271,98,86,0
2026-09-08,10,10032,0,50,6200_3,3,400,141,129,0
2026-09-08,10,10032,0,51,6042_2,3,310,111,99,0
2026-09-08,10,10032,0,52,6031_2,3,193,72,60,0
2026-09-08,10,10032,0,53,6039_1,3,36,33,1,0
2026-09-08,10,10032,1,16,6255_1,3,154,61,42,0
2026-09-08,10,10032,1,17,6064_2,3,244,91,72,0
2026-09-08,10,10032,1,18,6242_2,3,238,89,70,0
2026-09-08,10,10032,1,19,94_4,3,343,124,105,0
2026-09-08,10,10032,1,20,93_2,3,391,140,121,0
2026-09-08,10,10032,1,21,6016_2,3,397,142,123,0
2026-09-08,10,10032,1,22,91_4,1,0,0,0,0
2026-09-08,10,10032,1,23,6016_1,2,175,90,85,0
2026-09-08,10,10032,1,24,93_1,2,189,107,82,0
2026-09-08,10,10032,1,25,94_2,2,101,63,38,0
2026-09-08,10,10032,1,26,95_1,2,65,45,20,0
2026-09-08,10,10032,1,27,6228_1,2,145,78,67,0
2026-09-08,10,10032,1,28,243_1,3,255,89,78,0
2026-09-08,10,10032,1,29,6041_1,3,352,123,112,0
2026-09-08,10,10032,1,30,6162_1,3,256,90,79,0
2026-09-08,10,10032,1,31,6160_1,4,348,104,75,0
2026-09-08,10,10032,1,32,6001_1,4,272,85,56,0
2026-09-08,10,10032,1,33,6161_1,4,596,166,137,0
2026-09-08,10,10032,1,34,446_3,4,568,159,130,0
2026-09-08,10,10032,1,35,6166_1,4,553,155,126,0
2026-09-08,10,10032,1,36,6143_1,4,528,156,110,0
2026-09-08,10,10032,1,37,6241_1,4,566,159,126,0
2026-09-08,10,10032,1,38,9_2,4,388,104,85,0
2026-09-08,10,10032,1,39,6057_1,4,620,162,143,0
2026-09-08,10,10032,1,40,6069_1,4,836,216,197,0
2026-09-08,10,10032,1,41,6102_1,4,924,238,219,0
2026-09-08,10,10032,1,42,6070_2,4,728,189,170,0
2026-09-08,10,10032,1,43,393_1,4,948,244,225,0
2026-09-08,10,10032,1,44,114_1,4,864,223,204,0
2026-09-08,10,10032,1,45,114_3,4,1573,426,304,4
2026-09-08,10,10032,1,46,3_1,4,1810,483,370,4
2026-09-08,10,10032,1,47,73_1,4,1648,452,320,4
2026-09-08,10,10032,1,48,72_2,7,3642,703,300,7
2026-09-08,10,10032,1,49,55_1,8,4009,709,246,7
2026-09-08,10,10032,1,50,56_1,5,3247,781,318,5
2026-09-08,10,10032,1,51,57_1,4,3057,813,669,4
2026-09-08,10,10032,1,52,59_1,4,2933,782,638,4
2026-09-08,10,10032,1,53,61_1,4,2985,795,651,4
2026-09-08,10,10033,1,12,91_3,1,0,0,0,0
2026-09-08,10,10047,0,5,55_2,1,301,301,301,1
2026-09-08,10,10047,0,6,72_1,3,1056,384,332,3
2026-09-08,10,10047,0,7,73_2,3,996,364,312,3
2026-09-08,10,10047,0,8,73_3,3,942,346,294,2
2026-09-08,10,10047,0,9,3_2,3,1047,381,329,3
2026-09-08,10,10047,0,10,114_4,3,50,47,0,0
2026-09-08,10,10047,0,11,393_2,3,59,50,3,0
2026-09-08,10,10047,0,12,6070_3,3,89,60,13,0
2026-09-08,10,10047,0,13,6102_2,2,33,33,0,0
2026-09-08,10,10047,0,14,6069_2,2,11,11,0,0
2026-09-08,10,10047,0,15,6057_2,1,0,0,0,0
2026-09-08,10,10047,0,16,9_5,1,34,34,34,0
2026-09-08,10,10047,0,17,6241_2,1,74,74,74,0
2026-09-08,10,10047,0,18,6143_2,1,46,46,46,0
2026-09-08,10,10047,0,19,6166_2,1,41,41,41,0
2026-09-08,10,10047,0,20,446_4,3,110,43,33,0
2026-09-08,10,10047,0,21,6161_2,4,154,95,16,0
2026-09-08,10,10047,0,22,6001_2,4,352,119,74,0
2026-09-08,10,10047,0,23,6160_2,4,374,99,89,0
2026-09-08,10,10047,0,24,6162_2,4,390,103,93,0
2026-09-08,10,10047,0,25,6041_2,4,494,135,117,0
2026-09-08,10,10047,0,26,243_2,4,492,148,112,0
2026-09-08,10,10047,0,27,6228_2,4,420,130,94,0
2026-09-08,10,10047,0,28,95_2,4,306,103,65,0
2026-09-08,10,10047,0,29,94_3,4,211,79,41,0
2026-09-08,10,10047,0,30,6242_1,4,171,69,31,0
2026-09-08,10,10047,0,31,6064_1,4,71,44,6,0
2026-09-08,10,10047,0,32,6255_2,4,259,91,53,0
2026-09-08,10,10047,0,33,6256_2,4,327,108,70,0
2026-09-08,10,10047,0,34,6094_2,4,227,83,45,0
2026-09-08,10,10047,0,35,6244_2,4,143,62,24,0
2026-09-08,10,10047,0,36,6257_2,4,119,56,18,0
2026-09-08,10,10047,0,37,6240_2,4,267,93,55,0
2026-09-08,10,10047,0,38,6258_2,4,316,91,72,0
2026-09-08,10,10047,0,39,6225_2,4,224,68,49,0
2026-09-08,10,10047,0,40,6181_2,4,145,49,29,0
2026-09-08,10,10047,0,41,6246_2,4,209,64,44,0
2026-09-08,10,10047,0,42,6206_2,4,226,69,49,0
2026-09-08,10,10047,0,43,6176_2,4,226,69,49,0
2026-09-08,10,10047,0,44,6200_3,4,398,112,92,0
2026-09-08,10,10047,0,45,6042_2,4,278,82,62,0
2026-09-08,10,10047,0,46,6031_2,4,122,43,23,0
2026-09-08,10,10047,0,47,6039_1,2,4,4,0,0
2026-09-08,10,10047,1,30,6143_1,3,645,237,200,0
2026-09-08,10,10047,1,31,6241_1,4,830,240,163,0
2026-09-08,10,10047,1,32,9_2,4,652,185,122,0
2026-09-08,10,10047,1,33,6057_1,4,884,243,180,0
2026-09-08,10,10047,1,34,6069_1,4,1100,297,234,0
2026-09-08,10,10047,1,35,6102_1,4,1188,319,256,3
2026-09-08,10,10047,1,36,6070_2,4,992,270,207,0
2026-09-08,10,10047,1,37,393_1,4,1212,325,262,3
2026-09-08,10,10047,1,38,114_1,4,1128,304,241,1
2026-09-08,10,10047,1,39,114_3,4,1837,507,341,4
2026-09-08,10,10047,1,40,3_1,4,2074,564,407,4
2026-09-08,10,10047,1,41,73_1,4,1912,533,357,4
2026-09-08,10,10047,1,42,72_2,4,1848,529,337,4
2026-09-08,10,10047,1,43,55_1,4,1632,475,283,3
2026-09-08,10,10047,1,44,56_1,4,1920,547,355,4
2026-09-08,10,10047,1,45,57_1,4,2048,579,387,4
2026-09-08,10,10047,1,46,59_1,4,1924,548,356,4
2026-09-08,10,10047,1,47,61_1,4,1976,561,369,4
2026-09-08,10,10051,0,12,6248_2,2,504,263,241,0
2026-09-08,10,10051,0,13,6249_2,4,928,251,221,0
2026-09-08,10,10051,0,14,6015_2,4,548,156,126,0
2026-09-08,10,10051,1,12,93_2,2,378,194,184,0
2026-09-08,10,10051,1,13,6016_2,4,705,196,142,0
2026-09-08,10,10051,1,14,91_4,4,253,83,29,0
2026-09-08,10,10053,1,12,6369_9,4,359,102,69,0
2026-09-08,10,10053,1,13,6344_1,4,359,102,69,0
2026-09-08,10,10053,1,14,6282_9,4,359,102,69,0
2026-09-08,10,10053,1,15,6371_9,4,359,102,69,0
2026-09-08,10,10053,1,16,6370_1,4,359,102,69,0
2026-09-08,10,10053,1,17,6348_1,4,359,102,69,0
2026-09-08,10,10053,1,18,6277_9,4,359,102,69,0
2026-09-08,10,10053,1,19,6275_9,4,359,102,69,0
2026-09-08,10,10053,1,20,6329_9,4,359,102,69,0
2026-09-08,10,10053,1,21,6366_1,4,359,102,69,0
2026-09-08,10,10053,1,22,6368_1,4,359,102,69,0
2026-09-08,10,10053,1,23,6356_1,4,359,102,69,0
2026-09-08,10,10053,1,24,6375_9,4,359,102,69,0
2026-09-08,10,10053,1,25,6346_1,4,359,102,69,0
2026-09-08,10,10053,1,26,6358_1,4,359,102,69,0
2026-09-08,10,10053,1,27,6345_9,4,399,112,79,0
2026-09-08,10,10053,1,28,6360_9,4,399,112,79,0
2026-09-08,10,10053,1,29,6357_9,4,399,112,79,0
2026-09-08,10,10053,1,30,6294_9,4,399,112,79,0
2026-09-08,10,10053,1,31,6347_1,4,399,112,79,0
2026-09-08,10,10053,1,32,6367_1,4,399,112,79,0
2026-09-08,10,10053,1,33,6332_9,4,399,112,79,0
2026-09-08,10,10053,1,34,6353_9,4,399,112,79,0
2026-09-08,10,10053,1,35,6355_1,4,399,112,79,0
2026-09-08,10,10053,1,36,6301_1,4,399,112,79,0
2026-09-08,10,10053,1,37,6289_1,4,447,124,91,0
2026-09-08,10,10053,1,38,6300_1,4,107,39,6,0
2026-09-08,10,10053,1,39,6152_9,4,159,52,19,0
2026-09-08,10,10053,1,40,6073_1,4,163,53,20,0
2026-09-08,10,10053,1,41,6188_9,4,227,69,36,0
2026-09-08,10,10053,1,42,6043_1,4,343,98,65,0
2026-09-08,10,10053,1,43,6020_1,4,343,98,65,0
2026-09-08,10,10059,0,1,91_3,1,0,0,0,0
2026-09-08,10,10059,0,2,7841_4,1,102,102,102,0
2026-09-08,10,10059,0,3,6170_2,1,134,134,134,0
2026-09-08,10,10059,0,4,6902_2,1,165,165,165,0
2026-09-08,10,10059,0,5,6006_2,1,195,195,195,0
2026-09-08,10,10059,0,6,6229_2,1,209,209,209,0
2026-09-08,10,10059,0,7,6074_2,1,221,221,221,0
2026-09-08,10,10059,0,8,6169_2,1,160,160,160,0
2026-09-08,10,10059,0,9,6260_1,1,198,198,198,0
2026-09-08,10,10059,0,10,7475_1,1,83,83,83,0
2026-09-08,10,10060,1,7,6011_1,3,211,81,60,0
2026-09-08,10,10060,1,8,6187_2,3,394,142,121,0
2026-09-08,10,10060,1,9,6205_1,3,379,137,116,0
2026-09-08,10,10060,1,10,6212_1,3,421,151,130,0
2026-09-08,10,10060,1,11,6013_1,3,401,146,125,0
2026-09-08,10,10060,1,12,94_2,3,258,97,78,0
2026-09-08,10,10060,1,13,95_1,3,204,79,60,0
2026-09-08,10,10060,1,14,6228_1,3,345,126,107,0
2026-09-08,10,10060,1,15,243_1,3,398,147,123,0
2026-09-08,10,10060,1,16,6041_1,2,333,176,157,0
2026-09-08,10,10060,1,17,6162_1,3,397,146,124,0
2026-09-08,10,10060,1,18,6160_1,6,861,169,120,0
2026-09-08,10,10060,1,19,6001_1,7,834,150,87,0
2026-09-08,10,10060,1,20,6161_1,7,1401,231,168,0
2026-09-08,10,10060,1,21,446_3,7,1352,224,161,0
2026-09-08,10,10060,1,22,6166_1,7,1325,220,158,0
2026-09-08,10,10060,1,23,6143_1,7,1303,221,130,0
2026-09-08,10,10060,1,24,6241_1,7,1363,224,146,0
2026-09-08,10,10060,1,25,9_2,7,1048,169,105,0
2026-09-08,10,10060,1,26,8_3,7,971,158,94,0
2026-09-08,10,10060,1,27,6_1,7,1083,174,110,0
2026-09-08,10,10060,1,28,902_1,8,1285,185,121,0
2026-09-08,10,10060,1,29,5_1,11,1223,153,51,0
2026-09-08,10,10060,1,30,4_1,11,1212,152,50,0
2026-09-08,10,10060,1,31,6059_1,11,1608,188,86,0
2026-09-08,10,10060,1,32,3_1,11,1608,188,86,0
2026-09-08,10,10060,1,33,73_1,11,1172,157,36,0
2026-09-08,10,10060,1,34,128_1,11,1810,215,94,0
2026-09-08,10,10060,1,35,114_5,8,127,39,0,0
2026-09-08,10,10061,0,4,114_5,1,0,0,0,0
2026-09-08,10,10061,0,5,3_3,1,0,0,0,0
2026-09-08,10,10061,0,6,4_5,1,20,20,20,0
2026-09-08,10,10061,0,7,5_3,2,116,73,43,0
2026-09-08,10,10061,0,8,902_2,3,61,34,4,0
2026-09-08,10,10061,0,9,6_2,4,159,54,24,0
2026-09-08,10,10061,0,10,8_1,4,279,84,54,0
2026-09-08,10,10061,0,11,9_5,4,143,50,20,0
2026-09-08,10,10061,0,12,6241_2,8,982,182,60,0
2026-09-08,10,10061,0,13,6143_2,8,758,154,32,0
2026-09-08,10,10061,0,14,6166_2,8,718,149,27,0
2026-09-08,10,10061,0,15,446_4,8,678,151,19,0
2026-09-08,10,10061,0,16,6161_2,8,698,192,2,0
2026-09-08,10,10061,0,17,6001_2,8,1094,216,60,0
2026-09-08,10,10061,0,18,6160_2,8,1138,207,75,0
2026-09-08,10,10061,0,19,6162_2,8,1170,211,79,0
2026-09-08,10,10061,0,20,6041_2,8,1378,243,103,0
2026-09-08,10,10061,0,21,243_2,8,1374,256,98,0
2026-09-08,10,10061,0,22,6228_2,8,1230,238,80,0
2026-09-08,10,10061,0,23,95_2,8,1002,211,53,0
2026-09-08,10,10061,0,24,94_3,9,1124,312,29,1
2026-09-08,10,10061,0,25,6013_2,12,2337,343,60,4
2026-09-08,10,10061,0,26,6212_2,12,2448,345,62,4
2026-09-08,10,10061,0,27,6205_2,12,2652,365,82,4
2026-09-08,10,10061,0,28,6187_3,12,2496,353,70,4
2026-09-08,10,10061,0,29,6011_4,15,5956,981,119,7
2026-09-08,10,10061,0,30,6017_2,15,6151,994,132,7
2026-09-08,10,10061,0,31,6172_2,15,5836,973,111,7
2026-09-08,10,10061,0,32,6067_2,15,5836,1021,99,7
2026-09-08,10,10061,0,33,6248_2,15,5611,1006,84,7
2026-09-08,10,10061,0,34,6249_2,15,5431,994,72,7
2026-09-08,10,10061,0,35,6015_2,15,4726,899,37,5
2026-09-08,10,10064,0,14,6019_1,4,144,46,29,0
2026-09-08,10,10064,0,15,6073_2,4,52,23,6,0
2026-09-08,10,10064,0,16,6152_1,1,0,0,0,0
2026-09-08,10,10064,0,17,6300_2,1,0,0,0,0
2026-09-08,10,10064,0,18,6289_9,1,0,0,0,0
2026-09-08,10,10064,0,19,6301_9,1,0,0,0,0
2026-09-08,10,10064,1,17,6229_1,3,264,106,64,0
2026-09-08,10,10064,1,18,6006_1,4,410,137,53,0
2026-09-08,10,10064,1,19,6902_1,4,638,194,110,0
2026-09-08,10,10064,1,20,6170_1,4,646,196,112,0
2026-09-08,10,10064,1,21,7841_2,4,939,271,187,0
2026-09-08,10,10064,1,22,91_2,1,0,0,0,0
2026-09-08,10,10068,0,12,150_2,1,434,434,434,1
2026-09-08,10,10068,0,13,151_2,3,1145,444,344,3
2026-09-08,10,10068,0,14,152_3,3,1058,415,315,3
2026-09-08,10,10068,0,15,251_2,3,1069,419,318,3
2026-09-08,10,10068,0,16,250_2,3,1072,421,317,3
2026-09-08,10,10068,0,17,249_2,3,778,323,219,1
2026-09-08,10,10068,0,18,606_2,3,840,341,241,1
2026-09-08,10,10068,0,19,607_2,3,876,353,253,1
2026-09-08,10,10068,0,20,608_2,3,795,326,226,1
2026-09-08,10,10068,0,21,609_2,3,852,345,245,1
2026-09-08,10,10068,0,22,610_2,3,864,349,249,1
2026-09-08,10,10068,0,23,765_2,3,1035,406,306,3
2026-09-08,10,10068,0,24,7717_2,3,1057,412,316,3
2026-09-08,10,10068,0,25,6023_1,4,1706,477,394,4
2026-09-08,10,10068,0,26,210_2,4,1778,495,412,4
2026-09-08,10,10068,0,27,211_2,4,1710,478,395,4
2026-09-08,10,10068,0,28,212_2,4,1810,503,420,4
2026-09-08,10,10068,0,29,615_2,4,1978,545,462,4
2026-09-08,10,10068,0,30,7213_2,6,3285,749,415,6
2026-09-08,10,10068,0,31,214_2,7,3084,621,287,6
2026-09-08,10,10068,0,32,215_2,7,3042,615,281,5
2026-09-08,10,10068,0,33,216_2,7,3259,646,312,7
2026-09-08,10,10068,0,34,752_2,7,3231,642,308,7
2026-09-08,10,10068,0,35,7217_2,7,2734,571,237,4
2026-09-08,10,10068,0,36,422_1,7,3112,625,291,6
2026-09-08,10,10068,0,37,421_1,7,3301,652,318,7
2026-09-08,10,10068,0,38,6163_1,7,3182,635,301,7
2026-09-08,10,10068,0,39,419_1,7,3084,621,287,6
2026-09-08,10,10068,0,40,418_1,7,3420,669,335,7
2026-09-08,10,10068,0,41,440_1,7,3518,683,349,7
2026-09-08,10,10068,0,42,6236_1,7,4169,776,442,7
2026-09-08,10,10068,0,43,6109_1,7,3707,715,373,7
2026-09-08,10,10068,1,5,419_2,1,0,0,0,0
2026-09-08,10,10068,1,6,6163_2,2,0,0,0,0
2026-09-08,10,10068,1,7,421_2,4,0,0,0,0
2026-09-08,10,10068,1,8,422_2,4,0,0,0,0
2026-09-08,10,10068,1,9,7217_1,4,0,0,0,0
2026-09-08,10,10068,1,10,752_1,4,0,0,0,0
2026-09-08,10,10068,1,11,216_1,4,0,0,0,0
2026-09-08,10,10068,1,12,215_1,4,0,0,0,0
2026-09-08,10,10068,1,13,214_1,4,0,0,0,0
2026-09-08,10,10068,1,14,7213_1,4,0,0,0,0
2026-09-08,10,10068,1,15,615_1,4,0,0,0,0
2026-09-08,10,10068,1,16,212_1,4,0,0,0,0
2026-09-08,10,10068,1,17,211_1,4,0,0,0,0
2026-09-08,10,10068,1,18,210_1,4,0,0,0,0
2026-09-08,10,10068,1,19,6023_3,8,2306,615,0,4
2026-09-08,10,10068,1,20,7717_1,8,2226,595,0,4
2026-09-08,10,10068,1,21,765_1,8,2362,629,0,4
2026-09-08,10,10068,1,22,610_1,8,2058,553,0,4
2026-09-08,10,10068,1,23,609_1,8,2078,558,0,4
2026-09-08,10,10068,1,24,608_1,8,2354,627,0,4
2026-09-08,10,10068,1,25,607_1,8,2418,643,0,4
2026-09-08,10,10068,1,26,606_1,8,2510,666,0,4
2026-09-08,10,10068,1,27,249_1,8,2070,556,0,4
2026-09-08,10,10068,1,28,250_1,8,2006,540,0,4
2026-09-08,10,10068,1,29,251_1,8,1922,519,0,4
2026-09-08,10,10068,1,30,152_2,8,2070,556,0,4
2026-09-08,10,10068,1,31,151_1,8,2270,606,0,4
2026-09-08,10,10068,1,32,150_1,8,2250,601,0,4
2026-09-08,10,10068,1,33,252_1,8,2498,663,0,4
2026-09-08,10,10068,1,34,186_1,7,1609,568,0,3
2026-09-08,10,10068,1,35,253_1,7,1639,577,0,3
2026-09-08,10,10068,1,36,53_1,7,1747,607,0,3
2026-09-08,10,10068,1,37,254_1,7,1939,671,0,3
2026-09-08,10,10068,1,38,4_4,7,1777,617,0,3
2026-09-08,10,10068,1,39,6059_1,11,3391,602,0,7
2026-09-08,10,10068,1,40,3_1,11,3811,662,0,7
2026-09-08,10,10068,1,41,73_1,9,3108,631,0,6
2026-09-08,10,10068,1,42,128_1,6,3456,689,487,6
2026-09-08,10,10068,1,43,114_5,6,1320,333,131,2
2026-09-08,10,10072,0,4,56_2,3,450,152,148,0
2026-09-08,10,10072,0,5,55_4,3,504,170,166,0
2026-09-08,10,10072,0,6,69_2,3,732,246,242,0
2026-09-08,10,10072,0,7,68_2,3,834,280,276,0
2026-09-08,10,10072,0,8,67_2,3,828,278,274,0
2026-09-08,10,10072,0,9,65_2,3,873,293,289,0
2026-09-08,10,10072,0,10,204_2,4,1161,303,258,2
2026-09-08,10,10072,0,11,255_2,4,1423,388,343,4
2026-09-08,10,10072,0,12,205_2,4,1312,361,315,4
2026-09-08,10,10072,0,13,206_2,4,1188,330,284,1
2026-09-08,10,10072,0,14,863_3,5,1408,400,239,1
2026-09-08,10,10072,0,15,209_2,8,3750,563,402,8
2026-09-08,10,10072,0,16,210_2,8,3846,575,414,8
2026-09-08,10,10072,0,17,211_2,8,3710,558,397,8
2026-09-08,10,10072,0,18,212_2,8,3910,583,422,8
2026-09-08,10,10072,0,19,615_2,8,4246,625,464,8
2026-09-08,10,10072,0,20,7213_2,8,3870,578,417,8
2026-09-08,10,10072,0,21,214_2,8,2846,450,289,5
2026-09-08,10,10072,0,22,215_2,8,2798,444,283,5
2026-09-08,10,10072,0,23,216_2,8,3046,475,314,8
2026-09-08,10,10072,0,24,752_2,8,3014,471,310,8
2026-09-08,10,10072,0,25,7217_2,8,2446,400,239,4
2026-09-08,10,10072,0,26,422_1,8,2878,454,293,5
2026-09-08,10,10072,0,27,421_1,8,3094,481,320,8
2026-09-08,10,10072,0,28,6163_1,8,2958,464,303,8
2026-09-08,10,10072,0,29,419_1,8,2846,450,289,5
2026-09-08,10,10072,0,30,418_1,8,3230,498,337,8
2026-09-08,10,10072,0,31,440_1,8,3342,512,351,8
2026-09-08,10,10072,0,32,6236_1,8,4086,605,444,8
2026-09-08,10,10072,0,33,6109_1,8,3566,547,363,8
2026-09-08,10,10072,1,9,7217_1,1,189,189,189,0
2026-09-08,10,10072,1,10,752_1,4,441,194,68,0
2026-09-08,10,10072,1,11,216_1,4,409,186,60,0
2026-09-08,10,10072,1,12,215_1,4,329,166,40,0
2026-09-08,10,10072,1,13,214_1,4,313,162,36,0
2026-09-08,10,10072,1,14,7213_1,4,380,175,54,0
2026-09-08,10,10072,1,15,615_1,4,660,241,128,0
2026-09-08,10,10072,1,16,212_1,4,554,207,97,0
2026-09-08,10,10072,1,17,211_1,4,866,285,175,0
2026-09-08,10,10072,1,18,210_1,4,986,315,205,1
2026-09-08,10,10072,1,19,209_1,4,1426,425,315,4
2026-09-08,10,10072,1,20,863_1,4,1170,361,251,1
2026-09-08,10,10072,1,21,206_1,4,1282,389,279,3
2026-09-08,10,10072,1,22,205_1,4,1234,377,267,1
2026-09-08,10,10072,1,23,255_1,4,1229,384,263,1
2026-09-08,10,10072,1,24,204_1,4,1197,410,253,1
2026-09-08,10,10072,1,25,65_1,4,1219,425,257,1
2026-09-08,10,10072,1,26,67_1,4,1407,472,304,4
2026-09-08,10,10072,1,27,68_1,4,1491,493,325,4
2026-09-08,10,10072,1,28,69_1,4,923,351,183,1
2026-09-08,10,10072,1,29,55_1,4,1039,380,212,1
2026-09-08,10,10072,1,30,56_1,4,1327,452,284,1
2026-09-08,10,10072,1,31,57_1,4,1455,484,316,4
2026-09-08,10,10072,1,32,59_1,4,1331,453,285,1
2026-09-08,10,10072,1,33,61_2,4,1103,396,228,1
2026-09-08,10,10075,1,23,55_1,4,558,185,92,0
2026-09-08,10,10075,1,24,56_1,4,846,257,164,0
2026-09-08,10,10075,1,25,57_1,4,974,289,196,0
2026-09-08,10,10075,1,26,59_1,4,850,258,165,0
2026-09-08,10,10075,1,27,61_2,4,622,201,108,0
2026-09-08,10,10082,0,11,6112_2,1,74,74,74,0
2026-09-08,10,10082,0,12,6180_2,4,223,79,39,0
2026-09-08,10,10082,0,13,6035_2,4,358,124,39,0
2026-09-08,10,10082,0,14,6079_1,2,6,6,0,0
2026-09-08,11,10032,1,50,56_1,3,1338,466,429,3
2026-09-08,11,10032,1,51,57_1,4,1784,498,350,4
2026-09-08,11,10032,1,52,59_1,4,1660,467,319,4
2026-09-08,11,10032,1,53,61_1,4,1712,480,332,4
2026-09-08,11,10053,1,44,6106_1,4,554,154,121,0
2026-09-08,11,10053,1,45,6134_1,4,500,140,107,0
2026-09-08,11,10053,1,46,6196_1,4,664,181,148,0
2026-09-08,11,10053,1,47,6263_1,4,524,146,113,0
2026-09-08,11,10053,1,48,6260_1,4,524,146,113,0
2026-09-08,11,10053,1,49,7475_2,4,524,146,113,0
2026-09-08,11,10053,1,50,474_1,4,524,146,113,0
2026-09-08,11,10053,1,51,473_1,4,524,146,113,0
2026-09-08,11,10053,1,52,472_1,4,524,146,113,0
2026-09-08,11,10053,1,53,7471_1,4,524,146,113,0
2026-09-08,11,10053,1,54,39_1,4,524,146,113,0
2026-09-08,11,10053,1,55,40_1,4,524,146,113,0
2026-09-08,11,10053,1,56,21_1,4,524,146,113,0
2026-09-08,11,10053,1,57,42_1,4,524,146,113,0
2026-09-08,11,10053,1,58,43_1,4,524,146,113,0
2026-09-08,11,10053,1,59,44_1,4,524,146,113,0
2026-09-08,11,10053,1,60,18_1,4,524,146,113,0
2026-09-08,11,10053,1,61,17_1,4,524,146,113,0
2026-09-08,11,10053,1,62,16_1,4,524,146,113,0
2026-09-08,11,10053,1,63,15_1,4,524,146,113,0
2026-09-08,11,10053,1,64,14_1,4,524,146,113,0
2026-09-08,11,10053,1,65,448_1,4,524,146,113,0
2026-09-08,11,10053,1,66,447_1,4,524,146,113,0
2026-09-08,11,10053,1,67,6158_1,4,564,156,123,0
2026-09-08,11,10053,1,68,446_3,4,564,156,123,0
2026-09-08,11,10053,1,69,6166_1,4,549,152,120,0
2026-09-08,11,10053,1,70,6143_1,4,524,153,92,0
2026-09-08,11,10053,1,71,6241_1,4,562,169,108,0
2026-09-08,11,10053,1,72,9_1,4,562,169,108,0
2026-09-08,11,10068,1,41,73_1,1,0,0,0,0
2026-09-08,11,10068,1,42,128_1,4,0,0,0,0
2026-09-08,11,10068,1,43,114_5,4,0,0,0,0
2026-09-08,14,10002,0,1,61_3,1,0,0,0,0
2026-09-08,14,10002,0,2,59_2,1,0,0,0,0
2026-09-08,14,10002,0,3,534_1,1,0,0,0,0
2026-09-08,14,10002,0,4,256_1,1,0,0,0,0
2026-09-08,14,10002,0,5,910_1,1,60,60,60,0
2026-09-08,14,10002,0,6,122_2,1,0,0,0,0
2026-09-08,14,10002,0,7,123_2,1,0,0,0,0
2026-09-08,14,10002,0,8,124_2,2,60,60,0,0
2026-09-08,14,10002,0,9,125_2,2,236,148,88,0
2026-09-08,14,10002,0,10,126_2,2,148,104,44,0
2026-09-08,14,10002,0,11,127_2,2,48,48,0,0
2026-09-08,14,10002,0,12,203_2,2,42,42,0,0
2026-09-08,14,10002,0,13,113_4,2,42,42,0,0
2026-09-08,14,10002,1,3,451_1,1,66,66,66,0
2026-09-08,14,10002,1,4,452_1,1,66,66,66,0
2026-09-08,14,10002,1,5,906_1,2,6,6,0,0
2026-09-08,14,10002,1,6,75_2,3,14,8,0,0
2026-09-08,14,10002,1,7,453_1,3,14,8,0,0
2026-09-08,14,10002,1,8,454_1,1,0,0,0,0
2026-09-08,14,10002,1,9,455_1,1,0,0,0,0
2026-09-08,14,10002,1,10,456_1,1,0,0,0,0
2026-09-08,14,10002,1,11,905_2,1,0,0,0,0
2026-09-08,14,10002,1,12,113_2,1,60,60,60,0
2026-09-08,14,10002,1,13,203_1,1,60,60,60,0
2026-09-08,14,10002,1,14,127_1,1,120,120,120,0
2026-09-08,14,10002,1,15,126_1,1,114,114,114,0
2026-09-08,14,10002,1,16,125_1,1,105,105,105,0
2026-09-08,14,10002,1,17,124_1,1,117,117,117,0
2026-09-08,14,10002,1,18,123_1,1,105,105,105,0
2026-09-08,14,10002,1,19,122_1,1,103,103,103,0
2026-09-08,14,10002,1,20,910_2,1,103,103,103,0
2026-09-08,14,10002,1,21,256_2,1,53,53,53,0
2026-09-08,14,10032,0,4,56_2,1,349,349,349,1
2026-09-08,14,10032,0,5,55_2,2,625,328,297,1
2026-09-08,14,10032,0,6,72_1,4,1337,369,269,3
2026-09-08,14,10032,0,7,73_2,4,1609,437,337,4
2026-09-08,14,10032,0,8,73_3,4,1489,407,307,4
2026-09-08,14,10032,0,9,3_2,4,1777,479,379,4
2026-09-08,14,10032,0,10,114_4,4,937,269,169,0
2026-09-08,14,10032,0,11,393_2,4,901,260,160,0
2026-09-08,14,10032,0,12,6070_3,4,961,275,175,0
2026-09-08,14,10032,0,13,6102_2,4,1097,309,209,2
2026-09-08,14,10032,0,14,6069_2,4,1133,318,218,2
2026-09-08,14,10032,0,15,6057_2,4,985,281,181,0
2026-09-08,14,10032,0,16,9_5,4,749,222,122,0
2026-09-08,14,10032,0,17,6241_2,4,961,275,175,0
2026-09-08,14,10032,0,18,6143_2,4,901,260,160,0
2026-09-08,14,10032,0,19,6166_2,4,777,229,129,0
2026-09-08,14,10032,0,20,446_4,4,769,227,127,0
2026-09-08,14,10032,0,21,6161_2,2,281,175,106,0
2026-09-08,14,10032,0,49,6176_2,1,35,35,35,0
2026-09-08,14,10032,0,50,6200_3,1,49,49,49,0
2026-09-08,14,10032,0,51,6042_2,1,11,11,11,0
2026-09-08,14,10032,0,52,6031_2,1,0,0,0,0
2026-09-08,14,10032,0,53,6039_1,1,0,0,0,0
2026-09-08,14,10032,1,37,6241_1,1,85,85,85,0
2026-09-08,14,10032,1,38,9_2,2,147,77,70,0
2026-09-08,14,10032,1,39,6057_1,2,169,88,81,0
2026-09-08,14,10032,1,40,6069_1,3,184,93,5,0
2026-09-08,14,10032,1,41,6102_1,4,325,122,34,0
2026-09-08,14,10032,1,42,6070_2,3,121,64,0,0
2026-09-08,14,10032,1,43,393_1,3,262,111,47,0
2026-09-08,14,10032,1,44,114_1,3,65,36,0,0
2026-09-08,14,10032,1,45,114_3,3,596,213,177,0
2026-09-08,14,10032,1,46,3_1,3,941,328,292,2
2026-09-08,14,10032,1,47,73_1,4,1138,301,262,1
2026-09-08,14,10032,1,48,72_2,2,1005,588,417,2
2026-09-08,14,10032,1,49,55_1,1,377,377,377,1
2026-09-08,14,10035,0,13,6020_9,1,85,85,85,0
2026-09-08,14,10035,0,14,6019_1,2,6,6,0,0
2026-09-08,14,10035,0,15,6073_2,3,104,37,31,0
2026-09-08,14,10035,0,16,6148_2,3,7,4,0,0
2026-09-08,14,10035,0,17,6036_2,4,203,66,10,0
2026-09-08,14,10035,0,18,6150_2,4,157,54,0,0
2026-09-08,14,10035,0,19,6122_9,4,193,63,9,0
2026-09-08,14,10035,0,20,6147_2,4,173,58,4,0
2026-09-08,14,10035,0,21,6145_1,4,173,58,4,0
2026-09-08,14,10035,0,22,6144_1,4,173,58,4,0
2026-09-08,14,10035,0,23,6149_1,4,127,44,0,0
2026-09-08,14,10035,0,24,6149_9,4,43,16,0,0
2026-09-08,14,10047,0,18,6258_2,1,35,35,35,0
2026-09-08,14,10047,0,19,6225_2,1,10,10,10,0
2026-09-08,14,10047,0,20,6181_2,1,3,3,3,0
2026-09-08,14,10047,0,21,6161_2,1,99,99,99,0
2026-09-08,14,10047,0,21,6246_2,2,67,51,16,0
2026-09-08,14,10047,0,22,6001_2,2,239,124,115,0
2026-09-08,14,10047,0,22,6206_2,2,16,16,0,0
2026-09-08,14,10047,0,23,6160_2,2,211,110,101,0
2026-09-08,14,10047,0,23,6176_2,3,65,47,0,0
2026-09-08,14,10047,0,24,6162_2,2,225,117,108,0
2026-09-08,14,10047,0,24,6200_3,3,95,55,14,0
2026-09-08,14,10047,0,25,6041_2,3,530,245,138,0
2026-09-08,14,10047,0,25,6042_2,2,16,16,0,0
2026-09-08,14,10047,0,26,243_2,3,518,241,134,0
2026-09-08,14,10047,0,26,6031_2,1,0,0,0,0
2026-09-08,14,10047,0,27,6228_2,4,869,273,160,0
2026-09-08,14,10047,0,27,6039_1,1,0,0,0,0
2026-09-08,14,10047,0,28,95_2,4,706,229,125,0
2026-09-08,14,10047,0,29,94_3,4,649,212,108,0
2026-09-08,14,10047,0,30,6242_1,4,749,237,133,0
2026-09-08,14,10047,0,31,6064_1,4,665,216,112,0
2026-09-08,14,10047,0,32,6255_2,4,797,249,145,0
2026-09-08,14,10047,0,33,6256_2,4,869,267,163,0
2026-09-08,14,10047,0,34,6094_2,4,825,256,152,0
2026-09-08,14,10047,0,35,6244_2,4,685,221,117,0
2026-09-08,14,10047,0,36,6257_2,4,657,214,110,0
2026-09-08,14,10047,0,37,6240_2,4,809,252,148,0
2026-09-08,14,10047,0,38,6258_2,4,880,272,168,0
2026-09-08,14,10047,0,39,6225_2,4,795,252,148,0
2026-09-08,14,10047,0,40,6181_2,4,779,249,142,0
2026-09-08,14,10047,0,41,6246_2,4,847,278,155,0
2026-09-08,14,10047,0,42,6206_2,4,706,242,120,0
2026-09-08,14,10047,0,43,6176_2,4,712,244,120,0
2026-09-08,14,10047,0,44,6200_3,4,750,252,133,0
2026-09-08,14,10047,0,45,6042_2,4,595,213,94,0
2026-09-08,14,10047,0,46,6031_2,4,468,184,56,0
2026-09-08,14,10047,0,47,6039_1,3,231,126,0,0
2026-09-08,14,10047,1,2,6031_1,1,127,127,127,0
2026-09-08,14,10047,1,3,6042_1,1,96,96,96,0
2026-09-08,14,10047,1,4,6200_1,1,78,78,78,0
2026-09-08,14,10047,1,5,6176_1,1,76,76,76,0
2026-09-08,14,10047,1,6,6206_1,2,128,87,41,0
2026-09-08,14,10047,1,7,6246_1,2,166,106,60,0
2026-09-08,14,10047,1,8,6181_1,3,168,82,36,0
2026-09-08,14,10047,1,9,6225_1,4,161,73,20,0
2026-09-08,14,10047,1,10,6258_1,4,165,74,21,0
2026-09-08,14,10047,1,11,6240_1,4,145,69,16,0
2026-09-08,14,10047,1,12,6257_1,4,277,102,49,0
2026-09-08,14,10047,1,13,6244_1,4,201,83,30,0
2026-09-08,14,10047,1,14,6094_1,4,157,72,19,0
2026-09-08,14,10047,1,15,6256_1,4,185,79,26,0
2026-09-08,14,10047,1,16,6255_1,4,157,72,19,0
2026-09-08,14,10047,1,17,6064_2,4,249,95,42,0
2026-09-08,14,10047,1,18,6242_2,4,181,78,25,0
2026-09-08,14,10047,1,19,94_2,4,66,48,0,0
2026-09-08,14,10047,1,20,95_1,4,162,72,24,0
2026-09-08,14,10047,1,21,6228_1,4,254,95,47,0
2026-09-08,14,10047,1,22,243_1,4,274,100,52,0
2026-09-08,14,10047,1,23,6041_1,4,386,128,80,0
2026-09-08,14,10047,1,24,6162_1,4,230,89,41,0
2026-09-08,14,10047,1,25,6160_1,4,246,93,45,0
2026-09-08,14,10047,1,26,6001_1,4,210,84,36,0
2026-09-08,14,10047,1,27,6161_1,4,365,102,86,0
2026-09-08,14,10047,1,28,446_3,4,279,79,53,0
2026-09-08,14,10047,1,29,6166_1,4,275,84,46,0
2026-09-08,14,10047,1,30,6143_1,4,229,71,39,0
2026-09-08,14,10047,1,31,6241_1,4,250,81,32,0
2026-09-08,14,10047,1,42,72_2,1,381,381,381,1
2026-09-08,14,10047,1,43,55_1,3,1459,561,341,3
2026-09-08,14,10047,1,44,56_1,3,1540,588,368,3
2026-09-08,14,10047,1,45,57_1,4,2026,579,337,4
2026-09-08,14,10047,1,46,59_1,4,1998,572,330,4
2026-09-08,14,10047,1,47,61_1,4,1478,442,200,3
2026-09-08,14,10049,0,1,91_1,1,0,0,0,0
2026-09-08,14,10049,0,2,6016_1,1,37,37,37,0
2026-09-08,14,10049,0,3,93_1,1,46,46,46,0
2026-09-08,14,10049,0,4,94_1,1,56,56,56,0
2026-09-08,14,10049,0,5,6242_1,1,44,44,44,0
2026-09-08,14,10049,0,6,6064_1,1,23,23,23,0
2026-09-08,14,10049,0,7,6255_2,1,56,56,56,0
2026-09-08,14,10049,0,8,6256_2,1,74,74,74,0
2026-09-08,14,10049,0,9,6094_2,1,63,63,63,0
2026-09-08,14,10049,0,10,6244_2,1,28,28,28,0
2026-09-08,14,10049,0,11,6257_2,1,21,21,21,0
2026-09-08,14,10049,0,12,6240_2,1,59,59,59,0
2026-09-08,14,10049,0,13,6258_2,1,79,79,79,0
2026-09-08,14,10049,0,14,6225_2,1,59,59,59,0
2026-09-08,14,10049,0,15,6181_2,1,56,56,56,0
2026-09-08,14,10049,0,16,6246_2,1,85,85,85,0
2026-09-08,14,10049,0,17,6206_2,1,49,49,49,0
2026-09-08,14,10049,0,18,6176_2,1,51,51,51,0
2026-09-08,14,10049,0,19,6200_3,1,59,59,59,0
2026-09-08,14,10049,0,20,6042_2,1,20,20,20,0
2026-09-08,14,10049,0,21,6031_2,1,0,0,0,0
2026-09-08,14,10049,1,20,93_2,1,105,105,105,0
2026-09-08,14,10049,1,21,6016_2,1,145,145,145,0
2026-09-08,14,10049,1,22,91_1,1,204,204,204,0
2026-09-08,14,10050,0,2,6016_1,1,147,147,147,0
2026-09-08,14,10050,0,3,93_1,2,261,156,105,0
2026-09-08,14,10050,0,4,6013_2,3,327,189,0,0
2026-09-08,14,10050,0,5,6212_2,3,372,224,0,0
2026-09-08,14,10050,0,6,6205_2,4,386,231,0,0
2026-09-08,14,10050,0,7,6187_3,5,396,223,0,0
2026-09-08,14,10050,0,8,6011_2,6,440,245,0,0
2026-09-08,14,10050,0,9,6018_2,6,450,250,0,0
2026-09-08,14,10050,0,10,6190_2,6,516,283,0,0
2026-09-08,14,10050,0,11,6171_2,6,460,255,0,0
2026-09-08,14,10050,0,12,6014_3,6,200,125,0,0
2026-09-08,14,10050,1,1,6014_1,1,103,103,103,0
2026-09-08,14,10050,1,2,6171_1,1,125,125,125,0
2026-09-08,14,10050,1,3,6190_1,1,121,121,121,0
2026-09-08,14,10050,1,4,6018_1,1,92,92,92,0
2026-09-08,14,10050,1,5,6011_3,1,83,83,83,0
2026-09-08,14,10050,1,6,6187_2,1,98,98,98,0
2026-09-08,14,10050,1,7,6205_1,1,105,105,105,0
2026-09-08,14,10050,1,8,6212_1,1,98,98,98,0
2026-09-08,14,10050,1,9,6013_1,1,77,77,77,0
2026-09-08,14,10050,1,10,93_2,1,148,148,148,0
2026-09-08,14,10050,1,11,6016_2,1,158,158,158,0
2026-09-08,14,10050,1,12,91_4,1,0,0,0,0
2026-09-08,14,10051,0,11,6067_2,1,154,154,154,0
2026-09-08,14,10051,0,12,6248_2,1,146,146,146,0
2026-09-08,14,10051,0,13,6249_2,2,228,141,87,0
2026-09-08,14,10051,0,14,6015_2,2,124,89,35,0
2026-09-08,14,10051,1,13,6016_2,1,130,130,130,0
2026-09-08,14,10051,1,14,91_4,1,111,111,111,0
2026-09-08,14,10054,0,1,6293_1,1,0,0,0,0
2026-09-08,14,10054,0,2,6402_9,1,15,15,15,0
2026-09-08,14,10054,0,3,6271_9,1,7,7,7,0
2026-09-08,14,10054,0,4,6292_1,1,0,0,0,0
2026-09-08,14,10054,1,1,6292_1,1,38,38,38,0
2026-09-08,14,10054,1,2,6271_1,1,100,100,100,0
2026-09-08,14,10054,1,3,6402_1,2,192,107,85,0
2026-09-08,14,10054,1,4,6403_1,2,350,186,164,0
2026-09-08,14,10054,1,5,6293_1,3,170,72,38,0
2026-09-08,14,10056,0,3,44_2,1,58,58,58,0
2026-09-08,14,10056,0,4,43_2,1,58,58,58,0
2026-09-08,14,10056,0,5,42_2,2,68,58,10,0
2026-09-08,14,10056,0,6,21_2,2,68,58,10,0
2026-09-08,14,10056,0,7,40_2,3,93,58,10,0
2026-09-08,14,10056,0,8,39_2,3,93,58,10,0
2026-09-08,14,10056,0,9,7471_2,4,371,118,70,0
2026-09-08,14,10056,0,10,472_2,4,371,118,70,0
2026-09-08,14,10056,0,11,473_2,4,611,178,130,0
2026-09-08,14,10056,0,12,474_2,4,851,238,190,0
2026-09-08,14,10056,0,13,7475_3,4,851,238,190,0
2026-09-08,14,10056,0,14,6260_2,4,851,238,190,0
2026-09-08,14,10056,0,15,6263_2,4,851,238,190,0
2026-09-08,14,10056,0,16,6196_2,4,907,252,204,0
2026-09-08,14,10056,0,17,6134_2,4,947,262,214,0
2026-09-08,14,10056,0,18,6106_2,4,995,274,226,0
2026-09-08,14,10056,0,19,6020_9,4,1036,276,239,0
2026-09-08,14,10056,0,20,6019_1,4,642,178,141,0
2026-09-08,14,10059,0,1,91_3,1,0,0,0,0
2026-09-08,14,10059,0,2,7841_4,2,35,25,10,0
2026-09-08,14,10059,0,3,6170_2,2,83,49,34,0
2026-09-08,14,10059,0,4,6902_2,3,116,62,7,0
2026-09-08,14,10059,0,5,6006_2,3,209,93,38,0
2026-09-08,14,10059,0,6,6229_2,4,254,89,34,0
2026-09-08,14,10059,0,7,6074_2,4,254,89,34,0
2026-09-08,14,10059,0,8,6169_2,3,25,20,0,0
2026-09-08,14,10059,0,9,6260_1,3,190,75,55,0
2026-09-08,14,10059,0,10,7475_1,1,0,0,0,0
2026-09-08,14,10059,1,2,6260_2,1,87,87,87,0
2026-09-08,14,10059,1,3,6169_1,2,141,98,43,0
2026-09-08,14,10059,1,4,6405_1,2,165,110,55,0
2026-09-08,14,10059,1,5,6074_1,2,149,102,47,0
2026-09-08,14,10059,1,6,6229_1,2,141,98,43,0
2026-09-08,14,10059,1,7,6006_1,2,163,109,54,0
2026-09-08,14,10059,1,8,6902_1,2,225,140,85,0
2026-09-08,14,10059,1,9,6170_1,2,183,119,64,0
2026-09-08,14,10059,1,10,7841_2,2,220,122,98,0
2026-09-08,14,10059,1,11,91_3,1,0,0,0,0
2026-09-08,14,10060,1,7,6011_1,1,5,5,5,0
2026-09-08,14,10060,1,8,6187_2,1,28,28,28,0
2026-09-08,14,10060,1,9,6205_1,2,28,15,13,0
2026-09-08,14,10060,1,10,6212_1,2,42,22,20,0
2026-09-08,14,10060,1,11,6013_1,3,26,14,5,0
2026-09-08,14,10060,1,12,94_2,1,0,0,0,0
2026-09-08,14,10060,1,13,95_1,1,24,24,24,0
2026-09-08,14,10060,1,14,6228_1,1,47,47,47,0
2026-09-08,14,10060,1,15,243_1,1,52,52,52,0
2026-09-08,14,10060,1,16,6041_1,1,80,80,80,0
2026-09-08,14,10060,1,17,6162_1,1,41,41,41,0
2026-09-08,14,10060,1,18,6160_1,1,45,45,45,0
2026-09-08,14,10060,1,19,6001_1,1,36,36,36,0
2026-09-08,14,10060,1,20,6161_1,3,132,86,5,0
2026-09-08,14,10060,1,21,446_3,5,211,76,0,0
2026-09-08,14,10060,1,22,6166_1,5,224,81,5,0
2026-09-08,14,10060,1,23,6143_1,6,206,68,0,0
2026-09-08,14,10060,1,24,6241_1,7,255,79,6,0
2026-09-08,14,10060,1,25,9_2,5,117,64,0,0
2026-09-08,14,10060,1,26,8_3,5,87,54,0,0
2026-09-08,14,10060,1,27,6_1,5,132,63,9,0
2026-09-08,14,10060,1,28,902_1,5,172,71,17,0
2026-09-08,14,10060,1,29,5_1,5,87,54,0,0
2026-09-08,14,10060,1,30,4_1,2,24,24,0,0
2026-09-08,14,10060,1,31,6059_1,4,128,47,15,0
2026-09-08,14,10060,1,32,3_1,5,191,63,15,0
2026-09-08,14,10060,1,33,73_1,5,82,33,0,0
2026-09-08,14,10060,1,34,128_1,6,516,121,41,0
2026-09-08,14,10060,1,35,114_5,2,0,0,0,0
2026-09-08,14,10061,0,2,73_1,1,55,55,55,0
2026-09-08,14,10061,0,3,128_1,2,238,142,96,0
2026-09-08,14,10061,0,4,114_5,1,0,0,0,0
2026-09-08,14,10061,0,5,3_3,1,146,146,146,0
2026-09-08,14,10061,0,6,4_5,1,104,104,104,0
2026-09-08,14,10061,0,7,5_3,1,105,105,105,0
2026-09-08,14,10061,0,8,902_2,2,123,64,59,0
2026-09-08,14,10061,0,9,6_2,2,123,69,54,0
2026-09-08,14,10061,0,10,8_1,3,180,93,38,0
2026-09-08,14,10061,0,11,9_5,2,0,0,0,0
2026-09-08,14,10061,0,12,6241_2,2,106,53,53,0
2026-09-08,14,10061,0,13,6143_2,2,76,38,38,0
2026-09-08,14,10061,0,14,6166_2,2,14,7,7,0
2026-09-08,14,10061,0,15,446_4,1,5,5,5,0
2026-09-08,14,10061,0,16,6161_2,1,0,0,0,0
2026-09-08,14,10061,0,17,6001_2,2,116,100,16,0
2026-09-08,14,10061,0,18,6160_2,2,92,90,2,0
2026-09-08,14,10061,0,19,6162_2,2,103,94,9,0
2026-09-08,14,10061,0,20,6041_2,3,283,124,39,0
2026-09-08,14,10061,0,21,243_2,2,155,120,35,0
2026-09-08,14,10061,0,22,6228_2,2,207,146,61,0
2026-09-08,14,10061,0,23,95_2,4,332,183,17,0
2026-09-08,14,10061,0,24,94_3,4,286,177,0,0
2026-09-08,14,10061,0,25,6013_2,5,458,181,4,0
2026-09-08,14,10061,0,26,6212_2,6,676,187,33,0
2026-09-08,14,10061,0,27,6205_2,8,1083,196,42,0
2026-09-08,14,10061,0,28,6187_3,8,1071,188,34,0
2026-09-08,14,10061,0,29,6011_4,8,1287,215,61,0
2026-09-08,14,10061,0,30,6017_2,8,1415,231,77,0
2026-09-08,14,10061,0,31,6172_2,8,1383,227,73,0
2026-09-08,14,10061,0,32,6067_2,8,1351,240,69,0
2026-09-08,14,10061,0,33,6248_2,6,958,232,53,0
2026-09-08,14,10061,0,34,6249_2,5,906,227,48,0
2026-09-08,14,10061,0,35,6015_2,4,652,175,144,0
2026-09-08,14,10064,1,15,6229_1,1,0,0,0,0
2026-09-08,14,10064,1,16,6006_1,1,4,4,4,0
2026-09-08,14,10064,1,17,6902_1,2,114,69,45,0
2026-09-08,14,10064,1,18,6170_1,2,90,57,33,0
2026-09-08,14,10064,1,19,7841_2,3,127,60,31,0
2026-09-08,14,10064,1,20,91_2,1,0,0,0,0
2026-09-08,14,10068,0,2,73_1,1,99,99,99,0
2026-09-08,14,10068,0,3,128_1,2,393,206,187,0
2026-09-08,14,10068,0,4,114_5,1,0,0,0,0
2026-09-08,14,10068,0,5,3_3,1,146,146,146,0
2026-09-08,14,10068,0,6,4_3,1,151,151,151,0
2026-09-08,14,10068,0,7,254_2,1,99,99,99,0
2026-09-08,14,10068,0,8,53_3,1,91,91,91,0
2026-09-08,14,10068,0,9,253_2,3,866,681,82,1
2026-09-08,14,10068,0,10,186_2,5,1653,714,70,2
2026-09-08,14,10068,0,11,252_2,7,2852,779,128,3
2026-09-08,14,10068,0,12,150_2,8,3708,794,143,4
2026-09-08,14,10068,0,13,151_2,8,3916,820,169,4
2026-09-08,14,10068,0,14,152_3,6,3116,753,102,4
2026-09-08,14,10068,0,15,251_2,4,2861,741,698,4
2026-09-08,14,10068,0,16,250_2,4,2784,721,678,4
2026-09-08,14,10068,0,17,249_2,4,2651,688,644,4
2026-09-08,14,10068,0,18,606_2,4,2760,712,679,4
2026-09-08,14,10068,0,19,607_2,4,2872,740,707,4
2026-09-08,14,10068,0,20,608_2,4,2804,723,690,4
2026-09-08,14,10068,0,21,609_2,4,2744,708,675,4
2026-09-08,14,10068,0,22,610_2,4,2700,697,664,4
2026-09-08,14,10068,0,23,765_2,4,2900,747,714,4
2026-09-08,14,10068,0,24,7717_2,4,2932,755,722,4
2026-09-08,14,10068,0,25,6023_1,4,3100,797,764,4
2026-09-08,14,10068,0,26,210_2,4,3084,793,760,4
2026-09-08,14,10068,0,27,211_2,4,3008,774,741,4
2026-09-08,14,10068,0,28,212_2,4,3064,788,755,4
2026-09-08,14,10068,0,29,615_2,4,3256,836,803,4
2026-09-08,14,10068,0,37,421_1,1,67,67,67,0
2026-09-08,14,10068,0,38,6163_1,1,73,73,73,0
2026-09-08,14,10068,0,39,419_1,1,70,70,70,0
2026-09-08,14,10068,0,40,418_1,2,163,83,80,0
2026-09-08,14,10068,0,41,440_1,3,305,126,88,0
2026-09-08,14,10068,0,42,6236_1,3,452,175,137,0
2026-09-08,14,10068,0,43,6109_1,3,182,85,47,0
2026-09-08,14,10068,1,2,6236_2,1,50,50,50,0
2026-09-08,14,10068,1,3,440_2,2,116,60,56,0
2026-09-08,14,10068,1,4,418_2,2,176,90,86,0
2026-09-08,14,10068,1,5,419_2,3,229,81,71,0
2026-09-08,14,10068,1,6,6163_2,4,272,76,60,0
2026-09-08,14,10068,1,7,421_2,4,256,72,56,0
2026-09-08,14,10068,1,8,422_2,4,104,34,18,0
2026-09-08,14,10068,1,9,7217_1,4,88,30,14,0
2026-09-08,14,10068,1,10,752_1,4,86,28,12,0
2026-09-08,14,10068,1,11,216_1,4,87,29,13,0
2026-09-08,14,10068,1,12,215_1,4,63,23,7,0
2026-09-08,14,10068,1,13,214_1,3,118,43,33,0
2026-09-08,14,10068,1,14,7213_1,4,128,36,26,0
2026-09-08,14,10068,1,15,615_1,4,296,78,68,0
2026-09-08,14,10068,1,16,212_1,4,112,32,22,0
2026-09-08,14,10068,1,17,211_1,4,284,75,65,0
2026-09-08,14,10068,1,18,210_1,4,276,73,63,0
2026-09-08,14,10068,1,19,6023_3,4,732,187,177,0
2026-09-08,14,10068,1,20,7717_1,4,664,170,160,0
2026-09-08,14,10068,1,21,765_1,5,1103,273,199,0
2026-09-08,14,10068,1,22,610_1,5,731,195,127,0
2026-09-08,14,10068,1,23,609_1,2,376,194,182,0
2026-09-08,14,10068,1,24,608_1,2,486,249,237,0
2026-09-08,14,10068,1,25,607_1,3,636,220,202,0
2026-09-08,14,10068,1,26,606_1,3,612,212,194,0
2026-09-08,14,10068,1,27,249_1,4,533,179,108,0
2026-09-08,14,10068,1,28,250_1,4,537,180,109,0
2026-09-08,14,10068,1,29,251_1,4,393,144,73,0
2026-09-08,14,10068,1,30,152_2,4,493,169,98,0
2026-09-08,14,10068,1,31,151_1,4,737,230,159,0
2026-09-08,14,10068,1,32,150_1,4,633,204,133,0
2026-09-08,14,10068,1,33,252_1,4,857,260,189,0
2026-09-08,14,10068,1,34,186_1,4,725,227,156,0
2026-09-08,14,10068,1,35,253_1,4,821,251,180,0
2026-09-08,14,10068,1,36,53_1,4,961,286,215,0
2026-09-08,14,10068,1,37,254_1,4,949,283,212,0
2026-09-08,14,10068,1,38,4_4,4,993,294,223,0
2026-09-08,14,10068,1,39,6059_1,4,1045,307,236,1
2026-09-08,14,10068,1,40,3_1,1,296,296,296,0
2026-09-08,14,10072,0,3,57_2,1,216,216,216,0
2026-09-08,14,10072,0,4,56_2,2,494,318,176,1
2026-09-08,14,10072,0,5,55_4,3,857,385,229,1
2026-09-08,14,10072,0,6,69_2,4,1009,369,200,1
2026-09-08,14,10072,0,7,68_2,4,1377,461,292,3
2026-09-08,14,10072,0,8,67_2,4,1285,438,269,1
2026-09-08,14,10072,0,9,65_2,4,1677,536,367,4
2026-09-08,14,10072,0,10,204_2,4,1521,497,328,4
2026-09-08,14,10072,0,11,255_2,4,1885,588,419,4
2026-09-08,14,10072,0,12,205_2,4,1737,551,382,4
2026-09-08,14,10072,0,13,206_2,4,1457,481,312,4
2026-09-08,14,10072,0,14,863_3,4,937,351,182,1
2026-09-08,14,10072,0,15,209_2,2,490,273,217,0
2026-09-08,14,10072,0,16,210_2,3,865,352,251,1
2026-09-08,14,10072,0,17,211_2,4,1190,382,232,2
2026-09-08,14,10072,0,18,212_2,4,1246,396,246,2
2026-09-08,14,10072,0,19,615_2,4,1438,444,294,3
2026-09-08,14,10072,0,20,7213_2,4,1266,401,251,2
2026-09-08,14,10072,0,21,214_2,4,1170,377,227,2
2026-09-08,14,10072,0,22,215_2,4,1242,395,245,2
2026-09-08,14,10072,0,23,216_2,4,1414,438,288,2
2026-09-08,14,10072,0,24,752_2,4,1370,427,277,2
2026-09-08,14,10072,0,25,7217_2,4,1110,362,212,2
2026-09-08,14,10072,0,26,422_1,4,1338,419,269,2
2026-09-08,14,10072,0,27,421_1,4,1366,436,266,2
2026-09-08,14,10072,0,28,6163_1,4,1362,428,272,2
2026-09-08,14,10072,0,29,419_1,4,1334,417,269,2
2026-09-08,14,10072,0,30,418_1,4,1417,461,282,2
2026-09-08,14,10072,0,31,440_1,4,1449,469,290,3
2026-09-08,14,10072,0,32,6236_1,4,1645,518,339,4
2026-09-08,14,10072,0,33,6109_1,4,1285,428,249,2
2026-09-08,14,10072,1,10,752_1,1,7,7,7,0
2026-09-08,14,10072,1,11,216_1,1,5,5,5,0
2026-09-08,14,10072,1,12,215_1,1,0,0,0,0
2026-09-08,14,10072,1,13,214_1,2,45,26,19,0
2026-09-08,14,10072,1,14,7213_1,2,31,19,12,0
2026-09-08,14,10072,1,15,615_1,3,156,61,41,0
2026-09-08,14,10072,1,16,212_1,3,23,15,0,0
2026-09-08,14,10072,1,17,211_1,3,152,58,43,0
2026-09-08,14,10072,1,18,210_1,3,146,56,41,0
2026-09-08,14,10072,1,19,209_1,3,461,161,146,0
2026-09-08,14,10072,1,20,863_1,3,233,85,70,0
2026-09-08,14,10072,1,21,206_1,3,194,72,57,0
2026-09-08,14,10072,1,22,205_1,3,95,39,24,0
2026-09-08,14,10072,1,23,255_1,3,71,31,16,0
2026-09-08,14,10072,1,24,204_1,3,53,25,10,0
2026-09-08,14,10072,1,25,65_1,1,0,0,0,0
2026-09-08,14,10072,1,26,67_1,1,66,66,66,0
2026-09-08,14,10072,1,27,68_1,1,129,129,129,0
2026-09-08,14,10072,1,28,69_1,3,287,185,49,0
2026-09-08,14,10072,1,29,55_1,2,458,231,227,0
2026-09-08,14,10072,1,30,56_1,3,740,258,228,0
2026-09-08,14,10072,1,31,57_1,3,647,227,197,0
2026-09-08,14,10072,1,32,59_1,3,626,220,190,0
2026-09-08,14,10072,1,33,61_2,3,410,148,118,0
2026-09-08,14,10080,1,7,428_1,1,99,99,99,0
2026-09-08,14,10080,1,8,427_2,2,245,137,108,0
2026-09-08,14,10080,1,9,426_1,2,335,182,153,0
2026-09-08,14,10080,1,10,425_3,3,570,230,139,0
2026-09-08,14,10080,1,11,424_1,4,1050,315,224,1
2026-09-08,14,10080,1,12,423_1,4,1038,312,221,1
2026-09-08,14,10080,1,13,422_1,4,894,276,185,0
2026-09-08,14,10080,1,14,421_3,4,622,208,117,0
2026-09-08,15,10002,0,14,905_3,2,42,42,0,0
2026-09-08,15,10002,0,15,456_2,2,42,42,0,0
2026-09-08,15,10002,0,16,455_2,2,42,42,0,0
2026-09-08,15,10002,0,17,699_1,1,0,0,0,0
2026-09-08,15,10002,0,18,454_2,1,0,0,0,0
2026-09-08,15,10002,0,19,453_2,1,60,60,60,0
2026-09-08,15,10002,0,20,75_3,1,0,0,0,0
2026-09-08,15,10002,0,21,906_2,1,0,0,0,0
2026-09-08,15,10002,0,22,452_2,1,0,0,0,0
2026-09-08,15,10002,0,23,451_2,1,0,0,0,0
2026-09-08,15,10002,0,24,445_3,1,0,0,0,0
2026-09-08,15,10002,0,25,446_2,1,0,0,0,0
2026-09-08,15,10002,1,22,534_2,1,37,37,37,0
2026-09-08,15,10002,1,23,59_3,1,93,93,93,0
2026-09-08,15,10002,1,24,61_3,1,0,0,0,0
2026-09-08,15,10032,0,21,6161_2,2,399,201,198,0
2026-09-08,15,10032,0,22,6001_2,4,912,298,191,0
2026-09-08,15,10032,0,23,6160_2,4,864,288,177,0
2026-09-08,15,10032,0,24,6162_2,4,886,292,184,0
2026-09-08,15,10032,0,25,6041_2,4,1002,322,214,1
2026-09-08,15,10032,0,26,243_2,4,990,318,210,1
2026-09-08,15,10032,0,27,6228_2,4,1094,344,236,1
2026-09-08,15,10032,0,28,95_2,4,931,300,192,1
2026-09-08,15,10032,0,29,94_3,4,874,283,175,0
2026-09-08,15,10032,0,30,93_2,4,858,279,171,0
2026-09-08,15,10032,0,31,6016_2,4,928,289,181,0
2026-09-08,15,10032,0,32,91_1,4,468,200,48,0
2026-09-08,15,10032,0,33,6016_1,4,616,237,85,0
2026-09-08,15,10032,0,34,93_1,4,652,246,94,0
2026-09-08,15,10032,0,35,94_1,4,692,256,104,0
2026-09-08,15,10032,0,36,6242_1,4,644,244,92,0
2026-09-08,15,10032,0,37,6064_1,4,560,223,71,0
2026-09-08,15,10032,0,38,6255_2,4,692,256,104,0
2026-09-08,15,10032,0,39,6256_2,4,764,274,122,0
2026-09-08,15,10032,0,40,6094_2,4,720,263,111,0
2026-09-08,15,10032,0,41,6244_2,4,580,228,76,0
2026-09-08,15,10032,0,42,6257_2,4,552,221,69,0
2026-09-08,15,10032,0,43,6240_2,4,704,259,107,0
2026-09-08,15,10032,0,44,6258_2,4,775,270,127,0
2026-09-08,15,10032,0,45,6225_2,4,690,245,107,0
2026-09-08,15,10032,0,46,6181_2,4,674,238,104,0
2026-09-08,15,10032,0,47,6246_2,4,742,251,117,0
2026-09-08,15,10032,0,48,6206_2,4,601,216,82,0
2026-09-08,15,10032,0,49,6176_2,4,607,216,84,0
2026-09-08,15,10032,0,50,6200_3,4,645,230,92,0
2026-09-08,15,10032,0,51,6042_2,4,490,192,53,0
2026-09-08,15,10032,0,52,6031_2,4,363,152,24,0
2026-09-08,15,10032,0,53,6039_1,3,159,85,0,0
2026-09-08,15,10032,1,48,72_2,2,1251,627,624,2
2026-09-08,15,10032,1,49,55_1,3,1757,629,544,3
2026-09-08,15,10032,1,50,56_1,4,2216,630,404,4
2026-09-08,15,10032,1,51,57_1,4,2092,599,373,4
2026-09-08,15,10032,1,52,59_1,4,2064,592,366,4
2026-09-08,15,10032,1,53,61_1,4,1544,462,236,3
2026-09-08,15,10047,1,32,9_2,4,134,66,0,0
2026-09-08,15,10047,1,33,6057_1,3,150,77,0,0
2026-09-08,15,10047,1,34,6069_1,4,186,82,5,0
2026-09-08,15,10047,1,35,6102_1,4,302,111,34,0
2026-09-08,15,10047,1,36,6070_2,3,102,53,0,0
2026-09-08,15,10047,1,37,393_1,3,243,100,47,0
2026-09-08,15,10047,1,38,114_1,3,46,25,0,0
2026-09-08,15,10047,1,39,114_3,3,577,202,177,0
2026-09-08,15,10047,1,40,3_1,3,742,257,232,0
2026-09-08,15,10047,1,41,73_1,4,879,241,202,0
2026-09-08,15,10047,1,42,72_2,4,1997,567,349,4
2026-09-08,15,10047,1,43,55_1,4,1875,569,309,4
2026-09-08,15,10047,1,44,56_1,4,1957,570,336,4
2026-09-08,15,10047,1,45,57_1,4,1833,539,305,4
2026-09-08,15,10047,1,46,59_1,4,1805,532,298,3
2026-09-08,15,10047,1,47,61_1,4,1045,342,108,2
2026-09-08,15,10049,0,22,6039_1,1,0,0,0,0
2026-09-08,15,10049,0,23,6040_2,1,0,0,0,0
2026-09-08,15,10049,0,24,6022_9,1,0,0,0,0
2026-09-08,15,10049,0,25,6099_9,1,0,0,0,0
2026-09-08,15,10049,0,26,6141_2,1,0,0,0,0
2026-09-08,15,10049,0,27,6105_2,1,0,0,0,0
2026-09-08,15,10049,0,28,6105_1,1,10,10,10,0
2026-09-08,15,10049,0,29,6141_1,1,10,10,10,0
2026-09-08,15,10049,0,30,6039_1,1,70,70,70,0
2026-09-08,15,10060,1,30,4_1,2,49,49,0,0
2026-09-08,15,10060,1,31,6059_1,3,110,72,15,0
2026-09-08,15,10060,1,32,3_1,3,110,72,15,0
2026-09-08,15,10060,1,33,73_1,3,74,42,0,0
2026-09-08,15,10060,1,34,128_1,4,332,130,41,0
2026-09-08,15,10060,1,35,114_5,1,0,0,0,0
2026-09-08,15,10061,0,15,446_4,1,5,5,5,0
2026-09-08,15,10061,0,16,6161_2,1,0,0,0,0
2026-09-08,15,10061,0,17,6001_2,1,100,100,100,0
2026-09-08,15,10061,0,18,6160_2,1,90,90,90,0
2026-09-08,15,10061,0,19,6162_2,1,94,94,94,0
2026-09-08,15,10061,0,20,6041_2,2,244,124,120,0
2026-09-08,15,10061,0,21,243_2,1,120,120,120,0
2026-09-08,15,10061,0,22,6228_2,1,146,146,146,0
2026-09-08,15,10061,0,23,95_2,1,102,102,102,0
2026-09-08,15,10061,0,24,94_3,1,85,85,85,0
2026-09-08,15,10061,0,25,6013_2,1,93,93,93,0
2026-09-08,15,10061,0,26,6212_2,2,231,128,103,0
2026-09-08,15,10061,0,27,6205_2,2,245,135,110,0
2026-09-08,15,10061,0,28,6187_3,2,255,128,127,0
2026-09-08,15,10061,0,29,6011_4,2,309,155,154,0
2026-09-08,15,10061,0,30,6017_2,2,341,171,170,0
2026-09-08,15,10061,0,31,6172_2,2,333,167,166,0
2026-09-08,15,10061,0,32,6067_2,2,313,157,156,0
2026-09-08,15,10061,0,33,6248_2,4,562,141,140,0
2026-09-08,15,10061,0,34,6249_2,5,720,162,74,0
2026-09-08,15,10061,0,35,6015_2,6,464,111,0,0
2026-09-08,15,10068,0,14,152_3,2,266,143,123,0
2026-09-08,15,10068,0,15,251_2,4,433,131,90,0
2026-09-08,15,10068,0,16,250_2,4,356,111,70,0
2026-09-08,15,10068,0,17,249_2,4,223,78,36,0
2026-09-08,15,10068,0,18,606_2,4,332,102,68,0
2026-09-08,15,10068,0,19,607_2,4,444,130,96,0
2026-09-08,15,10068,0,20,608_2,4,376,113,79,0
2026-09-08,15,10068,0,21,609_2,4,316,98,64,0
2026-09-08,15,10068,0,22,610_2,4,272,87,53,0
2026-09-08,15,10068,0,23,765_2,4,472,137,103,0
2026-09-08,15,10068,0,24,7717_2,4,504,145,111,0
2026-09-08,15,10068,0,25,6023_1,4,672,187,153,0
2026-09-08,15,10068,0,26,210_2,4,656,183,149,0
2026-09-08,15,10068,0,27,211_2,4,580,164,130,0
2026-09-08,15,10068,0,28,212_2,4,636,178,144,0
2026-09-08,15,10068,0,29,615_2,4,828,226,192,0
2026-09-08,15,10068,0,30,7213_2,8,3740,793,149,4
2026-09-08,15,10068,0,31,214_2,8,3548,769,125,4
2026-09-08,15,10068,0,32,215_2,8,3692,787,143,4
2026-09-08,15,10068,0,33,216_2,8,4036,830,186,4
2026-09-08,15,10068,0,34,752_2,8,3948,819,175,4
2026-09-08,15,10068,0,35,7217_2,8,3428,754,110,4
2026-09-08,15,10068,0,36,422_1,8,3884,811,167,4
2026-09-08,15,10068,0,37,421_1,8,3940,808,184,4
2026-09-08,15,10068,0,38,6163_1,8,3932,814,176,4
2026-09-08,15,10068,0,39,419_1,8,3876,811,165,4
2026-09-08,15,10068,0,40,418_1,7,3828,824,178,4
2026-09-08,15,10068,0,41,440_1,7,3884,832,186,4
2026-09-08,15,10068,0,42,6236_1,7,4227,881,235,4
2026-09-08,15,10068,0,43,6109_1,7,3597,791,145,4
2026-09-08,15,10068,1,23,609_1,4,556,143,136,0
2026-09-08,15,10068,1,24,608_1,3,584,199,191,0
2026-09-08,15,10068,1,25,607_1,3,509,194,156,0
2026-09-08,15,10068,1,26,606_1,3,484,185,148,0
2026-09-08,15,10068,1,27,249_1,3,226,99,62,0
2026-09-08,15,10068,1,28,250_1,3,229,100,63,0
2026-09-08,15,10068,1,29,251_1,3,121,64,27,0
2026-09-08,15,10068,1,30,152_2,3,196,89,52,0
2026-09-08,15,10068,1,31,151_1,3,379,150,113,0
2026-09-08,15,10068,1,32,150_1,3,301,124,87,0
2026-09-08,15,10068,1,33,252_1,3,469,180,143,0
2026-09-08,15,10068,1,34,186_1,3,370,147,110,0
2026-09-08,15,10068,1,35,253_1,3,442,171,134,0
2026-09-08,15,10068,1,36,53_1,3,547,206,169,0
2026-09-08,15,10068,1,37,254_1,3,538,203,166,0
2026-09-08,15,10068,1,38,4_4,3,571,214,177,0
2026-09-08,15,10068,1,39,6059_1,3,610,227,190,0
2026-09-08,15,10068,1,40,3_1,6,1779,367,250,3
2026-09-08,15,10068,1,41,73_1,8,2138,376,209,1
2026-09-08,15,10068,1,42,128_1,8,2654,417,264,6
2026-09-08,15,10068,1,43,114_5,5,94,74,0,0
2026-09-08,15,10072,0,15,209_2,3,886,359,257,1
2026-09-08,15,10072,0,16,210_2,4,1058,348,195,1
2026-09-08,15,10072,0,17,211_2,4,982,329,176,1
2026-09-08,15,10072,0,18,212_2,4,1038,343,190,1
2026-09-08,15,10072,0,19,615_2,4,1230,391,238,2
2026-09-08,15,10072,0,20,7213_2,4,1058,348,195,1
2026-09-08,15,10072,0,21,214_2,4,962,324,171,1
2026-09-08,15,10072,0,22,215_2,4,1034,342,189,1
2026-09-08,15,10072,0,23,216_2,4,1206,385,232,2
2026-09-08,15,10072,0,24,752_2,4,1162,374,221,1
2026-09-08,15,10072,0,25,7217_2,4,902,309,156,1
2026-09-08,15,10072,0,26,422_1,4,1130,366,213,1
2026-09-08,15,10072,0,27,421_1,4,1158,363,210,2
2026-09-08,15,10072,0,28,6163_1,4,1154,369,216,1
2026-09-08,15,10072,0,29,419_1,4,1126,366,213,1
2026-09-08,15,10072,0,30,418_1,4,1209,379,226,2
2026-09-08,15,10072,0,31,440_1,4,1241,387,234,2
2026-09-08,15,10072,0,32,6236_1,4,1437,436,283,3
2026-09-08,15,10072,0,33,6109_1,4,1077,346,193,1
2026-09-08,15,10072,1,29,55_1,2,194,99,95,0
2026-09-08,15,10072,1,30,56_1,3,344,126,96,0
2026-09-08,15,10072,1,31,57_1,3,251,95,65,0
2026-09-08,15,10072,1,32,59_1,3,230,88,58,0
2026-09-08,15,10072,1,33,61_2,3,28,16,0,0
2026-09-08,19,10002,0,12,203_2,1,0,0,0,0
2026-09-08,19,10002,0,13,113_4,2,5,5,0,0
2026-09-08,19,10002,0,14,905_3,2,5,5,0,0
2026-09-08,19,10002,0,15,456_2,3,66,61,0,0
2026-09-08,19,10002,0,16,455_2,4,113,61,0,0
2026-09-08,19,10002,0,17,699_1,2,11,11,0,0
2026-09-08,19,10002,0,18,454_2,2,11,11,0,0
2026-09-08,19,10002,0,19,453_2,2,131,71,60,0
2026-09-08,19,10002,0,20,75_3,2,31,21,10,0
2026-09-08,19,10002,0,21,906_2,1,0,0,0,0
2026-09-08,19,10002,0,22,452_2,1,0,0,0,0
2026-09-08,19,10002,0,23,451_2,1,0,0,0,0
2026-09-08,19,10002,0,24,445_3,1,0,0,0,0
2026-09-08,19,10002,0,25,446_2,1,0,0,0,0
2026-09-08,19,10032,0,2,59_4,1,0,0,0,0
2026-09-08,19,10032,0,3,57_2,1,0,0,0,0
2026-09-08,19,10032,0,4,56_2,2,206,104,102,0
2026-09-08,19,10032,0,5,55_2,2,290,146,144,0
2026-09-08,19,10032,0,6,72_1,3,630,237,158,0
2026-09-08,19,10032,0,7,73_2,3,642,267,148,0
2026-09-08,19,10032,0,8,73_3,3,693,284,165,0
2026-09-08,19,10032,0,9,3_2,3,810,323,204,1
2026-09-08,19,10032,0,10,114_4,3,333,164,45,0
2026-09-08,19,10032,0,11,393_2,3,390,183,64,0
2026-09-08,19,10032,0,12,6070_3,3,414,191,72,0
2026-09-08,19,10032,0,13,6102_2,3,471,210,91,0
2026-09-08,19,10032,0,14,6069_2,3,477,212,93,0
2026-09-08,19,10032,0,15,6057_2,3,408,189,70,0
2026-09-08,19,10032,0,16,9_5,3,405,188,69,0
2026-09-08,19,10032,0,17,6241_2,3,537,232,113,0
2026-09-08,19,10032,0,18,6143_2,4,698,215,95,0
2026-09-08,19,10032,0,19,6166_2,4,703,223,94,0
2026-09-08,19,10032,0,20,446_4,4,823,275,102,0
2026-09-08,19,10032,0,21,6161_2,4,933,326,106,2
2026-09-08,19,10032,0,22,6001_2,5,1347,372,139,2
2026-09-08,19,10032,0,23,6160_2,5,1223,347,117,2
2026-09-08,19,10032,0,24,6162_2,5,1263,359,121,2
2026-09-08,19,10032,0,25,6041_2,6,1717,400,152,2
2026-09-08,19,10032,0,26,243_2,6,1737,407,148,2
2026-09-08,19,10032,0,27,6228_2,7,2140,431,152,3
2026-09-08,19,10032,0,28,95_2,7,1737,374,91,2
2026-09-08,19,10032,0,29,94_3,8,1809,356,76,2
2026-09-08,19,10032,0,30,93_2,8,1893,370,76,2
2026-09-08,19,10032,0,31,6016_2,8,2133,400,106,2
2026-09-08,19,10032,0,32,91_1,8,2005,504,89,3
2026-09-08,19,10032,0,33,6016_1,8,2389,552,137,3
2026-09-08,19,10032,0,34,93_1,6,1401,416,153,1
2026-09-08,19,10032,0,35,94_1,5,1325,342,221,1
2026-09-08,19,10032,0,36,6242_1,5,1230,323,202,1
2026-09-08,19,10032,0,37,6064_1,4,847,231,187,0
2026-09-08,19,10032,0,38,6255_2,4,939,254,210,0
2026-09-08,19,10032,0,39,6256_2,4,1051,282,238,0
2026-09-08,19,10032,0,40,6094_2,4,975,263,219,0
2026-09-08,19,10032,0,41,6244_2,4,859,234,190,0
2026-09-08,19,10032,0,42,6257_2,4,871,237,193,0
2026-09-08,19,10032,0,43,6240_2,4,1015,273,229,0
2026-09-08,19,10032,0,44,6258_2,4,1155,308,264,1
2026-09-08,19,10032,0,45,6225_2,4,1082,290,246,0
2026-09-08,19,10032,0,46,6181_2,4,1020,275,230,0
2026-09-08,19,10032,0,47,6246_2,4,1322,352,301,4
2026-09-08,19,10032,0,48,6206_2,4,1226,328,277,3
2026-09-08,19,10032,0,49,6176_2,4,1270,339,288,3
2026-09-08,19,10032,0,50,6200_3,4,1406,373,322,4
2026-09-08,19,10032,0,51,6042_2,4,1270,339,288,3
2026-09-08,19,10032,0,52,6031_2,4,1102,297,246,0
2026-09-08,19,10032,0,53,6039_1,4,814,225,174,0
2026-09-08,19,10049,0,13,6258_2,1,197,197,197,0
2026-09-08,19,10049,0,14,6225_2,1,178,178,178,0
2026-09-08,19,10049,0,15,6181_2,2,329,166,163,0
2026-09-08,19,10049,0,16,6246_2,2,483,243,240,0
2026-09-08,19,10049,0,17,6206_2,3,638,219,203,0
2026-09-08,19,10049,0,18,6176_2,3,671,230,214,0
2026-09-08,19,10049,0,19,6200_3,3,773,264,248,0
2026-09-08,19,10049,0,20,6042_2,3,671,230,214,0
2026-09-08,19,10049,0,21,6031_2,3,545,188,172,0
2026-09-08,19,10049,0,22,6039_1,3,329,116,100,0
2026-09-08,19,10049,1,3,6042_1,1,19,19,19,0
2026-09-08,19,10049,1,4,6200_1,1,0,0,0,0
2026-09-08,19,10049,1,5,6176_1,2,53,32,21,0
2026-09-08,19,10049,1,6,6206_1,2,129,70,59,0
2026-09-08,19,10049,1,7,6246_1,3,320,116,99,0
2026-09-08,19,10049,1,8,6181_1,4,276,87,43,0
2026-09-08,19,10049,1,9,6225_1,4,288,90,46,0
2026-09-08,19,10049,1,10,6258_1,4,208,70,26,0
2026-09-08,19,10049,1,11,6240_1,4,132,51,7,0
2026-09-08,19,10049,1,12,6257_1,4,244,79,35,0
2026-09-08,19,10049,1,13,6244_1,4,276,87,43,0
2026-09-08,19,10049,1,14,6094_1,4,160,58,14,0
2026-09-08,19,10049,1,15,6256_1,4,101,43,0,0
2026-09-08,19,10049,1,16,6255_1,4,149,53,9,0
2026-09-08,19,10049,1,17,6064_2,4,249,82,30,0
2026-09-08,19,10049,1,18,6242_2,4,221,77,17,0
2026-09-08,19,10049,1,19,94_4,4,293,95,35,0
2026-09-08,19,10049,1,20,93_2,4,453,135,75,0
2026-09-08,19,10049,1,21,6016_2,4,573,165,105,0
2026-09-08,19,10049,1,22,91_1,4,1469,389,329,4
2026-09-08,19,10051,0,3,93_1,1,101,101,101,0
2026-09-08,19,10051,0,4,6013_2,2,250,131,119,0
2026-09-08,19,10051,0,5,6212_2,3,452,172,134,0
2026-09-08,19,10051,0,6,6205_2,3,506,190,152,0
2026-09-08,19,10051,0,7,6187_3,4,799,248,167,0
2026-09-08,19,10051,0,8,6011_4,4,959,288,207,0
2026-09-08,19,10051,0,9,6017_2,4,1071,316,235,1
2026-09-08,19,10051,0,10,6172_2,4,1063,314,233,1
2026-09-08,19,10051,0,11,6067_2,4,1043,309,228,1
2026-09-08,19,10051,0,12,6248_2,4,1051,311,230,1
2026-09-08,19,10051,0,13,6249_2,4,1059,313,232,1
2026-09-08,19,10051,0,14,6015_2,4,863,264,183,0
2026-09-08,19,10051,1,1,6015_1,1,1,1,1,0
2026-09-08,19,10051,1,2,6249_1,1,25,25,25,0
2026-09-08,19,10051,1,3,6248_1,1,4,4,4,0
2026-09-08,19,10051,1,4,6067_1,2,46,29,17,0
2026-09-08,19,10051,1,5,6172_1,2,52,32,20,0
2026-09-08,19,10051,1,6,6017_1,3,67,27,15,0
2026-09-08,19,10051,1,7,6011_1,3,76,30,18,0
2026-09-08,19,10051,1,8,6187_2,4,229,61,51,0
2026-09-08,19,10051,1,9,6205_1,4,189,51,41,0
2026-09-08,19,10051,1,10,6212_1,4,207,61,40,0
2026-09-08,19,10051,1,11,6013_1,4,153,42,32,0
2026-09-08,19,10051,1,12,93_2,4,345,90,80,0
2026-09-08,19,10051,1,13,6016_2,4,465,120,110,0
2026-09-08,19,10051,1,14,91_4,4,157,43,33,0
2026-09-08,19,10053,1,50,474_1,1,106,106,106,0
2026-09-08,19,10053,1,51,473_1,1,106,106,106,0
2026-09-08,19,10053,1,52,472_1,2,255,149,106,0
2026-09-08,19,10053,1,53,7471_1,2,255,149,106,0
2026-09-08,19,10053,1,54,39_1,3,366,149,106,0
2026-09-08,19,10053,1,55,40_1,3,366,149,106,0
2026-09-08,19,10053,1,56,21_1,3,366,149,106,0
2026-09-08,19,10053,1,57,42_1,3,366,149,106,0
2026-09-08,19,10053,1,58,43_1,3,366,149,106,0
2026-09-08,19,10053,1,59,44_1,3,366,149,106,0
2026-09-08,19,10053,1,60,18_1,3,366,149,106,0
2026-09-08,19,10053,1,61,17_1,3,366,149,106,0
2026-09-08,19,10053,1,62,16_1,3,366,149,106,0
2026-09-08,19,10053,1,63,15_1,3,366,149,106,0
2026-09-08,19,10053,1,64,14_1,3,366,149,106,0
2026-09-08,19,10053,1,65,448_1,3,366,149,106,0
2026-09-08,19,10053,1,66,447_1,3,366,149,106,0
2026-09-08,19,10053,1,67,6158_1,3,396,159,116,0
2026-09-08,19,10053,1,68,446_3,3,396,159,116,0
2026-09-08,19,10053,1,69,6166_1,3,417,166,123,0
2026-09-08,19,10053,1,70,6143_1,3,378,153,110,0
2026-09-08,19,10053,1,71,6241_1,3,351,144,101,0
2026-09-08,19,10053,1,72,9_1,3,351,144,101,0
2026-09-08,19,10059,0,1,91_3,1,0,0,0,0
2026-09-08,19,10059,0,2,7841_4,1,59,59,59,0
2026-09-08,19,10059,0,3,6170_2,1,85,85,85,0
2026-09-08,19,10059,0,4,6902_2,1,124,124,124,0
2026-09-08,19,10059,0,5,6006_2,1,156,156,156,0
2026-09-08,19,10059,0,6,6229_2,1,189,189,189,0
2026-09-08,19,10059,0,7,6074_2,1,186,186,186,0
2026-09-08,19,10059,0,8,6169_2,1,147,147,147,0
2026-09-08,19,10059,0,9,6260_1,1,183,183,183,0
2026-09-08,19,10059,0,10,7475_1,1,149,149,149,0
2026-09-08,19,10059,1,4,6106_1,1,0,0,0,0
2026-09-08,19,10059,1,5,6134_1,1,0,0,0,0
2026-09-08,19,10059,1,6,6196_1,2,30,18,12,0
2026-09-08,19,10059,1,6,6229_1,1,127,127,127,0
2026-09-08,19,10059,1,7,6263_1,2,5,5,0,0
2026-09-08,19,10059,1,7,6006_1,1,132,132,132,0
2026-09-08,19,10059,1,8,6260_1,2,75,40,35,0
2026-09-08,19,10059,1,8,6902_1,2,332,184,148,0
2026-09-08,19,10059,1,9,7475_1,1,0,0,0,0
2026-09-08,19,10059,1,9,6170_1,2,306,171,135,0
2026-09-08,19,10059,1,10,6260_2,1,51,51,51,0
2026-09-08,19,10059,1,10,7841_2,3,488,190,144,0
2026-09-08,19,10059,1,11,6169_1,1,78,78,78,0
2026-09-08,19,10059,1,11,91_3,1,0,0,0,0
2026-09-08,19,10059,1,12,6405_1,1,100,100,100,0
2026-09-08,19,10059,1,13,6074_1,1,107,107,107,0
2026-09-08,19,10059,1,14,6229_1,2,241,129,112,0
2026-09-08,19,10059,1,15,6006_1,2,248,134,114,0
2026-09-08,19,10059,1,16,6902_1,3,504,186,152,0
2026-09-08,19,10059,1,17,6170_1,3,472,173,146,0
2026-09-08,19,10059,1,18,7841_2,4,709,192,165,0
2026-09-08,19,10059,1,19,91_3,2,7,7,0,0
2026-09-08,19,10060,1,8,6187_2,1,53,53,53,0
2026-09-08,19,10060,1,9,6205_1,1,43,43,43,0
2026-09-08,19,10060,1,10,6212_1,2,92,53,39,0
2026-09-08,19,10060,1,11,6013_1,2,54,34,20,0
2026-09-08,19,10060,1,12,94_2,3,68,33,16,0
2026-09-08,19,10060,1,13,95_1,3,44,25,8,0
2026-09-08,19,10060,1,14,6228_1,3,92,41,24,0
2026-09-08,19,10060,1,15,243_1,3,86,39,22,0
2026-09-08,19,10060,1,16,6041_1,3,176,69,52,0
2026-09-08,19,10060,1,17,6162_1,3,80,37,20,0
2026-09-08,19,10060,1,18,6160_1,3,77,36,19,0
2026-09-08,19,10060,1,19,6001_1,3,62,31,14,0
2026-09-08,19,10060,1,20,6161_1,3,47,26,9,0
2026-09-08,19,10060,1,21,446_3,3,38,23,6,0
2026-09-08,19,10060,1,22,6166_1,3,59,30,13,0
2026-09-08,19,10060,1,23,6143_1,3,20,17,0,0
2026-09-08,19,10060,1,24,6241_1,2,8,8,0,0
2026-09-08,19,10060,1,25,9_2,3,4,4,0,0
2026-09-08,19,10060,1,26,8_3,5,21,8,0,0
2026-09-08,19,10060,1,27,6_1,7,122,23,9,0
2026-09-08,19,10060,1,28,902_1,7,201,37,4,0
2026-09-08,19,10060,1,29,5_1,8,41,11,0,0
2026-09-08,19,10060,1,30,4_1,8,41,11,0,0
2026-09-08,19,10060,1,31,6059_1,8,321,46,35,0
2026-09-08,19,10060,1,32,3_1,8,321,46,35,0
2026-09-08,19,10060,1,33,73_1,4,82,43,0,0
2026-09-08,19,10060,1,34,128_1,6,202,72,2,0
2026-09-08,19,10060,1,35,114_5,3,1,1,0,0
2026-09-08,19,10061,0,4,114_5,1,0,0,0,0
2026-09-08,19,10061,0,5,3_3,2,74,39,35,0
2026-09-08,19,10061,0,6,4_5,2,82,43,39,0
2026-09-08,19,10061,0,7,5_3,2,190,97,93,0
2026-09-08,19,10061,0,8,902_2,2,108,56,52,0
2026-09-08,19,10061,0,9,6_2,2,122,63,59,0
2026-09-08,19,10061,0,10,8_1,2,114,59,55,0
2026-09-08,19,10061,0,11,9_5,1,0,0,0,0
2026-09-08,19,10061,0,12,6241_2,1,44,44,44,0
2026-09-08,19,10061,0,13,6143_2,3,56,27,3,0
2026-09-08,19,10061,0,14,6166_2,3,71,35,11,0
2026-09-08,19,10061,0,15,446_4,5,314,87,33,0
2026-09-08,19,10061,0,16,6161_2,5,522,138,37,0
2026-09-08,19,10061,0,17,6001_2,7,882,184,51,0
2026-09-08,19,10061,0,18,6160_2,8,1339,633,25,1
2026-09-08,19,10061,0,19,6162_2,8,1417,631,45,1
2026-09-08,19,10061,0,20,6041_2,10,2440,691,34,2
2026-09-08,19,10061,0,21,243_2,10,2466,698,30,2
2026-09-08,19,10061,0,22,6228_2,11,3365,722,34,3
2026-09-08,19,10061,0,23,95_2,11,2757,665,0,3
2026-09-08,19,10061,0,24,94_3,11,2580,647,0,3
2026-09-08,19,10061,0,25,6013_2,11,2954,626,0,4
2026-09-08,19,10061,0,26,6212_2,12,3152,641,15,4
2026-09-08,19,10061,0,27,6205_2,12,3410,659,33,4
2026-09-08,19,10061,0,28,6187_3,12,3590,674,48,4
2026-09-08,19,10061,0,29,6011_4,12,4070,714,88,4
2026-09-08,19,10061,0,30,6017_2,12,4406,742,116,4
2026-09-08,19,10061,0,31,6172_2,12,4382,740,114,4
2026-09-08,19,10061,0,32,6067_2,12,4322,735,109,4
2026-09-08,19,10061,0,33,6248_2,12,4346,737,111,4
2026-09-08,19,10061,0,34,6249_2,12,4370,739,113,4
2026-09-08,19,10061,0,35,6015_2,12,3782,690,64,4
2026-09-08,19,10062,0,3,6170_2,1,142,142,142,0
2026-09-08,19,10062,0,4,6902_2,2,351,177,174,0
2026-09-08,19,10062,0,5,6006_2,2,427,215,212,0
2026-09-08,19,10062,0,6,6229_2,3,749,252,247,0
2026-09-08,19,10062,0,7,6074_2,3,737,248,243,0
2026-09-08,19,10062,0,8,6169_2,4,837,217,204,0
2026-09-08,19,10062,0,9,6263_2,4,915,239,221,0
2026-09-08,19,10062,0,10,6196_2,4,863,226,208,0
2026-09-08,19,10062,0,11,6134_2,4,963,251,233,0
2026-09-08,19,10062,0,12,6106_2,4,935,244,226,0
2026-09-08,19,10062,0,13,6020_9,4,963,251,233,0
2026-09-08,19,10062,0,14,6019_1,4,535,144,126,0
2026-09-08,19,10067,0,29,615_2,1,987,987,987,1
2026-09-08,19,10067,0,30,7213_2,1,957,957,957,1
2026-09-08,19,10067,0,31,214_2,2,1664,846,818,2
2026-09-08,19,10067,0,32,215_2,2,1688,858,830,2
2026-09-08,19,10067,0,33,216_2,3,2682,915,880,3
2026-09-08,19,10067,0,34,752_2,4,3420,884,831,4
2026-09-08,19,10067,0,35,7217_2,4,3156,818,765,4
2026-09-08,19,10067,0,36,422_1,4,3184,825,772,4
2026-09-08,19,10067,0,37,421_3,4,2896,753,700,4
2026-09-08,19,10067,0,38,422_2,4,2896,753,700,4
2026-09-08,19,10067,0,39,423_2,4,2896,753,700,4
2026-09-08,19,10067,0,40,424_2,4,2896,753,700,4
2026-09-08,19,10067,0,41,425_1,4,3136,813,760,4
2026-09-08,19,10067,0,42,426_2,4,3376,873,820,4
2026-09-08,19,10067,0,43,6168_2,4,3376,873,820,4
2026-09-08,19,10067,0,44,6112_2,4,3376,873,820,4
2026-09-08,19,10067,0,45,6180_2,4,3376,873,820,4
2026-09-08,19,10067,0,46,6035_2,4,3376,873,820,4
2026-09-08,19,10067,0,47,6079_1,4,3376,873,820,4
2026-09-08,19,10068,0,11,252_2,1,124,124,124,0
2026-09-08,19,10068,0,12,150_2,2,306,154,152,0
2026-09-08,19,10068,0,13,151_2,3,475,161,156,0
2026-09-08,19,10068,0,14,152_3,3,343,117,112,0
2026-09-08,19,10068,0,15,251_2,4,371,110,49,0
2026-09-08,19,10068,0,16,250_2,4,315,96,35,0
2026-09-08,19,10068,0,17,249_2,4,175,61,0,0
2026-09-08,19,10068,0,18,606_2,4,199,67,6,0
2026-09-08,19,10068,0,19,607_2,4,203,68,7,0
2026-09-08,19,10068,0,20,608_2,4,191,65,4,0
2026-09-08,19,10068,0,21,609_2,4,154,54,0,0
2026-09-08,19,10068,0,22,610_2,4,278,85,31,0
2026-09-08,19,10068,0,23,765_2,4,446,127,73,0
2026-09-08,19,10068,0,24,7717_2,4,462,131,77,0
2026-09-08,19,10068,0,25,6023_1,5,946,234,139,0
2026-09-08,19,10068,0,26,210_2,6,1260,280,145,0
2026-09-08,19,10068,0,27,211_2,7,1248,267,74,0
2026-09-08,19,10068,0,28,212_2,7,1370,285,92,0
2026-09-08,19,10068,0,29,615_2,8,2005,358,149,3
2026-09-08,19,10068,0,30,7213_2,8,2137,388,161,3
2026-09-08,19,10068,0,31,214_2,8,1237,277,47,0
2026-09-08,19,10068,0,32,215_2,8,1321,289,56,0
2026-09-08,19,10068,0,33,216_2,8,1747,346,98,2
2026-09-08,19,10068,0,34,752_2,8,1499,315,67,1
2026-09-08,19,10068,0,35,7217_2,8,971,249,1,0
2026-09-08,19,10068,0,36,422_1,8,1027,256,8,0
2026-09-08,19,10068,0,37,421_1,8,1691,339,91,1
2026-09-08,19,10068,0,38,6163_1,8,1713,338,95,1
2026-09-08,19,10068,0,39,419_1,8,1819,349,109,2
2026-09-08,19,10068,0,40,418_1,8,2259,395,181,3
2026-09-08,19,10068,0,41,440_1,8,2351,405,191,4
2026-09-08,19,10068,0,42,6236_1,8,2751,455,241,6
2026-09-08,19,10068,0,43,6109_1,8,1983,359,145,2
2026-09-08,19,10068,1,14,7213_1,1,26,26,26,0
2026-09-08,19,10068,1,15,615_1,1,75,75,75,0
2026-09-08,19,10068,1,16,212_1,2,330,176,154,0
2026-09-08,19,10068,1,17,211_1,3,655,253,171,0
2026-09-08,19,10068,1,18,210_1,3,457,187,105,0
2026-09-08,19,10068,1,19,6023_3,4,1051,325,180,2
2026-09-08,19,10068,1,20,7717_1,4,979,307,162,1
2026-09-08,19,10068,1,21,765_1,4,1283,383,238,3
2026-09-08,19,10068,1,22,610_1,4,999,312,167,1
2026-09-08,19,10068,1,23,609_1,4,987,309,164,1
2026-09-08,19,10068,1,24,608_1,4,1195,361,216,2
2026-09-08,19,10068,1,25,607_1,4,1079,332,187,2
2026-09-08,19,10068,1,26,606_1,4,1055,326,181,2
2026-09-08,19,10068,1,27,249_1,4,719,242,97,0
2026-09-08,19,10068,1,28,250_1,4,647,224,79,0
2026-09-08,19,10068,1,29,251_1,4,567,204,59,0
2026-09-08,19,10068,1,30,152_2,4,707,239,94,0
2026-09-08,19,10068,1,31,151_1,4,915,291,146,0
2026-09-08,19,10068,1,32,150_1,5,1425,428,159,2
2026-09-08,19,10068,1,33,252_1,6,2148,467,245,5
2026-09-08,19,10068,1,34,186_1,7,2100,427,190,3
2026-09-08,19,10068,1,35,253_1,8,2759,505,212,5
2026-09-08,19,10068,1,36,53_1,8,3087,546,253,6
2026-09-08,19,10068,1,37,254_1,8,2927,526,233,5
2026-09-08,19,10068,1,38,4_4,8,2751,504,211,5
2026-09-08,19,10068,1,39,6059_1,8,1687,371,78,2
2026-09-08,19,10068,1,40,3_1,8,2167,431,138,4
2026-09-08,19,10068,1,41,73_1,8,1693,353,60,2
2026-09-08,19,10068,1,42,128_1,8,1817,357,62,2
2026-09-08,19,10068,1,43,114_5,8,443,192,0,0
2026-09-08,19,10069,0,1,3_1,1,301,301,301,1
2026-09-08,19,10069,0,2,73_1,1,358,358,358,1
2026-09-08,19,10069,0,3,128_1,2,711,387,324,2
2026-09-08,19,10069,0,4,114_5,4,570,196,72,0
2026-09-08,19,10069,0,5,3_3,4,710,231,107,0
2026-09-08,19,10069,0,6,4_3,4,946,290,166,0
2026-09-08,19,10069,0,7,254_2,4,730,236,112,0
2026-09-08,19,10069,0,8,53_3,4,558,193,69,0
2026-09-08,19,10069,0,9,253_2,4,470,171,47,0
2026-09-08,19,10069,0,10,186_2,4,470,171,47,0
2026-09-08,19,10069,0,11,252_2,4,911,282,157,0
2026-09-08,19,10069,0,12,150_2,4,1029,312,186,1
2026-09-08,19,10069,0,13,151_2,4,1040,316,185,1
2026-09-08,19,10069,0,14,152_3,4,826,272,103,0
2026-09-08,19,10069,0,15,251_2,4,798,265,96,0
2026-09-08,19,10069,0,16,250_2,4,742,251,82,0
2026-09-08,19,10069,0,17,249_2,4,602,216,47,0
2026-09-08,19,10069,0,18,606_2,4,626,222,53,0
2026-09-08,19,10069,0,19,607_2,4,630,223,54,0
2026-09-08,19,10069,0,20,608_2,4,618,220,51,0
2026-09-08,19,10069,0,21,609_2,4,574,209,40,0
2026-09-08,19,10069,0,22,610_2,4,698,240,71,0
2026-09-08,19,10069,0,23,765_2,4,866,282,113,0
2026-09-08,19,10069,0,24,7717_2,4,882,286,117,0
2026-09-08,19,10069,0,25,6023_1,4,1174,392,179,2
2026-09-08,19,10069,0,26,210_2,4,1278,438,185,3
2026-09-08,19,10069,0,27,211_2,4,1218,425,164,3
2026-09-08,19,10069,0,28,212_2,4,1286,443,178,3
2026-09-08,19,10069,0,29,615_2,4,1563,516,246,3
2026-09-08,19,10069,0,30,7213_2,4,1629,546,258,3
2026-09-08,19,10069,0,31,214_3,4,1629,546,258,3
2026-09-08,19,10072,0,28,6163_1,1,1099,1099,1099,1
2026-09-08,19,10072,0,29,419_1,1,1110,1110,1110,1
2026-09-08,19,10072,0,30,418_1,2,2321,1165,1156,2
2026-09-08,19,10072,0,31,440_1,2,2341,1175,1166,2
2026-09-08,19,10072,0,32,6236_1,3,3747,1306,1216,3
2026-09-08,19,10072,0,33,6109_1,3,3459,1210,1120,3
2026-09-08,19,10075,0,5,55_4,1,353,353,353,1
2026-09-08,19,10075,0,6,69_2,2,538,340,198,1
2026-09-08,19,10075,0,7,68_2,2,570,356,214,1
2026-09-08,19,10075,0,8,67_2,2,554,348,206,1
2026-09-08,19,10075,0,9,65_2,2,654,398,256,1
2026-09-08,19,10075,0,10,204_2,2,576,359,217,1
2026-09-08,19,10075,0,11,255_2,2,782,462,320,2
2026-09-08,19,10075,0,12,205_2,2,782,462,320,2
2026-09-08,19,10075,0,13,206_2,2,796,469,327,2
2026-09-08,19,10075,0,14,863_3,2,710,426,284,1
2026-09-08,19,10075,0,15,209_2,3,1295,481,336,3
2026-09-08,19,10075,0,16,210_2,3,1491,536,422,3
2026-09-08,19,10075,0,17,211_2,4,1853,523,401,4
2026-09-08,19,10075,0,18,212_2,4,1921,541,415,4
2026-09-08,19,10075,0,19,615_2,4,2198,614,483,4
2026-09-08,19,10075,0,20,7213_2,4,2264,644,495,4
2026-09-08,19,10075,0,21,214_2,4,1814,533,381,4
2026-09-08,19,10075,0,22,215_2,4,1856,545,390,4
2026-09-08,19,10075,0,23,216_2,4,2069,602,432,4
2026-09-08,19,10075,0,24,752_2,4,1945,571,401,4
2026-09-08,19,10075,0,25,7217_2,4,1681,505,335,4
2026-09-08,19,10075,0,26,422_1,4,1709,512,342,4
2026-09-08,19,10075,0,27,421_3,4,1661,500,330,4
2026-09-08,20,10032,0,34,93_1,2,1128,568,560,2
2026-09-08,20,10032,0,35,94_1,3,1748,636,484,3
2026-09-08,20,10032,0,36,6242_1,3,1691,617,465,3
2026-09-08,20,10032,0,37,6064_1,4,1954,602,308,4
2026-09-08,20,10032,0,38,6255_2,4,2046,625,331,4
2026-09-08,20,10032,0,39,6256_2,4,2158,653,359,4
2026-09-08,20,10032,0,40,6094_2,4,2082,634,340,4
2026-09-08,20,10032,0,41,6244_2,4,1966,605,311,4
2026-09-08,20,10032,0,42,6257_2,4,1978,608,314,4
2026-09-08,20,10032,0,43,6240_2,4,2122,644,350,4
2026-09-08,20,10032,0,44,6258_2,4,2262,679,385,4
2026-09-08,20,10032,0,45,6225_2,4,2189,661,367,4
2026-09-08,20,10032,0,46,6181_2,4,2127,646,351,4
2026-09-08,20,10032,0,47,6246_2,4,2429,723,422,4
2026-09-08,20,10032,0,48,6206_2,4,2333,699,398,4
2026-09-08,20,10032,0,49,6176_2,4,2377,710,409,4
2026-09-08,20,10032,0,50,6200_3,4,2513,744,443,4
2026-09-08,20,10032,0,51,6042_2,4,2377,710,409,4
2026-09-08,20,10032,0,52,6031_2,4,2209,668,367,4
2026-09-08,20,10032,0,53,6039_1,4,1921,596,295,3
2026-09-08,23,10069,0,30,7213_2,1,392,392,392,1
2026-09-08,23,10069,0,31,214_3,1,255,255,255,0
