date,hour,route_id,direction_id,stop_sequence,stop_id,n_obs,sum_delay,max_delay,min_delay,n_late5
2026-09-03,7,10001,1,23,51_1,1,269,269,269,0
2026-09-03,7,10001,1,24,202_1,1,329,329,329,1
2026-09-03,7,10001,1,25,5_4,2,580,329,251,1
2026-09-03,7,10001,1,26,6070_3,3,623,269,163,0
2026-09-03,7,10031,0,32,6064_1,1,56,56,56,0
2026-09-03,7,10031,0,33,6255_2,2,168,90,78,0
2026-09-03,7,10031,0,34,6256_2,2,220,116,104,0
2026-09-03,7,10031,0,35,6094_2,2,144,78,66,0
2026-09-03,7,10031,0,36,6244_2,3,98,40,23,0
2026-09-03,7,10031,0,37,6257_2,3,25,15,0,0
2026-09-03,7,10031,0,38,6240_2,3,76,32,17,0
2026-09-03,7,10031,0,39,6258_2,4,215,85,35,0
2026-09-03,7,10031,0,40,6225_2,4,107,58,8,0
2026-09-03,7,10031,0,41,6181_2,2,31,31,0,0
2026-09-03,7,10031,0,42,6246_2,2,30,30,0,0
2026-09-03,7,10031,0,43,6206_2,2,10,10,0,0
2026-09-03,7,10031,0,44,6176_2,2,72,41,31,0
2026-09-03,7,10031,0,45,6200_3,2,98,54,44,0
2026-09-03,7,10031,0,46,6042_2,2,24,17,7,0
2026-09-03,7,10031,0,47,6031_2,1,0,0,0,0
2026-09-03,7,10031,0,48,6039_1,1,0,0,0,0
2026-09-03,7,10047,0,1,61_1,1,0,0,0,0
2026-09-03,7,10047,0,2,59_4,2,10,10,0,0
2026-09-03,7,10047,0,3,57_2,2,10,10,0,0
2026-09-03,7,10047,0,4,56_2,2,10,10,0,0
2026-09-03,7,10047,0,5,55_2,2,130,70,60,0
2026-09-03,7,10047,0,6,72_1,2,250,130,120,0
2026-09-03,7,10047,0,7,73_2,2,250,130,120,0
2026-09-03,7,10047,0,8,73_3,2,250,130,120,0
2026-09-03,7,10047,0,9,3_2,2,250,130,120,0
2026-09-03,7,10047,1,14,6094_1,1,92,92,92,0
2026-09-03,7,10047,1,15,6256_1,1,91,91,91,0
2026-09-03,7,10047,1,16,6255_1,2,191,100,91,0
2026-09-03,7,10047,1,17,6064_2,3,352,128,105,0
2026-09-03,7,10047,1,18,6242_2,4,482,131,108,0
2026-09-03,7,10047,1,19,94_2,4,426,117,94,0
2026-09-03,7,10047,1,20,95_1,4,442,121,106,0
2026-09-03,7,10047,1,21,6228_1,4,587,155,143,0
2026-09-03,7,10047,1,22,243_1,4,692,194,165,0
2026-09-03,7,10047,1,23,6041_1,4,868,238,209,0
2026-09-03,7,10047,1,24,6162_1,4,748,208,179,0
2026-09-03,7,10047,1,25,6160_1,4,744,207,178,0
2026-09-03,7,10047,1,26,6001_1,4,672,189,160,0
2026-09-03,7,10047,1,27,6161_1,4,648,183,154,0
2026-09-03,7,10047,1,28,446_3,4,444,132,103,0
2026-09-03,7,10047,1,29,6166_1,4,448,133,104,0
2026-09-03,7,10047,1,30,6143_1,4,421,131,84,0
2026-09-03,7,10047,1,31,6241_1,4,406,126,84,0
2026-09-03,7,10047,1,32,9_2,4,395,130,79,0
2026-09-03,7,10047,1,33,6057_1,4,563,172,121,0
2026-09-03,7,10047,1,34,6069_1,5,848,214,111,0
2026-09-03,7,10047,1,35,6102_1,3,543,241,122,0
2026-09-03,7,10047,1,36,6070_2,3,702,281,180,0
2026-09-03,7,10047,1,37,393_1,4,951,279,170,0
2026-09-03,7,10047,1,38,114_1,4,767,233,124,0
2026-09-03,7,10047,1,39,114_3,4,939,276,167,0
2026-09-03,7,10047,1,40,3_1,4,803,242,133,0
2026-09-03,7,10047,1,41,73_1,4,582,189,71,0
2026-09-03,7,10047,1,42,72_2,4,894,267,149,0
2026-09-03,7,10047,1,43,55_1,4,798,243,125,0
2026-09-03,7,10047,1,44,56_1,4,834,252,134,0
2026-09-03,7,10047,1,45,57_1,4,866,260,142,0
2026-09-03,7,10047,1,46,59_1,4,658,208,90,0
2026-09-03,7,10047,1,47,61_1,4,112,56,0,0
2026-09-03,7,10049,0,1,91_1,1,0,0,0,0
2026-09-03,7,10049,0,2,6016_1,1,68,68,68,0
2026-09-03,7,10049,0,3,93_1,1,57,57,57,0
2026-09-03,7,10049,0,4,94_1,1,104,104,104,0
2026-09-03,7,10049,0,5,6242_1,1,79,79,79,0
2026-09-03,7,10049,0,6,6064_1,1,61,61,61,0
2026-09-03,7,10049,0,7,6255_2,1,94,94,94,0
2026-09-03,7,10049,0,8,6256_2,1,110,110,110,0
2026-09-03,7,10049,0,9,6094_2,1,76,76,76,0
2026-09-03,7,10049,0,10,6244_2,1,51,51,51,0
2026-09-03,7,10049,0,11,6257_2,1,31,31,31,0
2026-09-03,7,10049,0,12,6240_2,1,51,51,51,0
2026-09-03,7,10049,0,13,6258_2,1,69,69,69,0
2026-09-03,7,10049,0,14,6225_2,1,42,42,42,0
2026-09-03,7,10049,0,15,6181_2,1,15,15,15,0
2026-09-03,7,10049,1,20,93_2,1,0,0,0,0
2026-09-03,7,10049,1,21,6016_2,1,12,12,12,0
2026-09-03,7,10049,1,22,91_1,1,98,98,98,0
2026-09-03,7,10051,0,4,6013_2,1,61,61,61,0
2026-09-03,7,10051,0,5,6212_2,2,213,132,81,0
2026-09-03,7,10051,0,6,6205_2,2,199,125,74,0
2026-09-03,7,10051,0,7,6187_3,3,252,104,53,0
2026-09-03,7,10051,0,8,6011_4,4,444,144,69,0
2026-09-03,7,10051,0,9,6017_2,4,392,131,56,0
2026-09-03,7,10051,0,10,6172_2,4,316,112,37,0
2026-09-03,7,10051,0,11,6067_2,4,480,153,78,0
2026-09-03,7,10051,0,12,6248_2,4,444,144,69,0
2026-09-03,7,10051,0,13,6249_2,4,384,129,54,0
2026-09-03,7,10051,0,14,6015_2,2,13,13,0,0
2026-09-03,7,10051,1,1,6015_1,1,0,0,0,0
2026-09-03,7,10051,1,2,6249_1,1,38,38,38,0
2026-09-03,7,10051,1,3,6248_1,2,63,32,31,0
2026-09-03,7,10051,1,4,6067_1,1,0,0,0,0
2026-09-03,7,10051,1,5,6172_1,2,29,16,13,0
2026-09-03,7,10051,1,6,6017_1,2,42,23,19,0
2026-09-03,7,10051,1,7,6011_1,3,52,32,8,0
2026-09-03,7,10051,1,8,6187_2,3,219,93,53,0
2026-09-03,7,10051,1,9,6205_1,5,605,165,78,0
2026-09-03,7,10051,1,10,6212_1,6,774,164,100,0
2026-09-03,7,10051,1,11,6013_1,6,692,144,97,0
2026-09-03,7,10051,1,12,93_2,7,1188,207,143,0
2026-09-03,7,10051,1,13,6016_2,8,1441,224,144,0
2026-09-03,7,10051,1,14,91_4,8,609,109,21,0
2026-09-03,7,10053,0,12,17_2,1,66,66,66,0
2026-09-03,7,10053,0,13,18_2,2,4,4,0,0
2026-09-03,7,10053,0,14,44_2,3,103,49,25,0
2026-09-03,7,10053,0,15,43_2,3,133,59,35,0
2026-09-03,7,10053,0,16,42_2,4,247,88,27,0
2026-09-03,7,10053,0,17,21_2,4,211,79,18,0
2026-09-03,7,10053,0,18,40_2,4,199,76,15,0
2026-09-03,7,10053,0,19,39_2,4,151,64,3,0
2026-09-03,7,10053,0,20,7471_2,1,0,0,0,0
2026-09-03,7,10053,0,21,472_2,2,92,60,32,0
2026-09-03,7,10053,0,22,473_2,3,130,60,32,0
2026-09-03,7,10053,0,23,474_2,3,270,120,58,0
2026-09-03,7,10053,0,24,7475_3,4,469,180,19,0
2026-09-03,7,10053,0,25,6260_2,4,469,180,19,0
2026-09-03,7,10053,0,26,6263_2,4,469,180,19,0
2026-09-03,7,10053,0,27,6196_2,4,366,152,0,0
2026-09-03,7,10053,0,28,6134_2,4,386,157,5,0
2026-09-03,7,10053,0,29,6106_2,4,339,143,0,0
2026-09-03,7,10053,0,30,6020_9,4,294,128,0,0
2026-09-03,7,10053,0,31,6043_9,4,534,188,60,0
2026-09-03,7,10053,0,32,6188_1,1,120,120,120,0
2026-09-03,7,10056,0,21,472_2,1,73,73,73,0
2026-09-03,7,10056,0,22,473_2,2,238,133,105,0
2026-09-03,7,10056,0,23,474_2,2,358,193,165,0
2026-09-03,7,10056,0,24,7475_3,3,490,193,132,0
2026-09-03,7,10056,0,25,6260_2,4,525,193,35,0
2026-09-03,7,10056,0,26,6263_2,4,525,193,35,0
2026-09-03,7,10056,0,27,6196_2,4,413,165,7,0
2026-09-03,7,10056,0,28,6134_2,4,433,170,12,0
2026-09-03,7,10056,0,29,6106_2,4,379,156,0,0
2026-09-03,7,10056,0,30,6020_9,4,334,141,0,0
2026-09-03,7,10056,0,31,6019_1,2,2,2,0,0
2026-09-03,7,10059,0,1,91_3,1,94,94,94,0
2026-09-03,7,10059,0,2,7841_4,2,206,115,91,0
2026-09-03,7,10059,0,3,6170_2,2,246,135,111,0
2026-09-03,7,10059,0,4,6902_2,2,252,138,114,0
2026-09-03,7,10059,0,5,6006_2,2,334,179,155,0
2026-09-03,7,10059,0,6,6229_2,2,420,222,198,0
2026-09-03,7,10059,0,7,6074_2,2,396,210,186,0
2026-09-03,7,10059,0,8,6169_2,3,432,168,120,0
2026-09-03,7,10059,0,9,6260_1,4,686,197,149,0
2026-09-03,7,10059,0,10,7475_1,4,214,73,37,0
2026-09-03,7,10059,1,1,7475_1,1,0,0,0,0
2026-09-03,7,10059,1,2,6260_2,1,22,22,22,0
2026-09-03,7,10059,1,3,6169_1,1,74,74,74,0
2026-09-03,7,10059,1,4,6405_1,1,108,108,108,0
2026-09-03,7,10059,1,5,6074_1,2,276,146,130,0
2026-09-03,7,10059,1,6,6229_1,2,288,152,136,0
2026-09-03,7,10059,1,7,6006_1,2,356,186,170,0
2026-09-03,7,10059,1,8,6902_1,2,464,240,224,0
2026-09-03,7,10059,1,9,6170_1,3,741,263,231,0
2026-09-03,7,10059,1,10,7841_2,3,828,302,255,1
2026-09-03,7,10059,1,11,91_3,4,725,242,135,0
2026-09-03,7,10060,0,2,73_1,1,165,165,165,0
2026-09-03,7,10060,0,3,128_1,2,496,255,241,0
2026-09-03,7,10060,0,4,114_5,3,287,136,36,0
2026-09-03,7,10060,0,5,393_2,4,719,240,120,0
2026-09-03,7,10060,0,6,6070_3,4,819,265,145,0
2026-09-03,7,10060,0,7,6102_2,4,711,238,118,0
2026-09-03,7,10060,0,8,6069_2,4,655,224,104,0
2026-09-03,7,10060,0,9,6057_2,4,563,201,81,0
2026-09-03,7,10060,0,10,9_5,4,395,159,39,0
2026-09-03,7,10060,0,11,6241_2,4,711,238,118,0
2026-09-03,7,10060,0,12,6143_2,4,635,219,99,0
2026-09-03,7,10060,0,13,6166_2,4,707,237,117,0
2026-09-03,7,10060,0,14,446_4,4,503,186,66,0
2026-09-03,7,10060,0,15,6161_2,4,627,217,97,0
2026-09-03,7,10060,0,16,6001_2,4,771,253,133,0
2026-09-03,7,10060,0,17,6160_2,4,631,218,98,0
2026-09-03,7,10060,0,18,6162_2,4,595,209,89,0
2026-09-03,7,10060,0,19,6041_2,4,743,246,126,0
2026-09-03,7,10060,0,20,243_2,4,695,234,114,0
2026-09-03,7,10060,0,21,6228_2,3,574,284,135,0
2026-09-03,7,10060,0,22,95_2,4,636,227,91,0
2026-09-03,7,10060,0,23,94_3,2,502,261,241,0
2026-09-03,7,10060,0,24,6013_2,3,728,254,227,0
2026-09-03,7,10060,0,25,6212_2,4,1058,281,247,0
2026-09-03,7,10060,0,26,6205_2,4,1046,282,240,0
2026-09-03,7,10060,0,27,6187_3,4,976,275,219,0
2026-09-03,7,10060,0,28,6011_4,4,1055,306,235,1
2026-09-03,7,10060,0,29,6017_2,4,1003,293,222,0
2026-09-03,7,10060,0,30,6172_2,4,927,274,203,0
2026-09-03,7,10060,0,31,6067_2,4,1091,315,244,1
2026-09-03,7,10060,0,32,6248_2,4,1055,306,235,1
2026-09-03,7,10060,0,33,6249_2,4,995,291,220,0
2026-09-03,7,10060,0,34,6015_2,4,531,175,104,0
2026-09-03,7,10060,1,1,6015_1,1,0,0,0,0
2026-09-03,7,10060,1,2,6249_1,1,35,35,35,0
2026-09-03,7,10060,1,3,6248_1,1,27,27,27,0
2026-09-03,7,10060,1,4,6067_1,2,10,10,0,0
2026-09-03,7,10060,1,5,6172_1,2,23,23,0,0
2026-09-03,7,10060,1,6,6017_1,3,71,29,14,0
2026-09-03,7,10060,1,7,6011_1,3,86,42,3,0
2026-09-03,7,10060,1,8,6187_2,4,333,103,48,0
2026-09-03,7,10060,1,9,6205_1,5,549,156,73,0
2026-09-03,7,10060,1,10,6212_1,5,613,155,95,0
2026-09-03,7,10060,1,11,6013_1,5,570,135,94,0
2026-09-03,7,10060,1,12,94_2,6,242,91,16,0
2026-09-03,7,10060,1,13,95_1,7,271,90,0,0
2026-09-03,7,10060,1,14,6228_1,8,569,127,37,0
2026-09-03,7,10060,1,15,243_1,8,779,149,59,0
2026-09-03,7,10060,1,16,6041_1,9,1262,193,103,0
2026-09-03,7,10060,1,17,6162_1,8,872,163,73,0
2026-09-03,7,10060,1,18,6160_1,8,864,162,72,0
2026-09-03,7,10060,1,19,6001_1,8,720,144,54,0
2026-09-03,7,10060,1,20,6161_1,8,672,138,48,0
2026-09-03,7,10060,1,21,446_3,8,267,87,0,0
2026-09-03,7,10060,1,22,6166_1,8,275,88,1,0
2026-09-03,7,10060,1,23,6143_1,8,230,67,0,0
2026-09-03,7,10060,1,24,6241_1,7,206,67,0,0
2026-09-03,7,10060,1,25,9_2,7,142,57,0,0
2026-09-03,7,10060,1,26,8_3,5,199,54,31,0
2026-09-03,7,10060,1,27,6_1,5,269,68,45,0
2026-09-03,7,10060,1,28,902_1,5,289,72,49,0
2026-09-03,7,10060,1,29,5_1,5,189,52,29,0
2026-09-03,7,10060,1,30,4_1,5,459,106,83,0
2026-09-03,7,10060,1,31,6059_1,3,459,162,146,0
2026-09-03,7,10060,1,32,3_1,4,300,83,70,0
2026-09-03,7,10060,1,33,73_1,4,79,30,8,0
2026-09-03,7,10060,1,34,128_1,4,209,98,8,0
2026-09-03,7,10060,1,35,114_5,1,0,0,0,0
2026-09-03,7,10062,0,14,6019_1,1,51,51,51,0
2026-09-03,7,10062,1,1,6019_1,1,0,0,0,0
2026-09-03,7,10062,1,2,6020_1,1,49,49,49,0
2026-09-03,7,10062,1,3,6106_1,1,69,69,69,0
2026-09-03,7,10062,1,4,6134_1,1,61,61,61,0
2026-09-03,7,10062,1,5,6196_1,1,82,82,82,0
2026-09-03,7,10062,1,6,6263_1,2,158,90,68,0
2026-09-03,7,10062,1,7,6169_1,2,67,62,5,0
2026-09-03,7,10062,1,8,6405_1,2,133,94,39,0
2026-09-03,7,10062,1,9,6074_1,3,254,116,61,0
2026-09-03,7,10062,1,10,6229_1,3,272,122,67,0
2026-09-03,7,10062,1,11,6006_1,3,374,156,101,0
2026-09-03,7,10062,1,12,6902_1,3,536,210,155,0
2026-09-03,7,10062,1,13,6170_1,3,557,217,162,0
2026-09-03,7,10066,1,13,6134_1,1,95,95,95,0
2026-09-03,7,10066,1,14,6196_1,1,119,119,119,0
2026-09-03,7,10066,1,15,6263_1,2,268,141,127,0
2026-09-03,7,10066,1,16,6169_1,2,212,113,99,0
2026-09-03,7,10066,1,17,6405_1,2,276,145,131,0
2026-09-03,7,10066,1,18,6074_1,3,409,167,89,0
2026-09-03,7,10066,1,19,6229_1,4,555,173,95,0
2026-09-03,7,10066,1,20,6006_1,4,691,207,129,0
2026-09-03,7,10066,1,21,6902_1,4,907,261,183,0
2026-09-03,7,10066,1,22,6170_1,4,945,268,190,0
2026-09-03,7,10066,1,23,7841_2,4,1056,303,214,1
2026-09-03,7,10066,1,24,91_2,4,1056,303,214,1
2026-09-03,7,10068,0,1,214_3,1,0,0,0,0
2026-09-03,7,10068,0,2,215_2,1,0,0,0,0
2026-09-03,7,10068,0,3,216_2,1,25,25,25,0
2026-09-03,7,10068,0,4,752_2,1,7,7,7,0
2026-09-03,7,10068,0,5,7217_2,1,0,0,0,0
2026-09-03,7,10068,0,6,422_1,1,30,30,30,0
2026-09-03,7,10068,0,7,421_1,1,81,81,81,0
2026-09-03,7,10068,0,8,6163_1,1,78,78,78,0
2026-09-03,7,10068,0,9,419_1,1,76,76,76,0
2026-09-03,7,10068,0,10,418_1,1,149,149,149,0
2026-09-03,7,10068,0,11,440_1,1,138,138,138,0
2026-09-03,7,10068,0,12,6236_1,1,217,217,217,0
2026-09-03,7,10068,0,13,6109_1,1,103,103,103,0
2026-09-03,7,10068,0,14,152_3,1,176,176,176,0
2026-09-03,7,10068,0,15,251_2,2,299,176,123,0
2026-09-03,7,10068,0,16,250_2,2,299,176,123,0
2026-09-03,7,10068,0,17,249_2,3,421,176,122,0
2026-09-03,7,10068,0,18,606_2,4,524,176,103,0
2026-09-03,7,10068,0,19,607_2,4,524,176,103,0
2026-09-03,7,10068,0,20,608_2,4,524,176,103,0
2026-09-03,7,10068,0,21,609_2,4,524,176,103,0
2026-09-03,7,10068,0,22,610_2,4,524,176,103,0
2026-09-03,7,10068,0,23,765_2,4,564,186,113,0
2026-09-03,7,10068,0,24,7717_2,4,564,186,113,0
2026-09-03,7,10068,0,25,6023_1,4,564,186,113,0
2026-09-03,7,10068,0,26,210_2,4,564,186,113,0
2026-09-03,7,10068,0,27,211_2,4,564,186,113,0
2026-09-03,7,10068,0,28,212_2,4,564,186,113,0
2026-09-03,7,10068,0,29,615_2,4,604,196,123,0
2026-09-03,7,10068,0,30,7213_2,4,844,256,183,0
2026-09-03,7,10068,0,31,214_2,4,844,256,183,0
2026-09-03,7,10068,0,32,215_2,4,844,256,183,0
2026-09-03,7,10068,0,33,216_2,4,944,281,208,0
2026-09-03,7,10068,0,34,752_2,3,609,210,190,0
2026-09-03,7,10068,1,2,6236_2,1,48,48,48,0
2026-09-03,7,10068,1,3,440_2,1,46,46,46,0
2026-09-03,7,10068,1,4,418_2,2,261,150,111,0
2026-09-03,7,10068,1,5,419_2,3,535,228,134,0
2026-09-03,7,10068,1,6,6163_2,3,652,267,173,0
2026-09-03,7,10068,1,7,421_2,3,670,273,179,0
2026-09-03,7,10068,1,8,422_2,3,469,206,112,0
2026-09-03,7,10068,1,9,7217_1,3,427,192,98,0
2026-09-03,7,10068,1,10,752_1,3,445,198,104,0
2026-09-03,7,10068,1,11,216_1,3,469,206,112,0
2026-09-03,7,10068,1,12,215_1,3,430,193,99,0
2026-09-03,7,10068,1,13,214_1,3,445,200,100,0
2026-09-03,7,10068,1,14,7213_1,4,661,210,90,0
2026-09-03,7,10068,1,15,615_1,5,1146,283,142,0
2026-09-03,7,10068,1,16,212_1,6,1287,287,110,0
2026-09-03,7,10068,1,17,211_1,7,1672,307,119,1
2026-09-03,7,10068,1,18,210_1,8,1384,279,38,0
2026-09-03,7,10068,1,19,6023_3,7,1879,394,139,3
2026-09-03,7,10068,1,20,7717_1,5,1491,408,153,3
2026-09-03,7,10068,1,21,765_1,4,1478,443,304,4
2026-09-03,7,10068,1,22,610_1,4,1142,359,220,1
2026-09-03,7,10068,1,23,609_1,4,1122,354,215,1
2026-09-03,7,10068,1,24,608_1,4,1302,399,260,3
2026-09-03,7,10068,1,25,607_1,4,1190,371,232,1
2026-09-03,7,10068,1,26,606_1,4,1330,406,267,3
2026-09-03,7,10068,1,27,249_1,4,902,299,160,0
2026-09-03,7,10068,1,28,250_1,4,838,283,144,0
2026-09-03,7,10068,1,29,251_1,4,658,238,99,0
2026-09-03,7,10068,1,30,152_2,4,758,263,124,0
2026-09-03,7,10068,1,31,151_1,4,918,303,164,1
2026-09-03,7,10068,1,32,150_1,4,858,288,149,0
2026-09-03,7,10068,1,33,252_1,4,1022,329,190,1
2026-09-03,7,10068,1,34,186_1,3,423,162,100,0
2026-09-03,7,10068,1,36,53_1,1,35,35,35,0
2026-09-03,7,10068,1,37,254_1,2,54,43,11,0
2026-09-03,7,10068,1,38,4_4,2,31,31,0,0
2026-09-03,7,10068,1,39,6059_1,1,0,0,0,0
2026-09-03,7,10068,1,40,3_1,1,0,0,0,0
2026-09-03,7,10068,1,41,73_1,1,0,0,0,0
2026-09-03,7,10068,1,42,128_1,2,76,76,0,0
2026-09-03,7,10068,1,43,114_5,3,27,17,0,0
2026-09-03,7,10069,1,31,114_5,1,110,110,110,0
2026-09-03,7,10072,0,1,61_2,1,0,0,0,0
2026-09-03,7,10072,0,2,59_4,2,13,13,0,0
2026-09-03,7,10072,0,3,57_2,2,13,13,0,0
2026-09-03,7,10072,0,4,56_2,2,13,13,0,0
2026-09-03,7,10072,0,5,55_4,2,13,13,0,0
2026-09-03,7,10072,0,6,69_2,2,13,13,0,0
2026-09-03,7,10072,0,7,68_2,2,13,13,0,0
2026-09-03,7,10072,0,8,67_2,1,0,0,0,0
2026-09-03,7,10072,0,9,65_2,1,0,0,0,0
2026-09-03,7,10072,0,10,204_2,1,0,0,0,0
2026-09-03,7,10075,1,7,214_1,1,1,1,1,0
2026-09-03,7,10075,1,8,7213_1,1,0,0,0,0
2026-09-03,7,10075,1,9,615_1,2,153,101,52,0
2026-09-03,7,10075,1,10,212_1,3,152,69,20,0
2026-09-03,7,10075,1,11,211_1,4,300,121,29,0
2026-09-03,7,10075,1,12,210_1,2,40,40,0,0
2026-09-03,7,10075,1,13,209_1,2,180,110,70,0
2026-09-03,7,10075,1,14,863_1,2,62,51,11,0
2026-09-03,7,10075,1,15,206_1,2,28,28,0,0
2026-09-03,7,10075,1,16,205_1,2,9,9,0,0
2026-09-03,7,10075,1,17,255_1,2,45,27,18,0
2026-09-03,7,10075,1,18,204_1,4,229,73,41,0
2026-09-03,7,10075,1,19,65_1,4,133,65,1,0
2026-09-03,7,10075,1,20,67_1,5,376,183,10,0
2026-09-03,7,10075,1,21,68_1,6,969,288,71,0
2026-09-03,7,10075,1,22,69_1,6,413,187,0,0
2026-09-03,7,10075,1,23,55_1,3,263,193,6,0
2026-09-03,7,10075,1,24,56_1,3,290,202,15,0
2026-09-03,7,10075,1,25,57_1,3,314,210,23,0
2026-09-03,7,10075,1,26,59_1,3,187,158,0,0
2026-09-03,7,10075,1,27,61_2,2,81,81,0,0
2026-09-03,7,10080,1,1,6079_1,2,34,34,0,0
2026-09-03,7,10080,1,2,6035_1,3,225,123,34,0
2026-09-03,7,10080,1,3,6180_1,2,53,53,0,0
2026-09-03,7,10080,1,4,6112_1,2,43,43,0,0
2026-09-03,7,10080,1,5,6168_1,2,26,26,0,0
2026-09-03,7,10080,1,6,426_1,2,64,45,19,0
2026-09-03,7,10080,1,7,425_3,2,180,103,77,0
2026-09-03,7,10080,1,8,424_1,2,262,144,118,0
2026-09-03,7,10080,1,9,423_1,2,90,58,32,0
2026-09-03,7,10080,1,10,422_1,2,166,96,70,0
2026-09-03,7,10080,1,11,421_3,2,17,17,0,0
2026-09-03,8,10047,0,10,114_4,2,610,310,300,2
2026-09-03,8,10047,0,11,393_2,2,622,316,306,2
2026-09-03,8,10047,0,12,6070_3,2,672,341,331,2
2026-09-03,8,10047,0,13,6102_2,2,618,314,304,2
2026-09-03,8,10047,0,14,6069_2,2,590,300,290,1
2026-09-03,8,10047,0,15,6057_2,2,544,277,267,0
2026-09-03,8,10047,0,16,9_5,2,460,235,225,0
2026-09-03,8,10047,0,17,6241_2,2,618,314,304,2
2026-09-03,8,10047,0,18,6143_2,2,580,295,285,0
2026-09-03,8,10047,0,19,6166_2,2,616,313,303,2
2026-09-03,8,10047,0,20,446_4,2,514,262,252,0
2026-09-03,8,10047,0,21,6161_2,2,576,293,283,0
2026-09-03,8,10047,0,22,6001_2,2,648,329,319,2
2026-09-03,8,10047,0,23,6160_2,2,578,294,284,0
2026-09-03,8,10047,0,24,6162_2,2,560,285,275,0
2026-09-03,8,10047,0,25,6041_2,2,634,322,312,2
2026-09-03,8,10047,0,26,243_2,2,610,310,300,2
2026-09-03,8,10047,0,27,6228_2,3,991,339,321,3
2026-09-03,8,10047,0,28,95_2,3,833,287,264,0
2026-09-03,8,10047,0,29,94_3,3,937,323,298,2
2026-09-03,8,10047,0,30,6242_1,3,937,323,298,2
2026-09-03,8,10047,0,31,6064_1,3,874,305,280,1
2026-09-03,8,10047,0,32,6255_2,3,951,338,302,3
2026-09-03,8,10047,0,33,6256_2,3,1019,354,328,3
2026-09-03,8,10047,0,34,6094_2,3,909,320,290,1
2026-09-03,8,10047,0,35,6244_2,4,1075,295,247,0
2026-09-03,8,10047,0,36,6257_2,4,980,275,222,0
2026-09-03,8,10047,0,37,6240_2,4,1051,295,239,0
2026-09-03,8,10047,0,38,6258_2,4,1123,313,257,1
2026-09-03,8,10047,0,39,6225_2,4,1015,286,230,0
2026-09-03,8,10047,0,40,6181_2,4,907,259,203,0
2026-09-03,8,10047,0,41,6246_2,4,903,258,202,0
2026-09-03,8,10047,0,42,6206_2,4,823,238,182,0
2026-09-03,8,10047,0,43,6176_2,4,947,269,213,0
2026-09-03,8,10047,0,44,6200_3,4,999,282,226,0
2026-09-03,8,10047,0,45,6042_2,4,851,245,189,0
2026-09-03,8,10047,0,46,6031_2,4,675,201,145,0
2026-09-03,8,10047,0,47,6039_1,4,363,123,67,0
2026-09-03,8,10047,1,35,6102_1,3,669,259,187,0
2026-09-03,8,10047,1,36,6070_2,4,797,265,122,0
2026-09-03,8,10047,1,37,393_1,4,757,255,112,0
2026-09-03,8,10047,1,38,114_1,4,573,209,66,0
2026-09-03,8,10047,1,39,114_3,4,745,252,109,0
2026-09-03,8,10047,1,40,3_1,4,609,218,75,0
2026-09-03,8,10047,1,41,73_1,4,388,165,13,0
2026-09-03,8,10047,1,42,72_2,4,700,243,91,0
2026-09-03,8,10047,1,43,55_1,4,604,219,67,0
2026-09-03,8,10047,1,44,56_1,4,640,228,76,0
2026-09-03,8,10047,1,45,57_1,4,672,236,84,0
2026-09-03,8,10047,1,46,59_1,4,464,184,32,0
2026-09-03,8,10047,1,47,61_1,2,32,32,0,0
2026-09-03,8,10049,0,16,6246_2,1,14,14,14,0
2026-09-03,8,10049,0,17,6206_2,1,0,0,0,0
2026-09-03,8,10049,0,18,6176_2,1,31,31,31,0
2026-09-03,8,10049,0,19,6200_3,1,44,44,44,0
2026-09-03,8,10049,0,20,6042_2,1,7,7,7,0
2026-09-03,8,10049,0,21,6031_2,1,0,0,0,0
2026-09-03,8,10049,0,22,6039_1,1,0,0,0,0
2026-09-03,8,10053,0,32,6188_1,3,654,248,186,0
2026-09-03,8,10053,0,33,6073_2,4,1014,308,180,1
2026-09-03,8,10053,0,34,6152_1,4,1014,308,180,1
2026-09-03,8,10053,0,35,6300_2,4,1014,308,180,1
2026-09-03,8,10053,0,36,6289_9,4,1014,308,180,1
2026-09-03,8,10053,0,37,6301_9,4,1014,308,180,1
2026-09-03,8,10053,0,38,6355_9,4,1014,308,180,1
2026-09-03,8,10053,0,39,6353_1,4,1014,308,180,1
2026-09-03,8,10053,0,40,6332_1,4,1014,308,180,1
2026-09-03,8,10053,0,41,6367_9,4,1014,308,180,1
2026-09-03,8,10053,0,42,6347_9,4,1014,308,180,1
2026-09-03,8,10053,0,43,6294_1,4,1014,308,180,1
2026-09-03,8,10053,0,44,6357_1,4,1014,308,180,1
2026-09-03,8,10053,0,45,6360_1,4,1014,308,180,1
2026-09-03,8,10053,0,46,6345_1,4,1014,308,180,1
2026-09-03,8,10053,0,47,6358_9,4,1054,318,190,1
2026-09-03,8,10053,0,48,6346_9,4,1054,318,190,1
2026-09-03,8,10053,0,49,6375_1,4,1094,328,200,2
2026-09-03,8,10053,0,50,6356_9,4,1094,328,200,2
2026-09-03,8,10053,0,51,6368_9,4,1094,328,200,2
2026-09-03,8,10053,0,52,6366_9,4,1094,328,200,2
2026-09-03,8,10053,0,53,6329_1,4,1094,328,200,2
2026-09-03,8,10053,0,54,6275_1,4,1094,328,200,2
2026-09-03,8,10053,0,55,6277_1,4,1094,328,200,2
2026-09-03,8,10053,0,56,6348_9,4,1094,328,200,2
2026-09-03,8,10053,0,57,6370_9,4,1094,328,200,2
2026-09-03,8,10053,0,58,6371_1,4,1094,328,200,2
2026-09-03,8,10053,0,59,6282_1,4,1094,328,200,2
2026-09-03,8,10053,0,60,6344_9,4,1094,328,200,2
2026-09-03,8,10053,0,61,6369_1,4,1094,328,200,2
2026-09-03,8,10053,0,62,6297_1,4,1094,328,200,2
2026-09-03,8,10053,0,63,6327_9,2,466,266,200,0
2026-09-03,8,10060,0,21,6228_2,2,507,255,252,0
2026-09-03,8,10060,0,22,95_2,2,393,198,195,0
2026-09-03,8,10060,0,23,94_3,4,735,232,127,0
2026-09-03,8,10060,0,24,6013_2,4,691,218,125,0
2026-09-03,8,10060,0,25,6212_2,4,749,238,134,0
2026-09-03,8,10060,0,26,6205_2,4,737,231,135,0
2026-09-03,8,10060,0,27,6187_3,4,667,210,122,0
2026-09-03,8,10060,0,28,6011_4,4,746,226,138,0
2026-09-03,8,10060,0,29,6017_2,4,694,213,125,0
2026-09-03,8,10060,0,30,6172_2,4,618,194,106,0
2026-09-03,8,10060,0,31,6067_2,4,782,235,147,0
2026-09-03,8,10060,0,32,6248_2,4,746,226,138,0
2026-09-03,8,10060,0,33,6249_2,4,686,211,123,0
2026-09-03,8,10060,0,34,6015_2,4,222,95,7,0
2026-09-03,8,10060,1,17,6162_1,1,120,120,120,0
2026-09-03,8,10060,1,18,6160_1,1,119,119,119,0
2026-09-03,8,10060,1,19,6001_1,1,101,101,101,0
2026-09-03,8,10060,1,20,6161_1,1,95,95,95,0
2026-09-03,8,10060,1,21,446_3,1,44,44,44,0
2026-09-03,8,10060,1,22,6166_1,1,45,45,45,0
2026-09-03,8,10060,1,23,6143_1,1,43,43,43,0
2026-09-03,8,10060,1,24,6241_1,1,38,38,38,0
2026-09-03,8,10060,1,25,9_2,2,104,62,42,0
2026-09-03,8,10060,1,26,8_3,5,373,93,37,0
2026-09-03,8,10060,1,27,6_1,5,443,107,51,0
2026-09-03,8,10060,1,28,902_1,5,463,111,55,0
2026-09-03,8,10060,1,29,5_1,5,363,91,35,0
2026-09-03,8,10060,1,30,4_1,5,633,145,89,0
2026-09-03,8,10060,1,31,6059_1,7,1263,208,146,0
2026-09-03,8,10060,1,32,3_1,8,786,132,67,0
2026-09-03,8,10060,1,33,73_1,9,361,71,8,0
2026-09-03,8,10060,1,34,128_1,9,610,146,3,0
2026-09-03,8,10060,1,35,114_5,4,20,20,0,0
2026-09-03,8,10062,1,14,7841_2,3,629,241,186,0
2026-09-03,8,10062,1,15,91_2,3,629,241,186,0
2026-09-03,8,10068,0,34,752_2,1,263,263,263,0
2026-09-03,8,10068,0,35,7217_2,4,836,254,181,0
2026-09-03,8,10068,0,36,422_1,4,956,284,211,0
2026-09-03,8,10068,0,37,421_1,4,1160,335,262,1
2026-09-03,8,10068,0,38,6163_1,4,1148,332,259,1
2026-09-03,8,10068,0,39,419_1,4,1140,330,257,1
2026-09-03,8,10068,0,40,418_1,4,1432,403,330,4
2026-09-03,8,10068,0,41,440_1,4,1388,392,319,4
2026-09-03,8,10068,0,42,6236_1,4,1704,471,398,4
2026-09-03,8,10068,0,43,6109_1,4,1248,357,284,3
2026-09-03,8,10068,1,19,6023_3,1,341,341,341,1
2026-09-03,8,10068,1,20,7717_1,3,841,355,240,1
2026-09-03,8,10068,1,21,765_1,4,1134,390,188,1
2026-09-03,8,10068,1,22,610_1,4,798,306,104,1
2026-09-03,8,10068,1,23,609_1,4,778,301,99,1
2026-09-03,8,10068,1,24,608_1,4,958,346,144,1
2026-09-03,8,10068,1,25,607_1,4,846,318,116,1
2026-09-03,8,10068,1,26,606_1,4,986,353,151,1
2026-09-03,8,10068,1,27,249_1,4,558,246,44,0
2026-09-03,8,10068,1,28,250_1,4,494,230,28,0
2026-09-03,8,10068,1,29,251_1,4,331,185,0,0
2026-09-03,8,10068,1,30,152_2,4,431,210,25,0
2026-09-03,8,10068,1,31,151_1,4,591,250,65,0
2026-09-03,8,10068,1,32,150_1,4,531,235,50,0
2026-09-03,8,10068,1,33,252_1,4,695,276,91,0
2026-09-03,8,10068,1,34,186_1,5,574,239,1,0
2026-09-03,8,10068,1,35,253_1,8,975,236,0,0
2026-09-03,8,10068,1,36,53_1,8,887,218,10,0
2026-09-03,8,10068,1,37,254_1,8,1059,253,18,0
2026-09-03,8,10068,1,38,4_4,7,715,213,6,0
2026-09-03,8,10068,1,39,6059_1,8,594,163,0,0
2026-09-03,8,10068,1,40,3_1,8,470,144,0,0
2026-09-03,8,10068,1,41,73_1,6,202,91,0,0
2026-09-03,8,10068,1,42,128_1,7,397,108,0,0
2026-09-03,8,10068,1,43,114_5,2,0,0,0,0
2026-09-03,8,10072,0,11,255_2,1,0,0,0,0
2026-09-03,8,10072,0,12,205_2,1,0,0,0,0
2026-09-03,8,10072,0,13,206_2,1,0,0,0,0
2026-09-03,8,10072,0,14,863_3,1,60,60,60,0
2026-09-03,8,10072,0,15,209_2,1,60,60,60,0
2026-09-03,8,10072,0,16,210_2,1,60,60,60,0
2026-09-03,8,10072,0,17,211_2,1,60,60,60,0
2026-09-03,8,10072,0,18,212_2,1,60,60,60,0
2026-09-03,8,10072,0,19,615_2,1,70,70,70,0
2026-09-03,8,10072,0,20,7213_2,1,130,130,130,0
2026-09-03,8,10072,0,21,214_2,1,130,130,130,0
2026-09-03,8,10072,0,22,215_2,1,130,130,130,0
2026-09-03,8,10072,0,23,216_2,1,155,155,155,0
2026-09-03,8,10072,0,24,752_2,1,137,137,137,0
2026-09-03,8,10072,0,25,7217_2,1,128,128,128,0
2026-09-03,8,10072,0,26,422_1,1,158,158,158,0
2026-09-03,8,10072,0,27,421_1,1,209,209,209,0
2026-09-03,8,10072,0,28,6163_1,1,206,206,206,0
2026-09-03,8,10072,0,29,419_1,1,204,204,204,0
2026-09-03,8,10072,0,30,418_1,1,277,277,277,0
2026-09-03,8,10072,0,31,440_1,1,266,266,266,0
2026-09-03,8,10072,0,32,6236_1,1,345,345,345,1
2026-09-03,8,10072,0,33,6109_1,1,231,231,231,0
2026-09-03,8,10075,1,23,55_1,3,186,149,6,0
2026-09-03,8,10075,1,24,56_1,3,213,158,15,0
2026-09-03,8,10075,1,25,57_1,3,237,166,23,0
2026-09-03,8,10075,1,26,59_1,2,114,114,0,0
2026-09-03,8,10075,1,27,61_2,2,37,37,0,0
2026-09-03,9,10001,1,23,51_1,1,355,355,355,1
2026-09-03,9,10001,1,24,202_1,2,815,423,392,2
2026-09-03,9,10001,1,25,5_4,3,1072,373,342,3
2026-09-03,9,10001,1,26,6070_3,4,1558,405,369,4
2026-09-03,9,10002,1,17,124_1,1,36,36,36,0
2026-09-03,9,10002,1,18,123_1,2,47,29,18,0
2026-09-03,9,10002,1,19,122_1,3,789,290,244,0
2026-09-03,9,10002,1,20,910_2,4,679,248,16,0
2026-09-03,9,10002,1,21,256_2,4,420,167,0,0
2026-09-03,9,10002,1,22,534_2,4,560,202,35,0
2026-09-03,9,10002,1,23,59_3,4,692,235,68,0
2026-09-03,9,10002,1,24,61_3,4,117,66,0,0
2026-09-03,9,10032,0,8,73_3,1,344,344,344,1
2026-09-03,9,10032,0,9,3_2,2,1105,601,504,2
2026-09-03,9,10032,0,10,114_4,4,1284,406,273,2
2026-09-03,9,10032,0,11,393_2,4,1321,417,277,3
2026-09-03,9,10032,0,12,6070_3,4,1313,415,275,3
2026-09-03,9,10032,0,13,6102_2,4,1169,379,239,1
2026-09-03,9,10032,0,14,6069_2,4,1181,382,242,1
2026-09-03,9,10032,0,15,6057_2,4,1025,343,203,1
2026-09-03,9,10032,0,16,9_5,4,785,283,143,0
2026-09-03,9,10032,0,17,6241_2,4,1061,352,212,1
2026-09-03,9,10032,0,18,6143_2,4,933,320,180,1
2026-09-03,9,10032,0,19,6166_2,4,937,321,181,1
2026-09-03,9,10032,0,20,446_4,4,737,271,131,0
2026-09-03,9,10032,0,21,6161_2,4,977,322,200,1
2026-09-03,9,10032,0,22,6001_2,4,1129,361,237,1
2026-09-03,9,10032,0,23,6160_2,4,1174,373,246,1
2026-09-03,9,10032,0,24,6162_2,3,822,282,261,0
2026-09-03,9,10032,0,25,6041_2,3,896,308,283,2
2026-09-03,9,10032,0,26,243_2,2,574,298,276,0
2026-09-03,9,10032,1,43,393_1,1,49,49,49,0
2026-09-03,9,10032,1,44,114_1,2,120,91,29,0
2026-09-03,9,10032,1,45,114_3,3,266,115,53,0
2026-09-03,9,10032,1,46,3_1,3,656,245,183,0
2026-09-03,9,10032,1,47,73_1,3,404,149,123,0
2026-09-03,9,10032,1,48,72_2,3,899,314,288,1
2026-09-03,9,10032,1,49,55_1,3,746,263,237,0
2026-09-03,9,10032,1,50,56_1,3,863,323,234,2
2026-09-03,9,10032,1,51,57_1,3,931,344,249,2
2026-09-03,9,10033,0,1,91_3,1,0,0,0,0
2026-09-03,9,10033,0,2,7841_4,1,0,0,0,0
2026-09-03,9,10033,0,3,6170_2,1,22,22,22,0
2026-09-03,9,10033,0,4,6211_1,1,22,22,22,0
2026-09-03,9,10033,0,5,6033_1,1,82,82,82,0
2026-09-03,9,10033,0,6,6400_2,1,82,82,82,0
2026-09-03,9,10033,0,7,6401_2,1,82,82,82,0
2026-09-03,9,10033,0,8,6074_2,1,82,82,82,0
2026-09-03,9,10033,0,9,6169_2,1,51,51,51,0
2026-09-03,9,10033,0,10,6260_1,1,50,50,50,0
2026-09-03,9,10033,0,11,7475_1,1,0,0,0,0
2026-09-03,9,10033,1,1,7475_1,2,30,30,0,0
2026-09-03,9,10033,1,2,6260_2,2,78,54,24,0
2026-09-03,9,10033,1,3,6169_1,2,122,76,46,0
2026-09-03,9,10033,1,4,6405_1,2,148,89,59,0
2026-09-03,9,10033,1,5,6074_1,2,160,95,65,0
2026-09-03,9,10033,1,6,6401_1,2,166,98,68,0
2026-09-03,9,10033,1,7,6400_1,2,180,105,75,0
2026-09-03,9,10033,1,8,6033_2,2,236,133,103,0
2026-09-03,9,10033,1,9,6211_2,2,174,102,72,0
2026-09-03,9,10033,1,10,6170_1,2,134,82,52,0
2026-09-03,9,10033,1,11,7841_2,3,210,87,52,0
2026-09-03,9,10034,0,15,6073_2,1,0,0,0,0
2026-09-03,9,10047,0,32,6255_2,1,386,386,386,1
2026-09-03,9,10047,0,33,6256_2,2,779,394,385,2
2026-09-03,9,10047,0,34,6094_2,2,735,372,363,2
2026-09-03,9,10047,0,35,6244_2,2,665,337,328,2
2026-09-03,9,10047,0,36,6257_2,3,935,321,302,3
2026-09-03,9,10047,0,37,6240_2,3,1031,353,334,3
2026-09-03,9,10047,0,38,6258_2,3,1037,355,336,3
2026-09-03,9,10047,0,39,6225_2,4,1293,339,304,4
2026-09-03,9,10047,0,40,6181_2,4,1217,320,285,3
2026-09-03,9,10047,0,41,6246_2,4,1349,353,318,4
2026-09-03,9,10047,0,42,6206_2,4,1321,346,311,4
2026-09-03,9,10047,0,43,6176_2,4,1357,355,320,4
2026-09-03,9,10047,0,44,6200_3,4,1425,372,337,4
2026-09-03,9,10047,0,45,6042_2,4,1309,343,308,4
2026-09-03,9,10047,0,46,6031_2,4,1157,305,270,1
2026-09-03,9,10047,0,47,6039_1,4,857,230,195,0
2026-09-03,9,10047,1,11,6240_1,1,88,88,88,0
2026-09-03,9,10047,1,12,6257_1,1,113,113,113,0
2026-09-03,9,10047,1,13,6244_1,2,193,100,93,0
2026-09-03,9,10047,1,14,6094_1,2,153,80,73,0
2026-09-03,9,10047,1,15,6256_1,2,153,80,73,0
2026-09-03,9,10047,1,16,6255_1,3,81,35,18,0
2026-09-03,9,10047,1,17,6064_2,4,239,71,50,0
2026-09-03,9,10047,1,18,6242_2,4,463,127,106,0
2026-09-03,9,10047,1,19,94_2,4,315,90,69,0
2026-09-03,9,10047,1,20,95_1,4,241,73,49,0
2026-09-03,9,10047,1,21,6228_1,4,445,139,85,0
2026-09-03,9,10047,1,22,243_1,4,511,150,100,0
2026-09-03,9,10047,1,23,6041_1,4,625,179,129,0
2026-09-03,9,10047,1,24,6162_1,4,505,149,99,0
2026-09-03,9,10047,1,25,6160_1,4,613,176,126,0
2026-09-03,9,10047,1,26,6001_1,4,645,184,134,0
2026-09-03,9,10047,1,27,6161_1,4,665,189,139,0
2026-09-03,9,10047,1,28,446_3,4,621,178,128,0
2026-09-03,9,10047,1,29,6166_1,4,681,193,143,0
2026-09-03,9,10047,1,30,6143_1,4,605,174,124,0
2026-09-03,9,10049,0,2,6016_1,1,52,52,52,0
2026-09-03,9,10049,0,3,93_1,1,49,49,49,0
2026-09-03,9,10049,0,4,94_1,2,182,92,90,0
2026-09-03,9,10049,0,5,6242_1,3,467,173,146,0
2026-09-03,9,10049,0,6,6064_1,4,584,169,129,0
2026-09-03,9,10049,0,7,6255_2,4,748,208,168,0
2026-09-03,9,10049,0,8,6256_2,4,780,216,176,0
2026-09-03,9,10049,0,9,6094_2,4,686,191,151,0
2026-09-03,9,10049,0,10,6244_2,4,538,152,112,0
2026-09-03,9,10049,0,11,6257_2,4,479,136,101,0
2026-09-03,9,10049,0,12,6240_2,4,601,168,127,0
2026-09-03,9,10049,0,13,6258_2,4,599,170,119,0
2026-09-03,9,10049,0,14,6225_2,4,535,154,103,0
2026-09-03,9,10049,0,15,6181_2,4,459,135,84,0
2026-09-03,9,10049,0,16,6246_2,4,591,168,117,0
2026-09-03,9,10049,0,17,6206_2,4,563,161,110,0
2026-09-03,9,10049,0,18,6176_2,4,599,170,119,0
2026-09-03,9,10049,0,19,6200_3,4,667,187,136,0
2026-09-03,9,10049,0,20,6042_2,4,551,158,107,0
2026-09-03,9,10049,0,21,6031_2,4,399,120,69,0
2026-09-03,9,10049,0,22,6039_1,4,105,45,0,0
2026-09-03,9,10050,0,6,6205_2,1,95,95,95,0
2026-09-03,9,10050,0,7,6187_3,2,179,91,88,0
2026-09-03,9,10050,0,8,6011_2,2,241,122,119,0
2026-09-03,9,10050,0,9,6018_2,3,426,153,135,0
2026-09-03,9,10050,0,10,6190_2,3,522,185,167,0
2026-09-03,9,10050,0,11,6171_2,4,559,160,126,0
2026-09-03,9,10050,0,12,6014_3,4,119,50,16,0
2026-09-03,9,10050,1,5,6011_3,1,21,21,21,0
2026-09-03,9,10050,1,6,6187_2,1,24,24,24,0
2026-09-03,9,10050,1,7,6205_1,2,62,32,30,0
2026-09-03,9,10050,1,8,6212_1,3,154,60,46,0
2026-09-03,9,10050,1,9,6013_1,3,145,57,43,0
2026-09-03,9,10050,1,10,93_2,4,444,120,106,0
2026-09-03,9,10050,1,11,6016_2,4,464,125,111,0
2026-09-03,9,10050,1,12,91_4,2,9,9,0,0
2026-09-03,9,10053,0,63,6327_9,2,628,328,300,2
2026-09-03,9,10053,0,64,6349_9,4,1094,328,200,2
2026-09-03,9,10053,0,65,6265_9,4,1134,338,210,2
2026-09-03,9,10053,0,66,6316_9,4,1134,338,210,2
2026-09-03,9,10053,0,67,6291_9,4,1134,338,210,2
2026-09-03,9,10053,0,68,6340_1,4,1134,338,210,2
2026-09-03,9,10053,0,69,6309_9,4,1134,338,210,2
2026-09-03,9,10053,0,70,6321_9,4,1134,338,210,2
2026-09-03,9,10053,0,71,6278_9,4,1134,338,210,2
2026-09-03,9,10053,0,72,6350_1,4,1134,338,210,2
2026-09-03,9,10053,1,2,6278_1,1,47,47,47,0
2026-09-03,9,10053,1,3,6321_1,1,47,47,47,0
2026-09-03,9,10053,1,4,6309_1,1,47,47,47,0
2026-09-03,9,10053,1,5,6340_9,1,47,47,47,0
2026-09-03,9,10053,1,6,6291_1,1,47,47,47,0
2026-09-03,9,10053,1,7,6316_1,1,47,47,47,0
2026-09-03,9,10053,1,8,6265_1,1,47,47,47,0
2026-09-03,9,10053,1,9,6349_1,1,47,47,47,0
2026-09-03,9,10053,1,10,6327_1,1,47,47,47,0
2026-09-03,9,10053,1,11,6297_9,1,47,47,47,0
2026-09-03,9,10053,1,12,6369_9,1,47,47,47,0
2026-09-03,9,10054,1,1,6292_1,1,0,0,0,0
2026-09-03,9,10054,1,2,6271_1,2,135,82,53,0
2026-09-03,9,10054,1,3,6402_1,2,101,65,36,0
2026-09-03,9,10054,1,4,6403_1,3,374,149,98,0
2026-09-03,9,10054,1,5,6293_1,2,19,19,0,0
2026-09-03,9,10059,0,2,7841_4,1,0,0,0,0
2026-09-03,9,10059,0,3,6170_2,1,22,22,22,0
2026-09-03,9,10059,0,4,6902_2,2,67,37,30,0
2026-09-03,9,10059,0,5,6006_2,2,117,62,55,0
2026-09-03,9,10059,0,6,6229_2,2,127,67,60,0
2026-09-03,9,10059,0,7,6074_2,3,115,41,34,0
2026-09-03,9,10059,0,8,6169_2,3,79,29,22,0
2026-09-03,9,10059,0,9,6260_1,4,76,28,0,0
2026-09-03,9,10059,0,10,7475_1,1,0,0,0,0
2026-09-03,9,10059,1,7,6006_1,1,35,35,35,0
2026-09-03,9,10059,1,8,6902_1,2,173,95,78,0
2026-09-03,9,10059,1,9,6170_1,2,155,90,65,0
2026-09-03,9,10059,1,10,7841_2,3,272,109,79,0
2026-09-03,9,10059,1,11,91_3,1,0,0,0,0
2026-09-03,9,10060,1,2,6249_1,1,97,97,97,0
2026-09-03,9,10060,1,3,6248_1,1,92,92,92,0
2026-09-03,9,10060,1,4,6067_1,2,127,76,51,0
2026-09-03,9,10060,1,5,6172_1,2,119,72,47,0
2026-09-03,9,10060,1,6,6017_1,2,115,70,45,0
2026-09-03,9,10060,1,7,6011_1,2,125,75,50,0
2026-09-03,9,10060,1,8,6187_2,2,229,127,102,0
2026-09-03,9,10060,1,9,6205_1,2,257,141,116,0
2026-09-03,9,10060,1,10,6212_1,2,285,153,132,0
2026-09-03,9,10060,1,11,6013_1,2,272,143,129,0
2026-09-03,9,10060,1,12,94_2,3,174,71,46,0
2026-09-03,9,10060,1,13,95_1,4,122,51,5,0
2026-09-03,9,10060,1,14,6228_1,4,326,95,71,0
2026-09-03,9,10060,1,15,243_1,5,419,120,27,0
2026-09-03,9,10060,1,16,6041_1,5,562,147,56,0
2026-09-03,9,10060,1,17,6162_1,6,462,117,26,0
2026-09-03,9,10060,1,18,6160_1,5,480,132,53,0
2026-09-03,9,10060,1,19,6001_1,4,402,140,61,0
2026-09-03,9,10060,1,20,6161_1,4,422,145,66,0
2026-09-03,9,10060,1,21,446_3,4,378,134,55,0
2026-09-03,9,10060,1,22,6166_1,4,438,149,70,0
2026-09-03,9,10060,1,23,6143_1,4,362,130,51,0
2026-09-03,9,10060,1,24,6241_1,5,487,129,50,0
2026-09-03,9,10060,1,25,9_2,6,285,79,0,0
2026-09-03,9,10060,1,26,8_3,7,642,130,0,0
2026-09-03,9,10060,1,27,6_1,8,794,148,21,0
2026-09-03,9,10060,1,28,902_1,6,672,172,45,0
2026-09-03,9,10060,1,29,5_1,4,398,138,13,0
2026-09-03,9,10060,1,30,4_1,4,538,173,48,0
2026-09-03,9,10060,1,31,6059_1,4,890,261,136,0
2026-09-03,9,10060,1,32,3_1,5,1176,286,136,0
2026-09-03,9,10060,1,33,73_1,5,804,226,40,0
2026-09-03,9,10060,1,34,128_1,5,904,246,60,0
2026-09-03,9,10060,1,35,114_5,2,241,142,99,0
2026-09-03,9,10061,0,3,128_1,1,215,215,215,0
2026-09-03,9,10061,0,4,114_5,1,111,111,111,0
2026-09-03,9,10061,0,5,3_3,1,201,201,201,0
2026-09-03,9,10061,0,6,4_5,2,526,303,223,1
2026-09-03,9,10061,0,7,5_3,3,980,355,287,2
2026-09-03,9,10061,0,8,902_2,5,1450,310,242,2
2026-09-03,9,10061,0,9,6_2,6,2054,414,280,5
2026-09-03,9,10061,0,10,8_1,5,1864,443,309,5
2026-09-03,9,10061,0,11,9_5,4,1163,345,262,1
2026-09-03,9,10061,0,12,6241_2,4,1439,414,331,4
2026-09-03,9,10061,0,13,6143_2,4,1311,382,299,3
2026-09-03,9,10061,0,14,6166_2,4,1315,383,300,4
2026-09-03,9,10061,0,15,446_4,4,1115,333,250,1
2026-09-03,9,10061,0,16,6161_2,5,1683,402,301,5
2026-09-03,9,10061,0,17,6001_2,5,1874,439,340,5
2026-09-03,9,10061,0,18,6160_2,6,2332,448,352,6
2026-09-03,9,10061,0,19,6162_2,6,2362,463,355,6
2026-09-03,9,10061,0,20,6041_2,6,2514,485,381,6
2026-09-03,9,10061,0,21,243_2,7,2901,478,374,7
2026-09-03,9,10061,0,22,6228_2,6,2399,425,370,6
2026-09-03,9,10061,0,23,95_2,3,1097,377,349,3
2026-09-03,9,10061,0,24,94_3,3,1196,410,382,3
2026-09-03,9,10061,0,25,6013_2,3,1097,377,349,3
2026-09-03,9,10061,0,26,6212_2,3,1142,392,364,3
2026-09-03,9,10061,0,27,6205_2,5,2112,552,377,5
2026-09-03,9,10061,0,28,6187_3,5,2150,545,372,5
2026-09-03,9,10061,0,29,6011_4,6,2903,593,410,6
2026-09-03,9,10061,0,30,6017_2,7,3478,590,407,7
2026-09-03,9,10061,0,31,6172_2,7,3424,581,398,7
2026-09-03,9,10061,0,32,6067_2,8,4444,656,450,8
2026-09-03,9,10061,0,33,6248_2,8,4244,631,425,8
2026-09-03,9,10061,0,34,6249_2,8,4100,613,407,8
2026-09-03,9,10061,0,35,6015_2,8,3228,504,298,7
2026-09-03,9,10064,0,2,7841_4,1,0,0,0,0
2026-09-03,9,10064,0,3,6170_2,1,22,22,22,0
2026-09-03,9,10064,0,4,6902_2,1,27,27,27,0
2026-09-03,9,10064,0,5,6006_2,1,55,55,55,0
2026-09-03,9,10064,0,6,6229_2,1,54,54,54,0
2026-09-03,9,10064,0,7,6074_2,1,28,28,28,0
2026-09-03,9,10064,0,8,6169_2,1,0,0,0,0
2026-09-03,9,10064,0,9,6263_2,1,9,9,9,0
2026-09-03,9,10064,0,10,6196_2,1,0,0,0,0
2026-09-03,9,10064,0,11,6134_2,1,40,40,40,0
2026-09-03,9,10064,0,12,6106_2,1,72,72,72,0
2026-09-03,9,10064,0,13,6020_9,1,93,93,93,0
2026-09-03,9,10064,1,2,6289_1,1,51,51,51,0
2026-09-03,9,10064,1,3,6300_1,3,279,172,51,0
2026-09-03,9,10064,1,4,6152_9,3,279,172,51,0
2026-09-03,9,10064,1,5,6073_1,3,279,172,51,0
2026-09-03,9,10064,1,6,6188_9,3,279,172,51,0
2026-09-03,9,10064,1,7,6043_1,3,279,172,51,0
2026-09-03,9,10064,1,8,6019_1,2,52,52,0,0
2026-09-03,9,10064,1,9,6020_1,3,251,127,49,0
2026-09-03,9,10064,1,10,6106_1,3,398,176,98,0
2026-09-03,9,10064,1,11,6134_1,3,368,166,88,0
2026-09-03,9,10064,1,12,6196_1,3,329,153,75,0
2026-09-03,9,10064,1,12,6006_1,1,124,124,124,0
2026-09-03,9,10064,1,13,6263_1,3,302,144,66,0
2026-09-03,9,10064,1,13,6902_1,1,184,184,184,0
2026-09-03,9,10064,1,14,6169_1,3,170,100,22,0
2026-09-03,9,10064,1,14,6170_1,1,179,179,179,0
2026-09-03,9,10064,1,15,6405_1,3,209,113,35,0
2026-09-03,9,10064,1,15,7841_2,2,355,198,157,0
2026-09-03,9,10064,1,16,6074_1,3,227,119,41,0
2026-09-03,9,10064,1,16,91_2,3,165,89,28,0
2026-09-03,9,10064,1,17,6229_1,1,36,36,36,0
2026-09-03,9,10068,0,4,114_5,1,0,0,0,0
2026-09-03,9,10068,0,5,3_3,2,185,95,90,0
2026-09-03,9,10068,0,6,4_3,2,183,94,89,0
2026-09-03,9,10068,0,7,254_2,2,55,30,25,0
2026-09-03,9,10068,0,8,53_3,1,0,0,0,0
2026-09-03,9,10068,0,9,253_2,1,0,0,0,0
2026-09-03,9,10068,0,10,186_2,1,0,0,0,0
2026-09-03,9,10068,0,11,252_2,1,104,104,104,0
2026-09-03,9,10068,0,12,150_2,1,43,43,43,0
2026-09-03,9,10068,0,13,151_2,1,166,166,166,0
2026-09-03,9,10068,0,14,152_3,1,68,68,68,0
2026-09-03,9,10068,0,15,251_2,3,586,480,52,1
2026-09-03,9,10068,0,16,250_2,1,463,463,463,1
2026-09-03,9,10068,0,17,249_2,2,826,416,410,2
2026-09-03,9,10068,0,18,606_2,2,862,434,428,2
2026-09-03,9,10068,0,19,607_2,3,1205,428,355,3
2026-09-03,9,10068,0,20,608_2,3,1199,426,353,3
2026-09-03,9,10068,0,21,609_2,4,1444,398,325,4
2026-09-03,9,10068,0,22,610_2,4,1536,421,348,4
2026-09-03,9,10068,0,23,765_2,4,1660,452,379,4
2026-09-03,9,10068,0,24,7717_2,4,1664,453,380,4
2026-09-03,9,10068,0,25,6023_1,4,1868,504,431,4
2026-09-03,9,10068,0,26,210_2,4,1800,487,414,4
2026-09-03,9,10068,0,27,211_2,4,1772,480,407,4
2026-09-03,9,10068,0,28,212_2,4,1892,510,437,4
2026-09-03,9,10068,0,29,615_2,4,2064,553,480,4
2026-09-03,9,10068,0,30,7213_2,4,1840,497,424,4
2026-09-03,9,10068,0,31,214_2,4,1336,371,298,3
2026-09-03,9,10068,0,32,215_2,4,1308,364,291,2
2026-09-03,9,10068,0,33,216_2,4,1488,409,336,4
2026-09-03,9,10068,0,34,752_2,2,644,324,320,2
2026-09-03,9,10068,0,37,421_1,1,844,844,844,1
2026-09-03,9,10068,0,38,6163_1,1,857,857,857,1
2026-09-03,9,10068,0,39,419_1,2,1719,863,856,2
2026-09-03,9,10068,0,40,418_1,3,2748,920,913,3
2026-09-03,9,10068,0,41,440_1,3,2802,938,931,3
2026-09-03,9,10068,0,42,6236_1,3,3033,1015,1008,3
2026-09-03,9,10068,0,43,6109_1,3,2655,889,882,3
2026-09-03,9,10068,1,7,421_2,1,165,165,165,0
2026-09-03,9,10068,1,8,422_2,3,285,101,85,0
2026-09-03,9,10068,1,9,7217_1,3,210,76,60,0
2026-09-03,9,10068,1,10,752_1,4,379,148,67,0
2026-09-03,9,10068,1,11,216_1,4,371,146,65,0
2026-09-03,9,10068,1,12,215_1,4,367,145,64,0
2026-09-03,9,10068,1,13,214_1,4,331,136,55,0
2026-09-03,9,10068,1,14,7213_1,4,351,141,60,0
2026-09-03,9,10068,1,15,615_1,4,583,199,118,0
2026-09-03,9,10068,1,16,212_1,4,427,160,79,0
2026-09-03,9,10068,1,17,211_1,4,721,259,127,0
2026-09-03,9,10068,1,18,210_1,4,545,215,83,0
2026-09-03,9,10068,1,19,6023_3,4,1225,385,253,2
2026-09-03,9,10068,1,20,7717_1,3,859,326,260,1
2026-09-03,9,10068,1,29,251_1,1,38,38,38,0
2026-09-03,9,10068,1,30,152_2,2,168,110,58,0
2026-09-03,9,10068,1,31,151_1,3,412,158,101,0
2026-09-03,9,10068,1,32,150_1,4,631,183,113,0
2026-09-03,9,10068,1,33,252_1,4,883,246,176,0
2026-09-03,9,10068,1,34,186_1,4,651,188,118,0
2026-09-03,9,10068,1,35,253_1,4,719,205,135,0
2026-09-03,9,10068,1,36,53_1,4,859,240,170,0
2026-09-03,9,10068,1,37,254_1,4,995,274,204,0
2026-09-03,9,10068,1,38,4_4,4,859,240,170,0
2026-09-03,9,10068,1,39,6059_1,4,727,207,137,0
2026-09-03,9,10068,1,40,3_1,4,967,267,197,0
2026-09-03,9,10072,0,2,59_4,1,576,576,576,1
2026-09-03,9,10072,0,3,57_2,2,1243,641,602,2
2026-09-03,9,10072,0,4,56_2,2,1525,782,743,2
2026-09-03,9,10072,0,5,55_4,3,2729,967,834,3
2026-09-03,9,10072,0,6,69_2,3,2516,896,763,3
2026-09-03,9,10072,0,7,68_2,3,2798,990,857,3
2026-09-03,9,10072,0,8,67_2,3,2780,984,851,3
2026-09-03,9,10072,0,9,65_2,2,2006,1050,956,2
2026-09-03,9,10072,0,13,206_2,1,1213,1213,1213,1
2026-09-03,9,10072,0,14,863_3,2,2420,1213,1207,2
2026-09-03,9,10072,0,15,209_2,3,3549,1238,1079,3
2026-09-03,9,10072,0,16,210_2,3,3510,1225,1066,3
2026-09-03,9,10072,0,17,211_2,3,3489,1218,1059,3
2026-09-03,9,10072,0,18,212_2,3,3579,1248,1089,3
2026-09-03,9,10072,0,19,615_2,3,3708,1291,1132,3
2026-09-03,9,10072,0,20,7213_2,3,3540,1235,1076,3
2026-09-03,9,10072,0,21,214_2,3,3162,1109,950,3
2026-09-03,9,10072,0,22,215_2,3,3141,1102,943,3
2026-09-03,9,10072,0,23,216_2,3,3276,1147,988,3
2026-09-03,9,10072,0,24,752_2,3,3228,1131,972,3
2026-09-03,9,10072,0,25,7217_2,3,3156,1107,948,3
2026-09-03,9,10072,0,26,422_1,3,3300,1155,996,3
2026-09-03,9,10072,0,27,421_1,1,1011,1011,1011,1
2026-09-03,9,10072,0,28,6163_1,1,1033,1033,1033,1
2026-09-03,9,10075,1,11,211_1,1,64,64,64,0
2026-09-03,9,10075,1,12,210_1,2,131,111,20,0
2026-09-03,9,10075,1,13,209_1,2,335,213,122,0
2026-09-03,9,10075,1,14,863_1,2,237,164,73,0
2026-09-03,9,10075,1,15,206_1,2,329,210,119,0
2026-09-03,9,10075,1,16,205_1,2,281,186,95,0
2026-09-03,9,10075,1,17,255_1,2,299,195,104,0
2026-09-03,9,10075,1,18,204_1,2,259,175,84,0
2026-09-03,9,10075,1,19,65_1,2,415,253,162,0
2026-09-03,9,10075,1,20,67_1,2,567,329,238,1
2026-09-03,9,10075,1,21,68_1,2,675,383,292,1
2026-09-03,9,10075,1,24,56_1,1,264,264,264,0
2026-09-03,9,10075,1,25,57_1,2,631,352,279,1
2026-09-03,9,10075,1,26,59_1,3,1191,448,335,3
2026-09-03,9,10075,1,27,61_2,3,843,332,219,1
2026-09-03,9,10080,1,8,424_1,1,452,452,452,1
2026-09-03,9,10080,1,9,423_1,1,392,392,392,1
2026-09-03,9,10080,1,10,422_1,2,734,392,342,2
2026-09-03,9,10080,1,11,421_3,3,881,328,275,1
2026-09-03,10,10032,0,24,6162_2,1,376,376,376,1
2026-09-03,10,10032,0,25,6041_2,1,402,402,402,1
2026-09-03,10,10032,0,26,243_2,2,696,395,301,2
2026-09-03,10,10032,0,27,6228_2,4,1254,391,272,1
2026-09-03,10,10032,0,28,95_2,4,1062,343,224,1
2026-09-03,10,10032,0,29,94_3,4,1194,376,257,1
2026-09-03,10,10032,0,30,93_2,4,1178,372,253,1
2026-09-03,10,10032,0,31,6016_2,4,1198,377,258,1
2026-09-03,10,10032,0,32,91_1,4,574,221,102,0
2026-09-03,10,10032,0,33,6016_1,4,752,266,147,0
2026-09-03,10,10032,0,34,93_1,4,710,253,134,0
2026-09-03,10,10032,0,35,94_1,4,920,294,198,0
2026-09-03,10,10032,0,36,6242_1,4,1121,350,231,1
2026-09-03,10,10032,0,37,6064_1,4,1105,346,227,1
2026-09-03,10,10032,0,38,6255_2,4,1269,385,266,3
2026-09-03,10,10032,0,39,6256_2,4,1301,393,274,3
2026-09-03,10,10032,0,40,6094_2,4,1207,371,249,1
2026-09-03,10,10032,0,41,6244_2,4,1059,336,210,1
2026-09-03,10,10032,0,42,6257_2,4,1000,320,199,1
2026-09-03,10,10032,0,43,6240_2,4,1122,352,225,1
2026-09-03,10,10032,0,44,6258_2,4,1120,354,217,1
2026-09-03,10,10032,0,45,6225_2,4,1056,338,201,1
2026-09-03,10,10032,0,46,6181_2,4,980,319,182,1
2026-09-03,10,10032,0,47,6246_2,4,1112,352,215,1
2026-09-03,10,10032,0,48,6206_2,4,1084,345,208,1
2026-09-03,10,10032,0,49,6176_2,4,1120,354,217,1
2026-09-03,10,10032,0,50,6200_3,4,1188,371,234,1
2026-09-03,10,10032,0,51,6042_2,4,1072,342,205,1
2026-09-03,10,10032,0,52,6031_2,4,920,304,167,1
2026-09-03,10,10032,0,53,6039_1,4,620,229,92,0
2026-09-03,10,10032,1,52,59_1,3,1099,400,305,3
2026-09-03,10,10032,1,53,61_1,3,874,325,230,2
2026-09-03,10,10033,1,12,91_3,1,0,0,0,0
2026-09-03,10,10047,1,31,6241_1,4,601,173,123,0
2026-09-03,10,10047,1,32,9_2,4,351,120,51,0
2026-09-03,10,10047,1,33,6057_1,4,211,85,16,0
2026-09-03,10,10047,1,34,6069_1,4,379,127,58,0
2026-09-03,10,10047,1,35,6102_1,4,419,140,67,0
2026-09-03,10,10047,1,36,6070_2,4,259,100,27,0
2026-09-03,10,10047,1,37,393_1,4,371,111,72,0
2026-09-03,10,10047,1,38,114_1,4,285,91,52,0
2026-09-03,10,10047,1,39,114_3,4,381,115,76,0
2026-09-03,10,10047,1,40,3_1,4,901,245,206,0
2026-09-03,10,10047,1,41,73_1,4,589,185,110,0
2026-09-03,10,10047,1,42,72_2,4,1009,290,215,0
2026-09-03,10,10047,1,43,55_1,4,565,179,104,0
2026-09-03,10,10047,1,44,56_1,4,679,176,164,0
2026-09-03,10,10047,1,45,57_1,4,762,212,179,0
2026-09-03,10,10047,1,46,59_1,4,986,268,235,0
2026-09-03,10,10047,1,47,61_1,4,686,193,160,0
2026-09-03,10,10053,1,13,6344_1,1,47,47,47,0
2026-09-03,10,10053,1,14,6282_9,1,47,47,47,0
2026-09-03,10,10053,1,15,6371_9,1,47,47,47,0
2026-09-03,10,10053,1,16,6370_1,1,47,47,47,0
2026-09-03,10,10053,1,17,6348_1,1,47,47,47,0
2026-09-03,10,10053,1,18,6277_9,1,47,47,47,0
2026-09-03,10,10053,1,19,6275_9,1,47,47,47,0
2026-09-03,10,10053,1,20,6329_9,1,47,47,47,0
2026-09-03,10,10053,1,21,6366_1,1,47,47,47,0
2026-09-03,10,10053,1,22,6368_1,1,47,47,47,0
2026-09-03,10,10053,1,23,6356_1,1,47,47,47,0
2026-09-03,10,10053,1,24,6375_9,1,47,47,47,0
2026-09-03,10,10053,1,25,6346_1,1,47,47,47,0
2026-09-03,10,10053,1,26,6358_1,1,47,47,47,0
2026-09-03,10,10053,1,27,6345_9,1,57,57,57,0
2026-09-03,10,10053,1,28,6360_9,1,57,57,57,0
2026-09-03,10,10053,1,29,6357_9,1,57,57,57,0
2026-09-03,10,10053,1,30,6294_9,1,57,57,57,0
2026-09-03,10,10053,1,31,6347_1,1,57,57,57,0
2026-09-03,10,10053,1,32,6367_1,1,57,57,57,0
2026-09-03,10,10053,1,33,6332_9,1,57,57,57,0
2026-09-03,10,10053,1,34,6353_9,1,57,57,57,0
2026-09-03,10,10053,1,35,6355_1,1,57,57,57,0
2026-09-03,10,10053,1,36,6301_1,1,57,57,57,0
2026-09-03,10,10053,1,37,6289_1,1,96,96,96,0
2026-09-03,10,10053,1,38,6300_1,1,29,29,29,0
2026-09-03,10,10053,1,39,6152_9,1,29,29,29,0
2026-09-03,10,10053,1,40,6073_1,1,29,29,29,0
2026-09-03,10,10053,1,41,6188_9,1,29,29,29,0
2026-09-03,10,10053,1,42,6043_1,1,29,29,29,0
2026-09-03,10,10053,1,43,6020_1,1,29,29,29,0
2026-09-03,10,10060,1,18,6160_1,1,144,144,144,0
2026-09-03,10,10060,1,19,6001_1,2,270,152,118,0
2026-09-03,10,10060,1,20,6161_1,2,280,157,123,0
2026-09-03,10,10060,1,21,446_3,2,258,146,112,0
2026-09-03,10,10060,1,22,6166_1,2,288,161,127,0
2026-09-03,10,10060,1,23,6143_1,2,250,142,108,0
2026-09-03,10,10060,1,24,6241_1,2,248,141,107,0
2026-09-03,10,10060,1,25,9_2,2,104,69,35,0
2026-09-03,10,10060,1,26,8_3,2,120,86,34,0
2026-09-03,10,10060,1,27,6_1,2,159,104,55,0
2026-09-03,10,10060,1,28,902_1,4,521,169,79,0
2026-09-03,10,10060,1,29,5_1,6,455,135,11,0
2026-09-03,10,10060,1,30,4_1,6,665,170,46,0
2026-09-03,10,10060,1,31,6059_1,6,833,198,74,0
2026-09-03,10,10060,1,32,3_1,6,833,198,74,0
2026-09-03,10,10060,1,33,73_1,6,351,138,0,0
2026-09-03,10,10060,1,34,128_1,6,471,158,20,0
2026-09-03,10,10060,1,35,114_5,3,0,0,0,0
2026-09-03,10,10061,0,10,8_1,1,364,364,364,1
2026-09-03,10,10061,0,11,9_5,2,477,266,211,0
2026-09-03,10,10061,0,12,6241_2,2,615,335,280,1
2026-09-03,10,10061,0,13,6143_2,2,551,303,248,1
2026-09-03,10,10061,0,14,6166_2,2,553,304,249,1
2026-09-03,10,10061,0,15,446_4,2,453,254,199,0
2026-09-03,10,10061,0,16,6161_2,2,591,323,268,1
2026-09-03,10,10061,0,17,6001_2,2,665,360,305,2
2026-09-03,10,10061,0,18,6160_2,2,686,369,317,2
2026-09-03,10,10061,0,19,6162_2,2,704,384,320,2
2026-09-03,10,10061,0,20,6041_2,2,752,406,346,2
2026-09-03,10,10061,0,21,243_2,2,738,399,339,2
2026-09-03,10,10061,0,22,6228_2,3,1204,474,335,3
2026-09-03,10,10061,0,23,95_2,6,2074,426,287,5
2026-09-03,10,10061,0,24,94_3,6,2152,459,260,5
2026-09-03,10,10061,0,25,6013_2,6,1954,426,227,4
2026-09-03,10,10061,0,26,6212_2,6,2044,441,242,5
2026-09-03,10,10061,0,27,6205_2,6,2124,454,255,5
2026-09-03,10,10061,0,28,6187_3,6,2223,481,282,5
2026-09-03,10,10061,0,29,6011_4,6,2391,504,305,6
2026-09-03,10,10061,0,30,6017_2,6,2411,520,302,6
2026-09-03,10,10061,0,31,6172_2,6,2375,520,293,5
2026-09-03,10,10061,0,32,6067_2,6,2327,512,285,5
2026-09-03,10,10061,0,33,6248_2,6,2177,487,260,5
2026-09-03,10,10061,0,34,6249_2,6,2069,469,242,5
2026-09-03,10,10061,0,35,6015_2,6,1775,420,193,2
2026-09-03,10,10064,0,14,6019_1,1,0,0,0,0
2026-09-03,10,10064,0,15,6073_2,1,0,0,0,0
2026-09-03,10,10064,0,16,6152_1,1,0,0,0,0
2026-09-03,10,10064,0,17,6300_2,1,0,0,0,0
2026-09-03,10,10064,0,18,6289_9,1,0,0,0,0
2026-09-03,10,10064,0,19,6301_9,1,0,0,0,0
2026-09-03,10,10064,1,17,6229_1,2,176,114,62,0
2026-09-03,10,10064,1,18,6006_1,3,229,122,37,0
2026-09-03,10,10064,1,19,6902_1,4,485,166,97,0
2026-09-03,10,10064,1,20,6170_1,4,439,152,92,0
2026-09-03,10,10064,1,21,7841_2,4,482,152,105,0
2026-09-03,10,10064,1,22,91_2,1,0,0,0,0
2026-09-03,10,10068,0,16,250_2,2,67,37,30,0
2026-09-03,10,10068,0,17,249_2,1,0,0,0,0
2026-09-03,10,10068,0,18,606_2,2,18,18,0,0
2026-09-03,10,10068,0,19,607_2,2,12,12,0,0
2026-09-03,10,10068,0,20,608_2,3,22,12,0,0
2026-09-03,10,10068,0,21,609_2,1,0,0,0,0
2026-09-03,10,10068,0,22,610_2,1,23,23,23,0
2026-09-03,10,10068,0,23,765_2,1,54,54,54,0
2026-09-03,10,10068,0,24,7717_2,1,55,55,55,0
2026-09-03,10,10068,0,25,6023_1,1,106,106,106,0
2026-09-03,10,10068,0,26,210_2,1,89,89,89,0
2026-09-03,10,10068,0,27,211_2,1,82,82,82,0
2026-09-03,10,10068,0,28,212_2,1,112,112,112,0
2026-09-03,10,10068,0,29,615_2,1,155,155,155,0
2026-09-03,10,10068,0,30,7213_2,1,99,99,99,0
2026-09-03,10,10068,0,31,214_2,1,0,0,0,0
2026-09-03,10,10068,0,32,215_2,1,0,0,0,0
2026-09-03,10,10068,0,33,216_2,1,45,45,45,0
2026-09-03,10,10068,0,34,752_2,3,809,393,29,2
2026-09-03,10,10068,0,35,7217_2,5,1333,369,5,3
2026-09-03,10,10068,0,36,422_1,5,1573,417,53,4
2026-09-03,10,10068,0,37,421_1,6,1743,441,68,4
2026-09-03,10,10068,0,38,6163_1,5,1758,454,90,4
2026-09-03,10,10068,0,39,419_1,6,1886,460,96,4
2026-09-03,10,10068,0,40,418_1,6,2228,517,153,4
2026-09-03,10,10068,0,41,440_1,6,2336,535,171,4
2026-09-03,10,10068,0,42,6236_1,6,2798,612,248,4
2026-09-03,10,10068,0,43,6109_1,6,2042,486,122,4
2026-09-03,10,10068,1,20,7717_1,1,391,391,391,1
2026-09-03,10,10068,1,21,765_1,4,1502,454,323,4
2026-09-03,10,10068,1,22,610_1,4,1202,379,248,2
2026-09-03,10,10068,1,23,609_1,4,1242,389,258,2
2026-09-03,10,10068,1,24,608_1,4,1462,444,313,4
2026-09-03,10,10068,1,25,607_1,4,1394,427,296,3
2026-09-03,10,10068,1,26,606_1,4,1530,461,330,4
2026-09-03,10,10068,1,27,249_1,4,1042,339,208,1
2026-09-03,10,10068,1,28,250_1,4,1002,329,198,1
2026-09-03,10,10068,1,29,251_1,4,959,325,167,1
2026-09-03,10,10068,1,30,152_2,4,1045,348,187,1
2026-09-03,10,10068,1,31,151_1,4,1227,401,230,2
2026-09-03,10,10068,1,32,150_1,4,1275,413,242,2
2026-09-03,10,10068,1,33,252_1,4,1527,476,305,4
2026-09-03,10,10068,1,34,186_1,4,1295,418,247,2
2026-09-03,10,10068,1,35,253_1,4,1363,435,264,3
2026-09-03,10,10068,1,36,53_1,4,1503,470,299,3
2026-09-03,10,10068,1,37,254_1,4,1639,504,333,4
2026-09-03,10,10068,1,38,4_4,4,1503,470,299,3
2026-09-03,10,10068,1,39,6059_1,4,1371,437,266,3
2026-09-03,10,10068,1,40,3_1,4,1611,497,326,4
2026-09-03,10,10068,1,41,73_1,8,1954,401,137,3
2026-09-03,10,10068,1,42,128_1,8,2114,421,157,3
2026-09-03,10,10068,1,43,114_5,4,79,77,0,0
2026-09-03,10,10072,0,9,65_2,1,1089,1089,1089,1
2026-09-03,10,10072,0,10,204_2,3,3203,1125,992,3
2026-09-03,10,10072,0,11,255_2,3,3272,1148,1015,3
2026-09-03,10,10072,0,12,205_2,3,3176,1116,983,3
2026-09-03,10,10072,0,13,206_2,3,3164,1116,977,3
2026-09-03,10,10072,0,14,863_3,3,3004,1116,817,3
2026-09-03,10,10072,0,15,209_2,3,3079,1141,842,3
2026-09-03,10,10072,0,16,210_2,3,3040,1128,829,3
2026-09-03,10,10072,0,17,211_2,3,3019,1121,822,3
2026-09-03,10,10072,0,18,212_2,3,3109,1151,852,3
2026-09-03,10,10072,0,19,615_2,3,3238,1194,895,3
2026-09-03,10,10072,0,20,7213_2,3,3070,1138,839,3
2026-09-03,10,10072,0,21,214_2,3,2692,1012,713,3
2026-09-03,10,10072,0,22,215_2,3,2671,1005,706,3
2026-09-03,10,10072,0,23,216_2,3,2806,1050,751,3
2026-09-03,10,10072,0,24,752_2,3,2758,1034,735,3
2026-09-03,10,10072,0,25,7217_2,3,2686,1010,711,3
2026-09-03,10,10072,0,26,422_1,3,2830,1058,759,3
2026-09-03,10,10072,0,27,421_1,5,5245,1179,774,5
2026-09-03,10,10072,0,28,6163_1,5,5319,1192,796,5
2026-09-03,10,10072,0,29,419_1,8,8231,1198,802,8
2026-09-03,10,10072,0,30,418_1,8,8687,1255,859,8
2026-09-03,10,10072,0,31,440_1,8,8831,1273,877,8
2026-09-03,10,10072,0,32,6236_1,8,9447,1350,954,8
2026-09-03,10,10072,0,33,6109_1,8,8439,1224,828,8
2026-09-03,10,10075,1,22,69_1,2,487,289,198,0
2026-09-03,10,10075,1,23,55_1,2,653,372,281,1
2026-09-03,10,10075,1,24,56_1,2,710,432,278,1
2026-09-03,10,10075,1,25,57_1,3,1210,470,293,2
2026-09-03,10,10075,1,26,59_1,3,1378,526,349,3
2026-09-03,10,10075,1,27,61_2,3,1030,410,233,2
2026-09-03,11,10053,1,44,6106_1,1,78,78,78,0
2026-09-03,11,10053,1,45,6134_1,1,68,68,68,0
2026-09-03,11,10053,1,46,6196_1,1,55,55,55,0
2026-09-03,11,10053,1,47,6263_1,1,46,46,46,0
2026-09-03,11,10053,1,48,6260_1,1,46,46,46,0
2026-09-03,11,10053,1,49,7475_2,1,46,46,46,0
2026-09-03,11,10053,1,50,474_1,1,46,46,46,0
2026-09-03,11,10053,1,51,473_1,1,46,46,46,0
2026-09-03,11,10053,1,52,472_1,1,46,46,46,0
2026-09-03,11,10053,1,53,7471_1,1,46,46,46,0
2026-09-03,11,10053,1,54,39_1,1,46,46,46,0
2026-09-03,11,10053,1,55,40_1,1,46,46,46,0
2026-09-03,11,10053,1,56,21_1,1,46,46,46,0
2026-09-03,11,10053,1,57,42_1,1,46,46,46,0
2026-09-03,11,10053,1,58,43_1,1,46,46,46,0
2026-09-03,11,10053,1,59,44_1,1,46,46,46,0
2026-09-03,11,10053,1,60,18_1,1,46,46,46,0
2026-09-03,11,10053,1,61,17_1,1,46,46,46,0
2026-09-03,11,10053,1,62,16_1,1,46,46,46,0
2026-09-03,11,10053,1,63,15_1,1,46,46,46,0
2026-09-03,11,10053,1,64,14_1,1,46,46,46,0
2026-09-03,11,10053,1,65,448_1,1,46,46,46,0
2026-09-03,11,10053,1,66,447_1,1,46,46,46,0
2026-09-03,11,10053,1,67,6158_1,1,56,56,56,0
2026-09-03,11,10053,1,68,446_3,1,56,56,56,0
2026-09-03,11,10053,1,69,6166_1,1,71,71,71,0
2026-09-03,11,10053,1,70,6143_1,1,52,52,52,0
2026-09-03,11,10053,1,71,6241_1,1,51,51,51,0
2026-09-03,11,10053,1,72,9_1,1,51,51,51,0
2026-09-03,14,10032,0,1,61_1,1,0,0,0,0
2026-09-03,14,10032,0,2,59_4,1,0,0,0,0
2026-09-03,14,10032,0,3,57_2,1,0,0,0,0
2026-09-03,14,10032,0,4,56_2,1,35,35,35,0
2026-09-03,14,10032,0,5,55_2,1,86,86,86,0
2026-09-03,14,10032,0,6,72_1,1,300,300,300,1
2026-09-03,14,10032,0,7,73_2,1,395,395,395,1
2026-09-03,14,10032,0,8,73_3,1,355,355,355,1
2026-09-03,14,10032,0,9,3_2,2,1003,562,441,2
2026-09-03,14,10032,0,10,114_4,2,717,419,298,1
2026-09-03,14,10032,0,11,393_2,2,687,404,283,1
2026-09-03,14,10032,0,12,6070_3,2,691,406,285,1
2026-09-03,14,10032,0,13,6102_2,2,615,368,247,1
2026-09-03,14,10032,0,14,6069_2,2,653,387,266,1
2026-09-03,14,10032,0,15,6057_2,2,597,359,238,1
2026-09-03,14,10032,0,16,9_5,2,515,318,197,1
2026-09-03,14,10032,0,17,6241_2,2,629,375,254,1
2026-09-03,14,10032,0,18,6143_2,2,567,344,223,1
2026-09-03,14,10032,0,19,6166_2,1,240,240,240,0
2026-09-03,14,10032,0,23,6160_2,1,664,664,664,1
2026-09-03,14,10032,0,24,6162_2,1,670,670,670,1
2026-09-03,14,10032,0,25,6041_2,1,693,693,693,1
2026-09-03,14,10032,0,26,243_2,1,683,683,683,1
2026-09-03,14,10032,0,27,6228_2,2,1282,685,597,2
2026-09-03,14,10032,0,28,95_2,3,1765,645,557,3
2026-09-03,14,10032,0,29,94_3,3,1708,625,537,3
2026-09-03,14,10032,0,30,93_2,4,2276,641,536,4
2026-09-03,14,10032,0,31,6016_2,4,2366,638,567,4
2026-09-03,14,10032,0,32,91_1,4,1754,485,414,4
2026-09-03,14,10032,0,33,6016_1,4,1902,522,451,4
2026-09-03,14,10032,0,34,93_1,4,1903,523,449,4
2026-09-03,14,10032,0,35,94_1,4,2175,591,517,4
2026-09-03,14,10032,0,36,6242_1,4,2115,576,502,4
2026-09-03,14,10032,0,37,6064_1,4,2015,551,477,4
2026-09-03,14,10032,0,38,6255_2,4,2111,575,501,4
2026-09-03,14,10032,0,39,6256_2,4,2415,651,577,4
2026-09-03,14,10032,0,40,6094_2,4,2263,613,539,4
2026-09-03,14,10032,0,41,6244_2,4,2215,601,527,4
2026-09-03,14,10032,0,42,6257_2,4,2147,584,510,4
2026-09-03,14,10032,0,43,6240_2,4,2275,616,542,4
2026-09-03,14,10032,0,44,6258_2,4,2291,620,546,4
2026-09-03,14,10032,0,45,6225_2,4,2235,606,532,4
2026-09-03,14,10032,0,46,6181_2,4,2231,605,531,4
2026-09-03,14,10032,0,47,6246_2,4,2263,613,539,4
2026-09-03,14,10032,0,48,6206_2,4,2131,580,506,4
2026-09-03,14,10032,0,49,6176_2,4,2111,575,501,4
2026-09-03,14,10032,0,50,6200_3,4,2183,593,519,4
2026-09-03,14,10032,0,51,6042_2,4,2071,565,491,4
2026-09-03,14,10032,0,52,6031_2,4,1931,530,456,4
2026-09-03,14,10032,0,53,6039_1,4,1607,449,375,4
2026-09-03,14,10032,1,21,6016_2,1,173,173,173,0
2026-09-03,14,10032,1,22,91_4,1,0,0,0,0
2026-09-03,14,10032,1,23,6016_1,2,69,36,33,0
2026-09-03,14,10032,1,24,93_1,2,71,37,34,0
2026-09-03,14,10032,1,25,94_2,2,13,8,5,0
2026-09-03,14,10032,1,26,95_1,2,63,33,30,0
2026-09-03,14,10032,1,27,6228_1,2,145,74,71,0
2026-09-03,14,10032,1,28,243_1,2,207,105,102,0
2026-09-03,14,10032,1,29,6041_1,3,440,152,139,0
2026-09-03,14,10032,1,30,6162_1,3,375,128,122,0
2026-09-03,14,10032,1,31,6160_1,4,585,156,135,0
2026-09-03,14,10032,1,32,6001_1,4,519,140,118,0
2026-09-03,14,10032,1,33,6161_1,4,523,139,120,0
2026-09-03,14,10032,1,34,446_3,4,247,70,51,0
2026-09-03,14,10032,1,35,6166_1,4,247,70,51,0
2026-09-03,14,10032,1,36,6143_1,4,175,52,33,0
2026-09-03,14,10032,1,37,6241_1,4,215,62,43,0
2026-09-03,14,10032,1,38,9_2,4,34,16,0,0
2026-09-03,14,10032,1,39,6057_1,3,15,8,0,0
2026-09-03,14,10032,1,40,6069_1,3,33,14,6,0
2026-09-03,14,10032,1,41,6102_1,3,117,42,34,0
2026-09-03,14,10032,1,42,6070_2,3,11,6,0,0
2026-09-03,14,10032,1,43,393_1,4,222,60,49,0
2026-09-03,14,10032,1,44,114_1,1,0,0,0,0
2026-09-03,14,10032,1,45,114_3,2,228,141,87,0
2026-09-03,14,10032,1,46,3_1,2,430,242,188,0
2026-09-03,14,10032,1,47,73_1,2,238,146,92,0
2026-09-03,14,10032,1,48,72_2,2,480,267,213,0
2026-09-03,14,10032,1,49,55_1,2,420,237,183,0
2026-09-03,14,10032,1,50,56_1,3,640,245,191,0
2026-09-03,14,10032,1,52,59_1,1,559,559,559,1
2026-09-03,14,10032,1,53,61_1,2,883,444,439,2
2026-09-03,14,10047,0,1,6161_2,1,7,7,7,0
2026-09-03,14,10047,0,2,6001_2,1,41,41,41,0
2026-09-03,14,10047,0,3,6160_2,1,69,69,69,0
2026-09-03,14,10047,0,4,6162_2,1,53,53,53,0
2026-09-03,14,10047,0,5,6041_2,2,94,73,21,0
2026-09-03,14,10047,0,6,243_2,2,76,64,12,0
2026-09-03,14,10047,0,7,73_2,1,581,581,581,1
2026-09-03,14,10047,0,7,6228_2,2,106,79,27,0
2026-09-03,14,10047,0,8,73_3,2,1049,582,467,2
2026-09-03,14,10047,0,8,95_2,2,22,22,0,0
2026-09-03,14,10047,0,9,3_2,3,2095,789,632,3
2026-09-03,14,10047,0,9,94_3,2,5,5,0,0
2026-09-03,14,10047,0,10,114_4,4,1952,646,286,3
2026-09-03,14,10047,0,10,6242_1,2,217,111,106,0
2026-09-03,14,10047,0,11,393_2,4,1892,631,271,3
2026-09-03,14,10047,0,11,6064_1,2,167,86,81,0
2026-09-03,14,10047,0,12,6070_3,4,1900,633,273,3
2026-09-03,14,10047,0,12,6255_2,2,215,110,105,0
2026-09-03,14,10047,0,13,6102_2,4,1748,595,235,3
2026-09-03,14,10047,0,13,6256_2,2,367,186,181,0
2026-09-03,14,10047,0,14,6069_2,4,1824,614,254,3
2026-09-03,14,10047,0,14,6094_2,2,291,148,143,0
2026-09-03,14,10047,0,15,6057_2,4,1712,586,226,3
2026-09-03,14,10047,0,15,6244_2,2,267,136,131,0
2026-09-03,14,10047,0,16,9_5,4,1548,545,185,3
2026-09-03,14,10047,0,16,6257_2,2,233,119,114,0
2026-09-03,14,10047,0,17,6241_2,4,1776,602,242,3
2026-09-03,14,10047,0,17,6240_2,2,297,151,146,0
2026-09-03,14,10047,0,18,6143_2,4,1652,571,211,3
2026-09-03,14,10047,0,18,6258_2,2,305,155,150,0
2026-09-03,14,10047,0,19,6166_2,4,1720,588,228,3
2026-09-03,14,10047,0,19,6225_2,2,277,141,136,0
2026-09-03,14,10047,0,20,446_4,4,2060,673,313,4
2026-09-03,14,10047,0,20,6181_2,2,275,140,135,0
2026-09-03,14,10047,0,21,6161_2,4,1952,646,286,3
2026-09-03,14,10047,0,21,6246_2,2,291,148,143,0
2026-09-03,14,10047,0,22,6001_2,4,2078,680,310,4
2026-09-03,14,10047,0,22,6206_2,2,225,115,110,0
2026-09-03,14,10047,0,23,6160_2,4,2174,732,298,3
2026-09-03,14,10047,0,23,6176_2,2,215,110,105,0
2026-09-03,14,10047,0,24,6162_2,4,2139,738,289,3
2026-09-03,14,10047,0,24,6200_3,2,251,128,123,0
2026-09-03,14,10047,0,25,6041_2,4,2222,761,309,4
2026-09-03,14,10047,0,25,6042_2,2,195,100,95,0
2026-09-03,14,10047,0,26,243_2,4,2185,751,300,4
2026-09-03,14,10047,0,26,6031_2,2,125,65,60,0
2026-09-03,14,10047,0,27,6228_2,4,2219,753,315,4
2026-09-03,14,10047,0,27,6039_1,1,0,0,0,0
2026-09-03,14,10047,0,28,95_2,4,2018,713,251,3
2026-09-03,14,10047,0,29,94_3,4,1944,693,234,3
2026-09-03,14,10047,0,30,6242_1,4,2368,799,340,4
2026-09-03,14,10047,0,31,6064_1,4,2268,774,315,4
2026-09-03,14,10047,0,32,6255_2,4,2364,798,339,4
2026-09-03,14,10047,0,33,6256_2,4,2668,874,415,4
2026-09-03,14,10047,0,34,6094_2,4,2516,836,377,4
2026-09-03,14,10047,0,35,6244_2,4,2468,824,365,4
2026-09-03,14,10047,0,36,6257_2,4,2400,807,348,4
2026-09-03,14,10047,0,37,6240_2,4,2528,839,380,4
2026-09-03,14,10047,0,38,6258_2,4,2544,843,384,4
2026-09-03,14,10047,0,39,6225_2,4,2488,829,370,4
2026-09-03,14,10047,0,40,6181_2,4,2484,828,369,4
2026-09-03,14,10047,0,41,6246_2,3,1680,673,377,3
2026-09-03,14,10047,0,42,6206_2,3,1581,640,344,3
2026-09-03,14,10047,0,43,6176_2,3,1566,635,339,3
2026-09-03,14,10047,0,44,6200_3,1,357,357,357,1
2026-09-03,14,10047,0,45,6042_2,1,329,329,329,1
2026-09-03,14,10047,0,46,6031_2,1,294,294,294,0
2026-09-03,14,10047,0,47,6039_1,1,213,213,213,0
2026-09-03,14,10047,1,37,393_1,1,83,83,83,0
2026-09-03,14,10047,1,38,114_1,1,0,0,0,0
2026-09-03,14,10047,1,39,114_3,3,319,143,87,0
2026-09-03,14,10047,1,40,3_1,3,622,244,188,0
2026-09-03,14,10047,1,41,73_1,3,334,148,92,0
2026-09-03,14,10047,1,42,72_2,3,697,269,213,0
2026-09-03,14,10047,1,43,55_1,3,607,239,183,0
2026-09-03,14,10047,1,44,56_1,3,644,247,193,0
2026-09-03,14,10047,1,45,57_1,4,1121,298,244,0
2026-09-03,14,10047,1,46,59_1,4,1150,339,246,2
2026-09-03,14,10047,1,47,61_1,4,660,209,131,0
2026-09-03,14,10049,1,2,6031_1,1,118,118,118,0
2026-09-03,14,10049,1,3,6042_1,1,86,86,86,0
2026-09-03,14,10049,1,4,6200_1,1,76,76,76,0
2026-09-03,14,10049,1,5,6176_1,2,137,81,56,0
2026-09-03,14,10049,1,6,6206_1,3,234,96,67,0
2026-09-03,14,10049,1,7,6246_1,3,297,117,88,0
2026-09-03,14,10049,1,8,6181_1,4,318,100,71,0
2026-09-03,14,10049,1,9,6225_1,4,294,94,65,0
2026-09-03,14,10049,1,10,6258_1,4,210,73,44,0
2026-09-03,14,10049,1,11,6240_1,4,206,72,43,0
2026-09-03,14,10049,1,12,6257_1,4,310,98,69,0
2026-09-03,14,10049,1,13,6244_1,4,310,98,69,0
2026-09-03,14,10049,1,14,6094_1,4,198,70,41,0
2026-09-03,14,10049,1,15,6256_1,4,218,75,46,0
2026-09-03,14,10049,1,16,6255_1,4,302,96,67,0
2026-09-03,14,10049,1,17,6064_2,4,450,133,104,0
2026-09-03,14,10049,1,18,6242_2,4,486,142,113,0
2026-09-03,14,10049,1,19,94_4,4,666,187,158,0
2026-09-03,14,10049,1,20,93_2,4,626,177,148,0
2026-09-03,14,10049,1,21,6016_2,4,716,183,174,0
2026-09-03,14,10049,1,22,91_1,4,584,150,141,0
2026-09-03,14,10050,0,6,6205_2,1,65,65,65,0
2026-09-03,14,10050,0,7,6187_3,1,85,85,85,0
2026-09-03,14,10050,0,8,6011_2,2,183,111,72,0
2026-09-03,14,10050,0,9,6018_2,3,436,175,111,0
2026-09-03,14,10050,0,10,6190_2,3,535,208,144,0
2026-09-03,14,10050,0,11,6171_2,3,457,182,118,0
2026-09-03,14,10050,0,12,6014_3,4,157,62,0,0
2026-09-03,14,10050,1,7,6205_1,1,0,0,0,0
2026-09-03,14,10050,1,8,6212_1,1,7,7,7,0
2026-09-03,14,10050,1,9,6013_1,2,4,4,0,0
2026-09-03,14,10050,1,10,93_2,3,185,75,53,0
2026-09-03,14,10050,1,11,6016_2,3,244,106,54,0
2026-09-03,14,10050,1,12,91_4,1,0,0,0,0
2026-09-03,14,10054,0,1,6293_1,1,0,0,0,0
2026-09-03,14,10054,0,2,6402_9,2,15,15,0,0
2026-09-03,14,10054,0,3,6271_9,3,2,2,0,0
2026-09-03,14,10054,0,4,6292_1,3,0,0,0,0
2026-09-03,14,10054,1,1,6292_1,2,64,64,0,0
2026-09-03,14,10054,1,2,6271_1,3,322,201,0,0
2026-09-03,14,10054,1,3,6402_1,3,328,204,0,0
2026-09-03,14,10054,1,4,6403_1,4,776,290,0,0
2026-09-03,14,10054,1,5,6293_1,4,416,170,0,0
2026-09-03,14,10059,0,1,91_3,1,0,0,0,0
2026-09-03,14,10059,0,2,7841_4,1,52,52,52,0
2026-09-03,14,10059,0,3,6170_2,1,78,78,78,0
2026-09-03,14,10059,0,4,6902_2,1,83,83,83,0
2026-09-03,14,10059,0,5,6006_2,1,113,113,113,0
2026-09-03,14,10059,0,6,6229_2,1,137,137,137,0
2026-09-03,14,10059,0,7,6074_2,1,169,169,169,0
2026-09-03,14,10059,0,8,6169_2,2,205,103,102,0
2026-09-03,14,10059,0,9,6260_1,2,225,115,110,0
2026-09-03,14,10059,0,10,7475_1,2,0,0,0,0
2026-09-03,14,10059,1,8,6902_1,1,60,60,60,0
2026-09-03,14,10059,1,9,6170_1,1,43,43,43,0
2026-09-03,14,10059,1,10,7841_2,2,114,65,49,0
2026-09-03,14,10059,1,11,91_3,1,0,0,0,0
2026-09-03,14,10060,1,1,6015_1,1,4,4,4,0
2026-09-03,14,10060,1,2,6249_1,1,33,33,33,0
2026-09-03,14,10060,1,3,6248_1,1,34,34,34,0
2026-09-03,14,10060,1,4,6067_1,1,0,0,0,0
2026-09-03,14,10060,1,5,6172_1,2,14,8,6,0
2026-09-03,14,10060,1,6,6017_1,2,12,7,5,0
2026-09-03,14,10060,1,7,6011_1,2,10,6,4,0
2026-09-03,14,10060,1,8,6187_2,2,142,72,70,0
2026-09-03,14,10060,1,9,6205_1,3,224,80,66,0
2026-09-03,14,10060,1,10,6212_1,3,225,77,73,0
2026-09-03,14,10060,1,11,6013_1,3,234,92,70,0
2026-09-03,14,10060,1,12,94_2,2,19,19,0,0
2026-09-03,14,10060,1,13,95_1,2,69,44,25,0
2026-09-03,14,10060,1,14,6228_1,2,151,85,66,0
2026-09-03,14,10060,1,15,243_1,2,213,116,97,0
2026-09-03,14,10060,1,16,6041_1,4,558,163,120,0
2026-09-03,14,10060,1,17,6162_1,4,476,139,103,0
2026-09-03,14,10060,1,18,6160_1,5,666,167,116,0
2026-09-03,14,10060,1,19,6001_1,5,582,151,99,0
2026-09-03,14,10060,1,20,6161_1,7,881,153,101,0
2026-09-03,14,10060,1,21,446_3,7,398,84,32,0
2026-09-03,14,10060,1,22,6166_1,7,398,84,32,0
2026-09-03,14,10060,1,23,6143_1,7,272,66,14,0
2026-09-03,14,10060,1,24,6241_1,7,342,76,24,0
2026-09-03,14,10060,1,25,9_2,5,73,30,0,0
2026-09-03,14,10060,1,26,8_3,2,0,0,0,0
2026-09-03,14,10060,1,27,6_1,2,126,63,63,0
2026-09-03,14,10060,1,28,902_1,2,162,81,81,0
2026-09-03,14,10060,1,29,5_1,5,484,184,50,0
2026-09-03,14,10060,1,30,4_1,8,1079,266,71,0
2026-09-03,14,10060,1,31,6059_1,11,1908,329,105,1
2026-09-03,14,10060,1,32,3_1,11,1908,329,105,1
2026-09-03,14,10060,1,33,73_1,11,852,233,9,0
2026-09-03,14,10060,1,34,128_1,11,1138,259,35,0
2026-09-03,14,10060,1,35,114_5,6,482,203,0,0
2026-09-03,14,10061,0,1,3_1,1,249,249,249,0
2026-09-03,14,10061,0,2,73_1,1,153,153,153,0
2026-09-03,14,10061,0,3,128_1,1,179,179,179,0
2026-09-03,14,10061,0,4,114_5,1,63,63,63,0
2026-09-03,14,10061,0,5,3_3,1,183,183,183,0
2026-09-03,14,10061,0,6,4_5,1,117,117,117,0
2026-09-03,14,10061,0,7,5_3,2,305,168,137,0
2026-09-03,14,10061,0,8,902_2,2,205,103,102,0
2026-09-03,14,10061,0,9,6_2,3,307,109,91,0
2026-09-03,14,10061,0,10,8_1,4,217,75,36,0
2026-09-03,14,10061,0,11,9_5,2,0,0,0,0
2026-09-03,14,10061,0,12,6241_2,2,114,57,57,0
2026-09-03,14,10061,0,13,6143_2,2,52,26,26,0
2026-09-03,14,10061,0,14,6166_2,2,86,43,43,0
2026-09-03,14,10061,0,15,446_4,2,256,128,128,0
2026-09-03,14,10061,0,16,6161_2,2,202,101,101,0
2026-09-03,14,10061,0,17,6001_2,3,385,135,125,0
2026-09-03,14,10061,0,18,6160_2,4,576,187,113,0
2026-09-03,14,10061,0,19,6162_2,4,548,193,104,0
2026-09-03,14,10061,0,20,6041_2,5,950,319,124,1
2026-09-03,14,10061,0,21,243_2,5,903,309,115,1
2026-09-03,14,10061,0,22,6228_2,7,1424,312,130,2
2026-09-03,14,10061,0,23,95_2,7,1079,272,66,0
2026-09-03,14,10061,0,24,94_3,7,948,252,49,0
2026-09-03,14,10061,0,25,6013_2,8,1128,244,49,0
2026-09-03,14,10061,0,26,6212_2,9,1375,245,50,0
2026-09-03,14,10061,0,27,6205_2,9,1887,313,118,2
2026-09-03,14,10061,0,28,6187_3,9,1990,322,127,2
2026-09-03,14,10061,0,29,6011_4,9,2179,343,148,4
2026-09-03,14,10061,0,30,6017_2,10,3323,846,184,5
2026-09-03,14,10061,0,31,6172_2,10,3805,858,187,5
2026-09-03,14,10061,0,32,6067_2,10,3982,854,190,6
2026-09-03,14,10061,0,33,6248_2,11,4904,876,193,7
2026-09-03,14,10061,0,34,6249_2,11,4969,885,185,7
2026-09-03,14,10061,0,35,6015_2,12,5259,838,138,7
2026-09-03,14,10064,0,14,6019_1,1,25,25,25,0
2026-09-03,14,10064,0,15,6043_9,1,0,0,0,0
2026-09-03,14,10064,0,16,6188_1,1,0,0,0,0
2026-09-03,14,10064,0,17,6073_2,1,60,60,60,0
2026-09-03,14,10064,0,18,6152_1,1,60,60,60,0
2026-09-03,14,10064,0,19,6300_2,1,57,57,57,0
2026-09-03,14,10064,0,20,6289_9,1,40,40,40,0
2026-09-03,14,10064,0,21,6301_9,1,84,84,84,0
2026-09-03,14,10064,1,2,6289_1,1,57,57,57,0
2026-09-03,14,10064,1,3,6300_1,2,104,70,34,0
2026-09-03,14,10064,1,4,6152_9,2,112,74,38,0
2026-09-03,14,10064,1,5,6073_1,2,200,118,82,0
2026-09-03,14,10064,1,6,6019_2,2,120,74,46,0
2026-09-03,14,10064,1,7,6020_1,2,184,106,78,0
2026-09-03,14,10064,1,8,6106_1,2,196,112,84,0
2026-09-03,14,10064,1,9,6134_1,2,212,120,92,0
2026-09-03,14,10064,1,10,6196_1,2,274,151,123,0
2026-09-03,14,10064,1,11,6229_1,1,78,78,78,0
2026-09-03,14,10064,1,11,6263_1,2,210,119,91,0
2026-09-03,14,10064,1,12,6006_1,1,65,65,65,0
2026-09-03,14,10064,1,12,6169_1,2,198,113,85,0
2026-09-03,14,10064,1,13,6902_1,1,102,102,102,0
2026-09-03,14,10064,1,13,6405_1,2,236,132,104,0
2026-09-03,14,10064,1,14,6170_1,2,175,90,85,0
2026-09-03,14,10064,1,14,6074_1,2,226,127,99,0
2026-09-03,14,10064,1,15,7841_2,2,187,96,91,0
2026-09-03,14,10064,1,15,6229_1,2,206,117,89,0
2026-09-03,14,10064,1,16,91_2,1,0,0,0,0
2026-09-03,14,10064,1,16,6006_1,2,178,103,75,0
2026-09-03,14,10064,1,17,6902_1,2,252,140,112,0
2026-09-03,14,10064,1,18,6170_1,2,268,148,120,0
2026-09-03,14,10064,1,19,7841_2,2,258,143,115,0
2026-09-03,14,10064,1,20,91_2,1,0,0,0,0
2026-09-03,14,10068,0,4,114_5,1,298,298,298,0
2026-09-03,14,10068,0,5,3_3,3,880,448,201,1
2026-09-03,14,10068,0,6,4_3,3,1225,563,316,3
2026-09-03,14,10068,0,7,254_2,3,1054,506,259,1
2026-09-03,14,10068,0,8,53_3,3,994,486,239,1
2026-09-03,14,10068,0,9,253_2,3,1003,489,242,1
2026-09-03,14,10068,0,10,186_2,3,880,448,201,1
2026-09-03,14,10068,0,11,252_2,3,1222,562,315,3
2026-09-03,14,10068,0,12,150_2,3,1114,526,279,2
2026-09-03,14,10068,0,13,151_2,3,1171,545,298,2
2026-09-03,14,10068,0,14,152_3,3,1033,499,252,1
2026-09-03,14,10068,0,15,251_2,3,973,479,232,1
2026-09-03,14,10068,0,16,250_2,3,919,461,214,1
2026-09-03,14,10068,0,17,249_2,3,739,401,154,1
2026-09-03,14,10068,0,18,606_2,3,751,405,158,1
2026-09-03,14,10068,0,19,607_2,3,822,424,184,1
2026-09-03,14,10068,0,20,608_2,3,802,420,176,1
2026-09-03,14,10068,0,21,609_2,4,938,403,158,1
2026-09-03,14,10068,0,22,610_2,5,907,391,20,1
2026-09-03,14,10068,0,23,765_2,5,1126,435,64,1
2026-09-03,14,10068,0,24,7717_2,6,1023,403,32,1
2026-09-03,14,10068,0,25,6023_1,7,1446,451,80,1
2026-09-03,14,10068,0,26,210_2,8,1753,472,101,1
2026-09-03,14,10068,0,27,211_2,8,1513,442,71,1
2026-09-03,14,10068,0,28,212_2,8,1761,473,102,1
2026-09-03,14,10068,0,29,615_2,8,2217,530,159,4
2026-09-03,14,10068,0,30,7213_2,8,1769,474,103,1
2026-09-03,14,10068,0,31,214_2,8,1521,443,72,1
2026-09-03,14,10068,0,32,215_2,8,1505,441,70,1
2026-09-03,14,10068,0,33,216_2,7,1287,278,101,0
2026-09-03,14,10068,0,34,752_2,7,1055,244,69,0
2026-09-03,14,10068,0,35,7217_2,7,694,186,11,0
2026-09-03,14,10068,0,36,422_1,4,381,129,64,0
2026-09-03,14,10068,0,37,421_1,4,351,117,52,0
2026-09-03,14,10068,0,38,6163_1,4,419,134,69,0
2026-09-03,14,10068,0,39,419_1,4,359,119,54,0
2026-09-03,14,10068,0,40,418_1,4,531,162,97,0
2026-09-03,14,10068,0,41,440_1,4,535,163,98,0
2026-09-03,14,10068,0,42,6236_1,4,739,214,149,0
2026-09-03,14,10068,0,43,6109_1,4,263,95,30,0
2026-09-03,14,10068,1,8,422_2,1,94,94,94,0
2026-09-03,14,10068,1,9,7217_1,2,185,96,89,0
2026-09-03,14,10068,1,10,752_1,2,195,101,94,0
2026-09-03,14,10068,1,11,216_1,3,186,76,41,0
2026-09-03,14,10068,1,12,215_1,4,183,66,27,0
2026-09-03,14,10068,1,13,214_1,4,131,53,14,0
2026-09-03,14,10068,1,14,7213_1,4,159,60,21,0
2026-09-03,14,10068,1,15,615_1,4,331,103,64,0
2026-09-03,14,10068,1,16,212_1,4,223,76,37,0
2026-09-03,14,10068,1,17,211_1,4,315,99,60,0
2026-09-03,14,10068,1,18,210_1,4,651,183,144,0
2026-09-03,14,10068,1,19,6023_3,4,1171,313,274,2
2026-09-03,14,10068,1,20,7717_1,4,1275,339,300,4
2026-09-03,14,10068,1,21,765_1,4,1447,382,343,4
2026-09-03,14,10068,1,22,610_1,4,1163,311,272,2
2026-09-03,14,10068,1,23,609_1,4,1187,317,278,2
2026-09-03,14,10068,1,24,608_1,4,1395,369,330,4
2026-09-03,14,10068,1,25,607_1,4,1319,350,311,4
2026-09-03,14,10068,1,26,606_1,4,1279,340,301,4
2026-09-03,14,10068,1,27,249_1,4,1023,276,237,0
2026-09-03,14,10068,1,28,250_1,5,1217,263,219,0
2026-09-03,14,10068,1,29,251_1,5,1078,231,194,0
2026-09-03,14,10068,1,30,152_2,6,1596,281,239,0
2026-09-03,14,10068,1,31,151_1,6,1880,323,283,5
2026-09-03,14,10068,1,32,150_1,8,2842,377,325,8
2026-09-03,14,10068,1,33,252_1,8,3642,477,425,8
2026-09-03,14,10068,1,34,186_1,8,3202,422,370,8
2026-09-03,14,10068,1,35,253_1,8,3170,418,366,8
2026-09-03,14,10068,1,36,53_1,8,3354,441,389,8
2026-09-03,14,10068,1,37,254_1,8,3514,461,409,8
2026-09-03,14,10068,1,38,4_4,8,3306,435,383,8
2026-09-03,14,10068,1,39,6059_1,4,1607,413,396,4
2026-09-03,14,10068,1,40,3_1,4,1847,473,456,4
2026-09-03,14,10068,1,41,73_1,4,1463,377,360,4
2026-09-03,14,10068,1,42,128_1,4,1567,403,386,4
2026-09-03,14,10068,1,43,114_5,4,504,212,90,0
2026-09-03,14,10072,0,7,68_2,1,85,85,85,0
2026-09-03,14,10072,0,8,67_2,1,70,70,70,0
2026-09-03,14,10072,0,9,65_2,2,187,99,88,0
2026-09-03,14,10072,0,10,204_2,2,79,45,34,0
2026-09-03,14,10072,0,11,255_2,2,111,61,50,0
2026-09-03,14,10072,0,12,205_2,2,45,28,17,0
2026-09-03,14,10072,0,13,206_2,2,33,22,11,0
2026-09-03,14,10072,0,14,863_3,1,0,0,0,0
2026-09-03,14,10072,0,15,209_2,1,52,52,52,0
2026-09-03,14,10072,0,16,210_2,1,59,59,59,0
2026-09-03,14,10072,0,17,211_2,1,29,29,29,0
2026-09-03,14,10072,0,18,212_2,1,60,60,60,0
2026-09-03,14,10072,0,19,615_2,1,117,117,117,0
2026-09-03,14,10072,0,20,7213_2,1,61,61,61,0
2026-09-03,14,10072,0,21,214_2,1,30,30,30,0
2026-09-03,14,10072,0,22,215_2,1,28,28,28,0
2026-09-03,14,10072,0,23,216_2,3,222,103,59,0
2026-09-03,14,10072,0,24,752_2,3,132,75,26,0
2026-09-03,14,10072,0,25,7217_2,3,80,62,0,0
2026-09-03,14,10072,0,26,422_1,5,399,131,39,0
2026-09-03,14,10072,0,27,421_1,7,413,119,27,0
2026-09-03,14,10072,0,28,6163_1,7,532,136,44,0
2026-09-03,14,10072,0,29,419_1,7,427,121,29,0
2026-09-03,14,10072,0,30,418_1,7,728,164,72,0
2026-09-03,14,10072,0,31,440_1,7,735,165,73,0
2026-09-03,14,10072,0,32,6236_1,7,1092,216,124,0
2026-09-03,14,10072,0,33,6109_1,7,259,97,5,0
2026-09-03,14,10072,1,1,6109_1,1,0,0,0,0
2026-09-03,14,10072,1,2,6236_2,1,69,69,69,0
2026-09-03,14,10072,1,3,440_2,1,77,77,77,0
2026-09-03,14,10072,1,4,418_2,1,109,109,109,0
2026-09-03,14,10072,1,5,419_2,1,96,96,96,0
2026-09-03,14,10072,1,6,6163_2,1,80,80,80,0
2026-09-03,14,10072,1,7,421_2,1,93,93,93,0
2026-09-03,14,10072,1,8,422_2,1,47,47,47,0
2026-09-03,14,10072,1,9,7217_1,1,8,8,8,0
2026-09-03,14,10072,1,10,752_1,1,21,21,21,0
2026-09-03,14,10072,1,11,216_1,1,0,0,0,0
2026-09-03,14,10072,1,12,215_1,1,0,0,0,0
2026-09-03,14,10072,1,13,214_1,1,0,0,0,0
2026-09-03,14,10072,1,14,7213_1,1,7,7,7,0
2026-09-03,14,10072,1,15,615_1,1,50,50,50,0
2026-09-03,14,10072,1,16,212_1,1,23,23,23,0
2026-09-03,14,10072,1,17,211_1,1,46,46,46,0
2026-09-03,14,10072,1,18,210_1,2,275,145,130,0
2026-09-03,14,10072,1,19,209_1,3,878,301,286,1
2026-09-03,14,10072,1,20,863_1,3,659,228,213,0
2026-09-03,14,10072,1,21,206_1,3,716,247,232,0
2026-09-03,14,10072,1,22,205_1,3,683,236,221,0
2026-09-03,14,10072,1,23,255_1,3,782,269,254,0
2026-09-03,14,10072,1,24,204_1,3,944,323,308,3
2026-09-03,14,10072,1,25,65_1,3,1097,374,359,3
2026-09-03,14,10072,1,26,67_1,3,1184,403,388,3
2026-09-03,14,10072,1,27,68_1,2,886,448,438,2
2026-09-03,14,10072,1,28,69_1,2,736,373,363,2
2026-09-03,14,10072,1,29,55_1,4,1585,528,314,4
2026-09-03,14,10072,1,30,56_1,4,1643,549,322,4
2026-09-03,14,10072,1,31,57_1,6,2832,640,373,6
2026-09-03,14,10072,1,32,59_1,7,3261,602,375,7
2026-09-03,14,10072,1,33,61_2,8,2683,477,250,5
2026-09-03,14,10082,0,13,6035_2,1,358,358,358,1
2026-09-03,14,10082,0,14,6079_1,1,324,324,324,1
2026-09-03,15,10032,0,19,6166_2,1,361,361,361,1
2026-09-03,15,10032,0,20,446_4,2,771,446,325,2
2026-09-03,15,10032,0,21,6161_2,2,717,419,298,1
2026-09-03,15,10032,0,22,6001_2,2,775,453,322,2
2026-09-03,15,10032,0,23,6160_2,2,791,481,310,2
2026-09-03,15,10032,0,24,6162_2,2,766,465,301,2
2026-09-03,15,10032,0,25,6041_2,2,806,485,321,2
2026-09-03,15,10032,0,26,243_2,2,788,476,312,2
2026-09-03,15,10032,0,27,6228_2,2,818,491,327,2
2026-09-03,15,10032,0,28,95_2,2,697,434,263,1
2026-09-03,15,10032,0,29,94_3,2,663,417,246,1
2026-09-03,15,10032,0,30,93_2,2,663,417,246,1
2026-09-03,15,10032,0,31,6016_2,2,725,448,277,1
2026-09-03,15,10032,0,32,91_1,2,419,295,124,0
2026-09-03,15,10032,0,33,6016_1,2,493,332,161,1
2026-09-03,15,10032,0,34,93_1,2,492,333,159,1
2026-09-03,15,10032,0,35,94_1,2,628,401,227,1
2026-09-03,15,10032,0,36,6242_1,2,598,386,212,1
2026-09-03,15,10032,0,37,6064_1,2,548,361,187,1
2026-09-03,15,10032,0,38,6255_2,2,596,385,211,1
2026-09-03,15,10032,0,39,6256_2,2,748,461,287,1
2026-09-03,15,10032,0,40,6094_2,2,672,423,249,1
2026-09-03,15,10032,0,41,6244_2,2,648,411,237,1
2026-09-03,15,10032,0,42,6257_2,2,614,394,220,1
2026-09-03,15,10032,0,43,6240_2,2,678,426,252,1
2026-09-03,15,10032,0,44,6258_2,2,686,430,256,1
2026-09-03,15,10032,0,45,6225_2,2,658,416,242,1
2026-09-03,15,10032,0,46,6181_2,2,656,415,241,1
2026-09-03,15,10032,0,47,6246_2,2,672,423,249,1
2026-09-03,15,10032,0,48,6206_2,2,606,390,216,1
2026-09-03,15,10032,0,49,6176_2,2,596,385,211,1
2026-09-03,15,10032,0,50,6200_3,2,632,403,229,1
2026-09-03,15,10032,0,51,6042_2,2,576,375,201,1
2026-09-03,15,10032,0,52,6031_2,2,506,340,166,1
2026-09-03,15,10032,0,53,6039_1,2,344,259,85,0
2026-09-03,15,10032,1,51,57_1,4,1115,296,242,0
2026-09-03,15,10032,1,52,59_1,4,1144,337,244,2
2026-09-03,15,10032,1,53,61_1,4,654,207,129,0
2026-09-03,15,10047,0,41,6246_2,1,836,836,836,1
2026-09-03,15,10047,0,42,6206_2,1,803,803,803,1
2026-09-03,15,10047,0,43,6176_2,1,798,798,798,1
2026-09-03,15,10047,0,44,6200_3,3,2079,816,610,3
2026-09-03,15,10047,0,45,6042_2,3,1995,788,582,3
2026-09-03,15,10047,0,46,6031_2,3,1890,753,547,3
2026-09-03,15,10047,0,47,6039_1,3,1647,672,466,3
2026-09-03,15,10060,1,35,114_5,1,69,69,69,0
2026-09-03,15,10061,0,32,6067_2,1,190,190,190,0
2026-09-03,15,10061,0,33,6248_2,1,193,193,193,0
2026-09-03,15,10061,0,34,6249_2,1,185,185,185,0
2026-09-03,15,10061,0,35,6015_2,1,138,138,138,0
2026-09-03,15,10068,0,33,216_2,1,472,472,472,1
2026-09-03,15,10068,0,34,752_2,1,444,444,444,1
2026-09-03,15,10068,0,35,7217_2,1,431,431,431,1
2026-09-03,15,10068,0,36,422_1,4,1176,500,216,1
2026-09-03,15,10068,0,37,421_1,4,1146,488,204,1
2026-09-03,15,10068,0,38,6163_1,4,1214,505,221,1
2026-09-03,15,10068,0,39,419_1,4,1154,490,206,1
2026-09-03,15,10068,0,40,418_1,4,1326,533,249,1
2026-09-03,15,10068,0,41,440_1,4,1330,534,250,1
2026-09-03,15,10068,0,42,6236_1,4,1534,585,301,4
2026-09-03,15,10068,0,43,6109_1,4,1058,466,182,1
2026-09-03,15,10068,1,39,6059_1,4,1523,399,361,4
2026-09-03,15,10068,1,40,3_1,4,1763,459,421,4
2026-09-03,15,10068,1,41,73_1,4,1379,363,325,4
2026-09-03,15,10068,1,42,128_1,4,1483,389,351,4
2026-09-03,15,10068,1,43,114_5,4,420,214,55,0
2026-09-03,15,10072,1,27,68_1,1,433,433,433,1
2026-09-03,15,10072,1,28,69_1,1,358,358,358,1
2026-09-03,15,10072,1,29,55_1,1,309,309,309,1
2026-09-03,15,10072,1,30,56_1,1,317,317,317,1
2026-09-03,15,10072,1,31,57_1,1,368,368,368,1
2026-09-03,15,10072,1,32,59_1,1,409,409,409,1
2026-09-03,15,10072,1,33,61_2,1,284,284,284,0
2026-09-03,18,10002,0,7,123_2,1,42,42,42,0
2026-09-03,18,10002,0,8,124_2,1,102,102,102,0
2026-09-03,18,10002,0,9,125_2,2,285,162,123,0
2026-09-03,18,10002,0,10,126_2,3,401,162,116,0
2026-09-03,18,10032,0,1,61_1,1,0,0,0,0
2026-09-03,18,10032,0,17,6241_2,1,76,76,76,0
2026-09-03,18,10032,0,18,6143_2,2,141,79,62,0
2026-09-03,18,10032,0,19,6166_2,2,179,98,81,0
2026-09-03,18,10047,0,41,6246_2,1,408,408,408,1
2026-09-03,18,10047,0,42,6206_2,1,455,455,455,1
2026-09-03,18,10047,0,43,6176_2,2,924,465,459,2
2026-09-03,18,10047,0,44,6200_3,3,1348,464,439,3
2026-09-03,18,10047,0,45,6042_2,3,1249,431,406,3
2026-09-03,18,10047,0,46,6031_2,3,1117,387,362,3
2026-09-03,18,10047,0,47,6039_1,2,580,293,287,0
2026-09-03,18,10049,0,5,6242_1,1,156,156,156,0
2026-09-03,18,10049,0,6,6064_1,1,147,147,147,0
2026-09-03,18,10049,0,7,6255_2,2,297,194,103,0
2026-09-03,18,10049,0,8,6256_2,3,473,223,118,0
2026-09-03,18,10049,0,9,6094_2,2,250,132,118,0
2026-09-03,18,10049,0,10,6244_2,3,312,118,90,0
2026-09-03,18,10050,0,6,6205_2,1,263,263,263,0
2026-09-03,18,10050,0,7,6187_3,1,286,286,286,0
2026-09-03,18,10050,0,8,6011_2,2,624,313,311,2
2026-09-03,18,10050,0,9,6018_2,3,1071,373,348,3
2026-09-03,18,10050,0,10,6190_2,3,1196,420,387,3
2026-09-03,18,10050,0,11,6171_2,3,1100,390,354,3
2026-09-03,18,10050,0,12,6014_3,3,689,234,223,0
2026-09-03,18,10050,1,9,6013_1,1,24,24,24,0
2026-09-03,18,10050,1,10,93_2,2,236,125,111,0
2026-09-03,18,10050,1,11,6016_2,2,266,140,126,0
2026-09-03,18,10050,1,12,91_4,2,9,6,3,0
2026-09-03,18,10051,0,1,91_4,2,6,6,0,0
2026-09-03,18,10053,1,44,6106_1,1,38,38,38,0
2026-09-03,18,10053,1,45,6134_1,1,12,12,12,0
2026-09-03,18,10053,1,46,6196_1,2,66,36,30,0
2026-09-03,18,10053,1,47,6263_1,2,68,37,31,0
2026-09-03,18,10053,1,48,6260_1,3,123,55,31,0
2026-09-03,18,10053,1,49,7475_2,4,182,59,31,0
2026-09-03,18,10059,0,10,7475_1,1,53,53,53,0
2026-09-03,18,10059,1,1,7475_1,2,5,5,0,0
2026-09-03,18,10059,1,1,6019_1,1,5,5,5,0
2026-09-03,18,10059,1,2,6260_2,3,173,62,53,0
2026-09-03,18,10059,1,2,6020_1,2,186,109,77,0
2026-09-03,18,10059,1,16,6170_1,1,182,182,182,0
2026-09-03,18,10059,1,17,7841_2,2,418,221,197,0
2026-09-03,18,10059,1,18,91_2,1,0,0,0,0
2026-09-03,18,10060,1,1,6015_1,1,4,4,4,0
2026-09-03,18,10060,1,2,6249_1,1,32,32,32,0
2026-09-03,18,10060,1,3,6248_1,1,49,49,49,0
2026-09-03,18,10060,1,4,6067_1,2,2,2,0,0
2026-09-03,18,10060,1,5,6172_1,2,3,3,0,0
2026-09-03,18,10060,1,16,6041_1,1,82,82,82,0
2026-09-03,18,10060,1,17,6162_1,1,55,55,55,0
2026-09-03,18,10060,1,18,6160_1,1,87,87,87,0
2026-09-03,18,10060,1,19,6001_1,2,108,71,37,0
2026-09-03,18,10060,1,20,6161_1,2,82,58,24,0
2026-09-03,18,10060,1,21,446_3,3,210,82,47,0
2026-09-03,18,10060,1,22,6166_1,1,41,41,41,0
2026-09-03,18,10060,1,30,4_1,1,154,154,154,0
2026-09-03,18,10060,1,31,6059_1,2,425,221,204,0
2026-09-03,18,10060,1,32,3_1,3,664,239,204,0
2026-09-03,18,10061,0,6,4_5,1,257,257,257,0
2026-09-03,18,10061,0,7,5_3,2,546,279,267,0
2026-09-03,18,10061,0,8,902_2,3,800,302,243,1
2026-09-03,18,10061,0,9,6_2,3,761,289,230,0
2026-09-03,18,10061,0,15,446_4,1,385,385,385,1
2026-09-03,18,10061,0,16,6161_2,2,762,446,316,2
2026-09-03,18,10061,0,17,6001_2,3,1202,486,356,3
2026-09-03,18,10061,0,18,6160_2,3,1166,474,344,3
2026-09-03,18,10061,0,19,6162_2,3,1099,393,351,3
2026-09-03,18,10061,0,20,6041_2,2,794,399,395,2
2026-09-03,18,10061,0,25,6013_2,1,508,508,508,1
2026-09-03,18,10061,0,26,6212_2,2,1133,595,538,2
2026-09-03,18,10061,0,27,6205_2,2,1219,640,579,2
2026-09-03,18,10061,0,28,6187_3,3,1862,654,602,3
2026-09-03,18,10061,0,29,6011_4,3,1909,641,631,3
2026-09-03,18,10061,0,31,6172_2,1,1040,1040,1040,1
2026-09-03,18,10061,0,32,6067_2,2,2087,1054,1033,2
2026-09-03,18,10061,0,33,6248_2,2,2111,1066,1045,2
2026-09-03,18,10061,0,34,6249_2,2,2089,1055,1034,2
2026-09-03,18,10061,0,35,6015_2,3,3034,1023,995,3
2026-09-03,18,10062,0,1,91_2,1,0,0,0,0
2026-09-03,18,10067,0,31,214_2,1,157,157,157,0
2026-09-03,18,10067,0,32,215_2,1,167,167,167,0
2026-09-03,18,10067,0,33,216_2,2,395,211,184,0
2026-09-03,18,10067,0,34,752_2,2,353,182,171,0
2026-09-03,18,10067,0,35,7217_2,3,306,124,88,0
2026-09-03,18,10067,0,36,422_1,4,569,171,119,0
2026-09-03,18,10068,0,3,128_1,1,664,664,664,1
2026-09-03,18,10068,0,4,114_5,1,572,572,572,1
2026-09-03,18,10068,0,16,250_2,1,180,180,180,0
2026-09-03,18,10068,0,17,249_2,1,127,127,127,0
2026-09-03,18,10068,0,18,606_2,2,282,150,132,0
2026-09-03,18,10068,0,19,607_2,3,439,154,136,0
2026-09-03,18,10068,0,20,608_2,3,400,141,123,0
2026-09-03,18,10068,0,21,609_2,3,370,131,113,0
2026-09-03,18,10068,0,22,610_2,2,230,116,114,0
2026-09-03,18,10068,1,8,422_2,1,37,37,37,0
2026-09-03,18,10068,1,9,7217_1,2,82,43,39,0
2026-09-03,18,10068,1,10,752_1,3,68,36,0,0
2026-09-03,18,10068,1,11,216_1,3,38,21,0,0
2026-09-03,18,10068,1,24,608_1,1,542,542,542,1
2026-09-03,18,10068,1,25,607_1,1,524,524,524,1
2026-09-03,18,10068,1,26,606_1,2,1075,542,533,2
2026-09-03,18,10068,1,27,249_1,3,1357,474,437,3
2026-09-03,18,10068,1,28,250_1,3,1333,466,429,3
2026-09-03,18,10068,1,29,251_1,3,1219,428,391,3
2026-09-03,18,10069,0,1,3_1,1,5,5,5,0
2026-09-03,18,10069,0,2,73_1,2,73,58,15,0
2026-09-03,18,10072,0,24,752_2,1,889,889,889,1
2026-09-03,18,10072,0,25,7217_2,1,831,831,831,1
2026-09-03,18,10072,0,26,422_1,2,1721,862,859,2
2026-09-03,18,10072,0,27,421_1,3,2536,851,837,3
2026-09-03,18,10072,0,28,6163_1,3,2518,845,831,3
2026-09-03,18,10072,0,29,419_1,4,3419,892,834,4
2026-09-03,18,10072,1,31,57_1,1,1070,1070,1070,1
2026-09-03,18,10072,1,32,59_1,2,2040,1041,999,2
2026-09-03,18,10072,1,33,61_2,3,3036,1057,982,3
2026-09-03,19,10002,0,11,127_2,4,225,102,4,0
2026-09-03,19,10002,0,12,203_2,4,225,102,4,0
2026-09-03,19,10002,0,13,113_4,4,225,102,4,0
2026-09-03,19,10002,0,14,905_3,4,225,102,4,0
2026-09-03,19,10002,0,15,456_2,4,225,102,4,0
2026-09-03,19,10002,0,16,455_2,4,225,102,4,0
2026-09-03,19,10002,0,17,699_1,4,71,52,0,0
2026-09-03,19,10002,0,18,454_2,4,71,52,0,0
2026-09-03,19,10002,0,19,453_2,4,311,112,60,0
2026-09-03,19,10002,0,20,75_3,4,111,62,10,0
2026-09-03,19,10002,0,21,906_2,2,12,12,0,0
2026-09-03,19,10002,0,22,452_2,1,0,0,0,0
2026-09-03,19,10002,0,23,451_2,1,0,0,0,0
2026-09-03,19,10002,0,24,445_3,1,0,0,0,0
2026-09-03,19,10002,0,25,446_2,1,0,0,0,0
2026-09-03,19,10032,0,2,59_4,1,0,0,0,0
2026-09-03,19,10032,0,3,57_2,1,4,4,4,0
2026-09-03,19,10032,0,4,56_2,1,118,118,118,0
2026-09-03,19,10032,0,5,55_2,1,123,123,123,0
2026-09-03,19,10032,0,6,72_1,1,160,160,160,0
2026-09-03,19,10032,0,7,73_2,1,244,244,244,0
2026-09-03,19,10032,0,8,73_3,1,289,289,289,0
2026-09-03,19,10032,0,9,3_2,1,333,333,333,1
2026-09-03,19,10032,0,10,114_4,1,156,156,156,0
2026-09-03,19,10032,0,11,393_2,1,151,151,151,0
2026-09-03,19,10032,0,12,6070_3,1,153,153,153,0
2026-09-03,19,10032,0,13,6102_2,1,190,190,190,0
2026-09-03,19,10032,0,14,6069_2,2,440,222,218,0
2026-09-03,19,10032,0,15,6057_2,2,406,205,201,0
2026-09-03,19,10032,0,16,9_5,2,298,151,147,0
2026-09-03,19,10032,0,17,6241_2,2,415,214,201,0
2026-09-03,19,10032,0,18,6143_2,3,578,200,187,0
2026-09-03,19,10032,0,19,6166_2,3,633,219,206,0
2026-09-03,19,10032,0,20,446_4,7,2219,425,231,4
2026-09-03,19,10032,0,21,6161_2,8,2832,486,180,6
2026-09-03,19,10032,0,22,6001_2,8,3158,526,223,7
2026-09-03,19,10032,0,23,6160_2,8,3098,514,229,7
2026-09-03,19,10032,0,24,6162_2,8,3154,521,236,7
2026-09-03,19,10032,0,25,6041_2,8,3506,565,280,7
2026-09-03,19,10032,0,26,243_2,8,3474,561,276,7
2026-09-03,19,10032,0,27,6228_2,8,3602,577,292,7
2026-09-03,19,10032,0,28,95_2,8,3322,542,257,7
2026-09-03,19,10032,0,29,94_3,8,3218,529,244,7
2026-09-03,19,10032,0,30,93_2,8,3250,533,248,7
2026-09-03,19,10032,0,31,6016_2,8,3298,548,245,7
2026-09-03,19,10032,0,32,91_1,8,1836,477,0,4
2026-09-03,19,10032,0,33,6016_1,8,2164,518,41,4
2026-09-03,19,10032,0,34,93_1,8,2236,527,50,4
2026-09-03,19,10032,0,35,94_1,6,1352,463,69,2
2026-09-03,19,10032,0,36,6242_1,4,578,239,84,0
2026-09-03,19,10032,0,37,6064_1,4,512,230,65,0
2026-09-03,19,10032,0,38,6255_2,4,680,277,102,0
2026-09-03,19,10032,0,39,6256_2,4,801,306,136,1
2026-09-03,19,10032,0,40,6094_2,4,788,306,123,1
2026-09-03,19,10032,0,41,6244_2,4,732,292,109,0
2026-09-03,19,10032,0,42,6257_2,4,684,280,97,0
2026-09-03,19,10032,0,43,6240_2,4,864,325,142,1
2026-09-03,19,10032,0,44,6258_2,4,940,344,161,1
2026-09-03,19,10032,0,45,6225_2,4,888,331,148,1
2026-09-03,19,10032,0,46,6181_2,4,896,333,150,1
2026-09-03,19,10032,0,47,6246_2,4,1096,364,219,1
2026-09-03,19,10032,0,48,6206_2,4,1190,411,219,2
2026-09-03,19,10032,0,49,6176_2,4,1250,421,249,2
2026-09-03,19,10032,0,50,6200_3,4,1170,401,229,1
2026-09-03,19,10032,0,51,6042_2,4,1038,368,196,1
2026-09-03,19,10032,0,52,6031_2,4,862,324,152,1
2026-09-03,19,10032,0,53,6039_1,4,562,249,77,0
2026-09-03,19,10047,0,47,6039_1,1,312,312,312,1
2026-09-03,19,10049,0,9,6094_2,1,223,223,223,0
2026-09-03,19,10049,0,10,6244_2,1,209,209,209,0
2026-09-03,19,10049,0,11,6257_2,4,473,197,78,0
2026-09-03,19,10049,0,12,6240_2,4,653,242,123,0
2026-09-03,19,10049,0,13,6258_2,4,729,261,142,0
2026-09-03,19,10049,0,14,6225_2,4,677,248,129,0
2026-09-03,19,10049,0,15,6181_2,4,685,250,131,0
2026-09-03,19,10049,0,16,6246_2,4,885,281,190,0
2026-09-03,19,10049,0,17,6206_2,4,979,328,200,1
2026-09-03,19,10049,0,18,6176_2,4,1039,338,224,1
2026-09-03,19,10049,0,19,6200_3,4,959,318,204,1
2026-09-03,19,10049,0,20,6042_2,4,827,285,171,0
2026-09-03,19,10049,0,21,6031_2,4,651,241,127,0
2026-09-03,19,10049,0,22,6039_1,4,351,166,52,0
2026-09-03,19,10049,1,1,6039_1,1,0,0,0,0
2026-09-03,19,10049,1,2,6031_1,1,65,65,65,0
2026-09-03,19,10049,1,3,6042_1,1,29,29,29,0
2026-09-03,19,10049,1,4,6200_1,1,16,16,16,0
2026-09-03,19,10049,1,5,6176_1,1,28,28,28,0
2026-09-03,19,10049,1,6,6206_1,1,136,136,136,0
2026-09-03,19,10049,1,7,6246_1,1,172,172,172,0
2026-09-03,19,10049,1,8,6181_1,1,151,151,151,0
2026-09-03,19,10049,1,9,6225_1,1,136,136,136,0
2026-09-03,19,10049,1,10,6258_1,1,124,124,124,0
2026-09-03,19,10049,1,11,6240_1,1,102,102,102,0
2026-09-03,19,10049,1,12,6257_1,1,131,131,131,0
2026-09-03,19,10049,1,13,6244_1,1,126,126,126,0
2026-09-03,19,10049,1,14,6094_1,1,87,87,87,0
2026-09-03,19,10049,1,15,6256_1,1,66,66,66,0
2026-09-03,19,10049,1,16,6255_1,1,38,38,38,0
2026-09-03,19,10049,1,17,6064_2,1,47,47,47,0
2026-09-03,19,10049,1,18,6242_2,1,35,35,35,0
2026-09-03,19,10049,1,19,94_4,1,88,88,88,0
2026-09-03,19,10049,1,20,93_2,1,103,103,103,0
2026-09-03,19,10049,1,21,6016_2,1,100,100,100,0
2026-09-03,19,10049,1,22,91_1,1,149,149,149,0
2026-09-03,19,10050,0,12,6014_3,1,269,269,269,0
2026-09-03,19,10051,0,2,6016_1,2,228,117,111,0
2026-09-03,19,10051,0,3,93_1,2,246,126,120,0
2026-09-03,19,10051,0,4,6013_2,2,298,152,146,0
2026-09-03,19,10051,0,5,6212_2,2,332,169,163,0
2026-09-03,19,10051,0,6,6205_2,2,358,182,176,0
2026-09-03,19,10051,0,7,6187_3,2,376,190,186,0
2026-09-03,19,10051,0,8,6011_4,2,446,225,221,0
2026-09-03,19,10051,0,9,6017_2,2,482,243,239,0
2026-09-03,19,10051,0,10,6172_2,2,468,236,232,0
2026-09-03,19,10051,0,11,6067_2,2,486,245,241,0
2026-09-03,19,10051,0,12,6248_2,2,490,247,243,0
2026-09-03,19,10051,0,13,6249_2,2,462,233,229,0
2026-09-03,19,10051,0,14,6015_2,2,376,194,182,0
2026-09-03,19,10053,1,50,474_1,4,182,59,31,0
2026-09-03,19,10053,1,51,473_1,4,182,59,31,0
2026-09-03,19,10053,1,52,472_1,4,182,59,31,0
2026-09-03,19,10053,1,53,7471_1,4,182,59,31,0
2026-09-03,19,10053,1,54,39_1,4,182,59,31,0
2026-09-03,19,10053,1,55,40_1,4,182,59,31,0
2026-09-03,19,10053,1,56,21_1,4,154,59,3,0
2026-09-03,19,10053,1,57,42_1,4,151,59,0,0
2026-09-03,19,10053,1,58,43_1,4,173,59,11,0
2026-09-03,19,10053,1,59,44_1,4,183,59,16,0
2026-09-03,19,10053,1,60,18_1,4,63,59,0,0
2026-09-03,19,10053,1,61,17_1,4,63,59,0,0
2026-09-03,19,10053,1,62,16_1,4,63,59,0,0
2026-09-03,19,10053,1,63,15_1,4,63,59,0,0
2026-09-03,19,10053,1,64,14_1,4,63,59,0,0
2026-09-03,19,10053,1,65,448_1,4,63,59,0,0
2026-09-03,19,10053,1,66,447_1,4,63,59,0,0
2026-09-03,19,10053,1,67,6158_1,4,103,69,10,0
2026-09-03,19,10053,1,68,446_3,4,103,69,10,0
2026-09-03,19,10053,1,69,6166_1,4,79,63,4,0
2026-09-03,19,10053,1,70,6143_1,4,139,78,19,0
2026-09-03,19,10053,1,71,6241_1,4,135,77,18,0
2026-09-03,19,10053,1,72,9_1,4,135,77,18,0
2026-09-03,19,10059,1,3,6169_1,3,281,98,89,0
2026-09-03,19,10059,1,3,6290_1,2,244,138,106,0
2026-09-03,19,10059,1,4,6405_1,3,338,117,108,0
2026-09-03,19,10059,1,4,6106_1,2,189,111,78,0
2026-09-03,19,10059,1,5,6074_1,3,335,116,107,0
2026-09-03,19,10059,1,5,6134_1,2,143,88,55,0
2026-09-03,19,10059,1,6,6229_1,3,311,108,99,0
2026-09-03,19,10059,1,6,6196_1,2,179,106,73,0
2026-09-03,19,10059,1,7,6006_1,3,311,108,99,0
2026-09-03,19,10059,1,7,6263_1,2,205,119,86,0
2026-09-03,19,10059,1,8,6902_1,3,476,163,154,0
2026-09-03,19,10059,1,8,6260_1,2,207,121,86,0
2026-09-03,19,10059,1,9,6170_1,3,470,161,152,0
2026-09-03,19,10059,1,9,7475_1,2,43,39,4,0
2026-09-03,19,10059,1,10,7841_2,3,595,204,191,0
2026-09-03,19,10059,1,10,6260_2,2,149,92,57,0
2026-09-03,19,10059,1,11,91_3,1,0,0,0,0
2026-09-03,19,10059,1,11,6169_1,2,221,128,93,0
2026-09-03,19,10059,1,12,6405_1,2,259,147,112,0
2026-09-03,19,10059,1,13,6074_1,2,257,146,111,0
2026-09-03,19,10059,1,14,6229_1,2,241,138,103,0
2026-09-03,19,10059,1,15,6006_1,2,241,138,103,0
2026-09-03,19,10059,1,16,6902_1,2,351,193,158,0
2026-09-03,19,10059,1,17,6170_1,2,347,191,156,0
2026-09-03,19,10059,1,18,7841_2,2,433,234,199,0
2026-09-03,19,10059,1,19,91_3,2,107,71,36,0
2026-09-03,19,10060,1,6,6017_1,2,7,5,2,0
2026-09-03,19,10060,1,7,6011_1,2,19,11,8,0
2026-09-03,19,10060,1,8,6187_2,2,139,71,68,0
2026-09-03,19,10060,1,9,6205_1,2,111,57,54,0
2026-09-03,19,10060,1,10,6212_1,2,147,75,72,0
2026-09-03,19,10060,1,11,6013_1,2,123,63,60,0
2026-09-03,19,10060,1,12,94_2,1,0,0,0,0
2026-09-03,19,10060,1,13,95_1,1,0,0,0,0
2026-09-03,19,10060,1,14,6228_1,1,46,46,46,0
2026-09-03,19,10060,1,15,243_1,1,43,43,43,0
2026-09-03,19,10060,1,16,6041_1,1,68,68,68,0
2026-09-03,19,10060,1,17,6162_1,1,30,30,30,0
2026-09-03,19,10060,1,18,6160_1,1,57,57,57,0
2026-09-03,19,10060,1,19,6001_1,2,103,62,41,0
2026-09-03,19,10060,1,20,6161_1,2,75,47,28,0
2026-09-03,19,10060,1,21,446_3,2,121,70,51,0
2026-09-03,19,10060,1,22,6166_1,4,260,76,45,0
2026-09-03,19,10060,1,23,6143_1,5,376,91,56,0
2026-09-03,19,10060,1,24,6241_1,5,371,90,55,0
2026-09-03,19,10060,1,25,9_2,5,476,111,76,0
2026-09-03,19,10060,1,26,8_3,5,381,92,57,0
2026-09-03,19,10060,1,27,6_1,5,451,106,71,0
2026-09-03,19,10060,1,28,902_1,5,356,87,52,0
2026-09-03,19,10060,1,29,5_1,5,316,79,44,0
2026-09-03,19,10060,1,30,4_1,5,565,131,96,0
2026-09-03,19,10060,1,31,6059_1,5,821,184,146,0
2026-09-03,19,10060,1,32,3_1,5,821,184,146,0
2026-09-03,19,10060,1,33,73_1,8,1085,189,96,0
2026-09-03,19,10060,1,34,128_1,8,1867,289,196,0
2026-09-03,19,10060,1,35,114_5,8,612,213,0,0
2026-09-03,19,10061,0,10,8_1,4,949,264,205,0
2026-09-03,19,10061,0,11,9_5,4,621,182,123,0
2026-09-03,19,10061,0,12,6241_2,4,864,245,177,0
2026-09-03,19,10061,0,13,6143_2,4,790,222,163,0
2026-09-03,19,10061,0,14,6166_2,4,862,239,182,0
2026-09-03,19,10061,0,15,446_4,4,1461,401,318,4
2026-09-03,19,10061,0,16,6161_2,4,1709,462,381,4
2026-09-03,19,10061,0,17,6001_2,4,1872,502,424,4
2026-09-03,19,10061,0,18,6160_2,4,1842,490,430,4
2026-09-03,19,10061,0,19,6162_2,5,2351,497,437,5
2026-09-03,19,10061,0,20,6041_2,6,3008,541,437,6
2026-09-03,19,10061,0,21,243_2,8,3770,537,391,8
2026-09-03,19,10061,0,22,6228_2,8,3898,553,407,8
2026-09-03,19,10061,0,23,95_2,8,3618,518,372,8
2026-09-03,19,10061,0,24,94_3,8,3514,505,359,8
2026-09-03,19,10061,0,25,6013_2,7,3248,536,400,7
2026-09-03,19,10061,0,26,6212_2,7,3406,553,421,7
2026-09-03,19,10061,0,27,6205_2,8,4158,573,434,8
2026-09-03,19,10061,0,28,6187_3,8,4268,592,448,8
2026-09-03,19,10061,0,29,6011_4,9,5237,689,483,9
2026-09-03,19,10061,0,30,6017_2,12,7362,707,501,12
2026-09-03,19,10061,0,31,6172_2,12,7245,700,494,12
2026-09-03,19,10061,0,32,6067_2,12,7257,693,503,12
2026-09-03,19,10061,0,33,6248_2,12,7341,705,505,12
2026-09-03,19,10061,0,34,6249_2,12,7191,694,491,12
2026-09-03,19,10061,0,35,6015_2,11,6107,655,452,11
2026-09-03,19,10062,0,2,7841_4,2,71,55,16,0
2026-09-03,19,10062,0,3,6170_2,2,129,84,45,0
2026-09-03,19,10062,0,4,6902_2,2,171,105,66,0
2026-09-03,19,10062,0,5,6006_2,2,277,158,119,0
2026-09-03,19,10062,0,6,6229_2,2,271,155,116,0
2026-09-03,19,10062,0,7,6074_2,2,277,158,119,0
2026-09-03,19,10062,0,8,6169_2,2,163,101,62,0
2026-09-03,19,10062,0,9,6263_2,2,171,105,66,0
2026-09-03,19,10062,0,10,6196_2,2,167,103,64,0
2026-09-03,19,10062,0,11,6134_2,2,245,142,103,0
2026-09-03,19,10062,0,12,6106_2,2,247,143,104,0
2026-09-03,19,10062,0,13,6020_9,2,285,162,123,0
2026-09-03,19,10062,0,14,6019_1,2,34,34,0,0
2026-09-03,19,10067,0,37,421_3,4,325,110,58,0
2026-09-03,19,10067,0,38,422_2,4,325,110,58,0
2026-09-03,19,10067,0,39,423_2,4,325,110,58,0
2026-09-03,19,10067,0,40,424_2,4,325,110,58,0
2026-09-03,19,10067,0,41,425_1,4,565,170,118,0
2026-09-03,19,10067,0,42,426_2,4,805,230,178,0
2026-09-03,19,10067,0,43,6168_2,4,805,230,178,0
2026-09-03,19,10067,0,44,6112_2,4,805,230,178,0
2026-09-03,19,10067,0,45,6180_2,4,805,230,178,0
2026-09-03,19,10067,0,46,6035_2,4,805,230,178,0
2026-09-03,19,10067,0,47,6079_1,4,805,230,178,0
2026-09-03,19,10068,0,5,3_3,2,1422,800,622,2
2026-09-03,19,10068,0,6,4_3,2,1626,902,724,2
2026-09-03,19,10068,0,7,254_2,2,1526,852,674,2
2026-09-03,19,10068,0,8,53_3,2,1420,799,621,2
2026-09-03,19,10068,0,9,253_2,2,1372,775,597,2
2026-09-03,19,10068,0,10,186_2,2,1370,774,596,2
2026-09-03,19,10068,0,11,252_2,2,1578,878,700,2
2026-09-03,19,10068,0,12,150_2,2,1600,889,711,2
2026-09-03,19,10068,0,13,151_2,2,1614,896,718,2
2026-09-03,19,10068,0,14,152_3,2,1520,849,671,2
2026-09-03,19,10068,0,15,251_2,2,1508,843,665,2
2026-09-03,19,10068,0,16,250_2,2,1478,820,658,2
2026-09-03,19,10068,0,17,249_2,2,1331,767,564,2
2026-09-03,19,10068,0,18,606_2,3,1975,790,587,3
2026-09-03,19,10068,0,19,607_2,4,2576,794,589,4
2026-09-03,19,10068,0,20,608_2,4,2521,781,573,4
2026-09-03,19,10068,0,21,609_2,4,2477,771,559,4
2026-09-03,19,10068,0,22,610_2,6,2752,774,129,4
2026-09-03,19,10068,0,23,765_2,8,3278,811,151,4
2026-09-03,19,10068,0,24,7717_2,8,3478,836,176,4
2026-09-03,19,10068,0,25,6023_1,8,3646,857,197,4
2026-09-03,19,10068,0,26,210_2,8,4318,941,281,5
2026-09-03,19,10068,0,27,211_2,8,4238,931,271,4
2026-09-03,19,10068,0,28,212_2,8,4766,997,337,8
2026-09-03,19,10068,0,29,615_2,8,5134,1043,383,8
2026-09-03,19,10068,0,30,7213_2,8,5214,1053,393,8
2026-09-03,19,10068,0,31,214_2,8,4308,948,277,5
2026-09-03,19,10068,0,32,215_2,8,4310,958,274,5
2026-09-03,19,10068,0,33,216_2,8,4766,1002,320,8
2026-09-03,19,10068,0,34,752_2,8,4566,973,307,8
2026-09-03,19,10068,0,35,7217_2,8,4028,915,224,4
2026-09-03,19,10068,0,36,422_1,8,4272,946,255,6
2026-09-03,19,10068,0,37,421_1,8,4694,995,304,8
2026-09-03,19,10068,0,38,6163_1,8,4680,989,298,7
2026-09-03,19,10068,0,39,419_1,8,4704,992,301,8
2026-09-03,19,10068,0,40,418_1,8,5144,1047,356,8
2026-09-03,19,10068,0,41,440_1,8,5184,1053,362,8
2026-09-03,19,10068,0,42,6236_1,8,5800,1130,439,8
2026-09-03,19,10068,0,43,6109_1,7,3942,856,335,7
2026-09-03,19,10068,1,12,215_1,4,50,21,0,0
2026-09-03,19,10068,1,13,214_1,4,54,22,1,0
2026-09-03,19,10068,1,14,7213_1,4,54,22,1,0
2026-09-03,19,10068,1,15,615_1,4,270,76,55,0
2026-09-03,19,10068,1,16,212_1,4,418,113,92,0
2026-09-03,19,10068,1,17,211_1,4,638,168,147,0
2026-09-03,19,10068,1,18,210_1,4,574,152,131,0
2026-09-03,19,10068,1,19,6023_3,4,1434,367,346,4
2026-09-03,19,10068,1,20,7717_1,4,1478,378,357,4
2026-09-03,19,10068,1,21,765_1,4,1742,444,423,4
2026-09-03,19,10068,1,22,610_1,4,1426,365,344,4
2026-09-03,19,10068,1,23,609_1,4,1454,372,351,4
2026-09-03,19,10068,1,24,608_1,3,1262,428,411,3
2026-09-03,19,10068,1,25,607_1,4,1624,412,395,4
2026-09-03,19,10068,1,26,606_1,3,1271,431,419,3
2026-09-03,19,10068,1,27,249_1,4,1335,354,323,4
2026-09-03,19,10068,1,28,250_1,4,1339,382,315,4
2026-09-03,19,10068,1,29,251_1,5,1671,484,277,2
2026-09-03,19,10068,1,30,152_2,8,3322,538,331,8
2026-09-03,19,10068,1,31,151_1,8,3674,582,375,8
2026-09-03,19,10068,1,32,150_1,8,3586,571,364,8
2026-09-03,19,10068,1,33,252_1,8,4162,643,436,8
2026-09-03,19,10068,1,34,186_1,8,3594,572,365,8
2026-09-03,19,10068,1,35,253_1,8,3882,608,401,8
2026-09-03,19,10068,1,36,53_1,8,4554,692,485,8
2026-09-03,19,10068,1,37,254_1,8,4482,683,476,8
2026-09-03,19,10068,1,38,4_4,8,4274,657,450,8
2026-09-03,19,10068,1,39,6059_1,8,3938,615,408,8
2026-09-03,19,10068,1,40,3_1,8,4418,675,468,8
2026-09-03,19,10068,1,41,73_1,8,4018,625,418,8
2026-09-03,19,10068,1,42,128_1,8,4800,725,509,8
2026-09-03,19,10068,1,43,114_5,8,2582,477,202,5
2026-09-03,19,10069,0,3,128_1,2,273,158,115,0
2026-09-03,19,10069,0,4,114_5,1,0,0,0,0
2026-09-03,19,10069,0,5,3_3,1,228,228,228,0
2026-09-03,19,10069,0,6,4_3,1,330,330,330,1
2026-09-03,19,10069,0,7,254_2,1,280,280,280,0
2026-09-03,19,10069,0,8,53_3,1,227,227,227,0
2026-09-03,19,10069,0,9,253_2,1,203,203,203,0
2026-09-03,19,10069,0,10,186_2,1,202,202,202,0
2026-09-03,19,10069,0,11,252_2,1,306,306,306,1
2026-09-03,19,10069,0,12,150_2,1,317,317,317,1
2026-09-03,19,10069,0,13,151_2,1,324,324,324,1
2026-09-03,19,10069,0,14,152_3,1,277,277,277,0
2026-09-03,19,10069,0,15,251_2,1,271,271,271,0
2026-09-03,19,10069,0,16,250_2,1,264,264,264,0
2026-09-03,19,10069,0,17,249_2,1,170,170,170,0
2026-09-03,19,10069,0,18,606_2,1,204,204,204,0
2026-09-03,19,10069,0,19,607_2,2,403,208,195,0
2026-09-03,19,10069,0,20,608_2,2,374,195,179,0
2026-09-03,19,10069,0,21,609_2,2,350,185,165,0
2026-09-03,19,10069,0,22,610_2,2,356,188,168,0
2026-09-03,19,10069,0,23,765_2,2,430,225,205,0
2026-09-03,19,10069,0,24,7717_2,2,480,250,230,0
2026-09-03,19,10069,0,25,6023_1,2,522,271,251,0
2026-09-03,19,10069,0,26,210_2,2,690,355,335,2
2026-09-03,19,10069,0,27,211_2,2,670,345,325,2
2026-09-03,19,10069,0,28,212_2,2,802,411,391,2
2026-09-03,19,10069,0,29,615_2,2,894,457,437,2
2026-09-03,19,10069,0,30,7213_2,2,914,467,447,2
2026-09-03,19,10069,0,31,214_3,2,914,467,447,2
2026-09-03,19,10072,0,30,418_1,4,3639,947,889,4
2026-09-03,19,10072,0,31,440_1,4,3659,949,895,4
2026-09-03,19,10072,0,32,6236_1,4,3967,1026,972,4
2026-09-03,19,10072,0,33,6109_1,4,3551,922,868,4
2026-09-03,20,10032,0,35,94_1,2,1036,546,490,2
2026-09-03,20,10032,0,36,6242_1,4,2016,604,429,4
2026-09-03,20,10032,0,37,6064_1,4,1950,595,410,4
2026-09-03,20,10032,0,38,6255_2,4,2118,642,447,4
2026-09-03,20,10032,0,39,6256_2,4,2239,671,481,4
2026-09-03,20,10032,0,40,6094_2,4,2226,671,468,4
2026-09-03,20,10032,0,41,6244_2,4,2170,657,454,4
2026-09-03,20,10032,0,42,6257_2,4,2122,645,442,4
2026-09-03,20,10032,0,43,6240_2,4,2302,690,487,4
2026-09-03,20,10032,0,44,6258_2,4,2378,709,506,4
2026-09-03,20,10032,0,45,6225_2,4,2326,696,493,4
2026-09-03,20,10032,0,46,6181_2,4,2334,698,495,4
2026-09-03,20,10032,0,47,6246_2,4,2534,729,564,4
2026-09-03,20,10032,0,48,6206_2,4,2628,776,564,4
2026-09-03,20,10032,0,49,6176_2,4,2688,786,594,4
2026-09-03,20,10032,0,50,6200_3,4,2608,766,574,4
2026-09-03,20,10032,0,51,6042_2,4,2476,733,541,4
2026-09-03,20,10032,0,52,6031_2,4,2300,689,497,4
2026-09-03,20,10032,0,53,6039_1,4,2000,614,422,4
2026-09-03,20,10068,0,43,6109_1,1,1026,1026,1026,1
