date,hour,route_id,direction_id,stop_sequence,stop_id,n_obs,sum_delay,max_delay,min_delay,n_late5
2026-10-03,6,10032,1,1,91_4,1,0,0,0,0
2026-10-03,6,10032,1,2,6016_1,2,115,62,53,0
2026-10-03,6,10032,1,3,93_1,2,69,39,30,0
2026-10-03,6,10032,1,4,94_2,3,280,99,90,0
2026-10-03,6,10032,1,5,95_1,3,301,106,97,0
2026-10-03,6,10032,1,6,6228_1,4,342,114,17,0
2026-10-03,6,10032,1,7,243_1,5,377,111,14,0
2026-10-03,6,10032,1,8,6041_1,5,512,138,41,0
2026-10-03,6,10032,1,9,6162_1,5,322,100,3,0
2026-10-03,6,10032,1,10,6160_1,6,386,101,4,0
2026-10-03,6,10032,1,11,6001_1,6,542,127,30,0
2026-10-03,6,10032,1,12,6161_1,7,495,106,9,0
2026-10-03,6,10032,1,13,446_3,7,488,105,8,0
2026-10-03,6,10032,1,14,6166_1,9,587,98,1,0
2026-10-03,6,10032,1,15,6143_1,9,587,98,1,0
2026-10-03,6,10032,1,16,6241_1,3,91,56,1,0
2026-10-03,6,10045,0,1,9_1,2,22,22,0,0
2026-10-03,6,10045,0,2,6241_2,3,94,64,4,0
2026-10-03,6,10045,0,3,6143_2,3,220,106,46,0
2026-10-03,6,10045,0,4,6166_2,3,103,67,7,0
2026-10-03,6,10045,0,5,446_4,3,47,26,0,0
2026-10-03,6,10045,0,6,6161_2,2,0,0,0,0
2026-10-03,6,10045,0,7,6001_2,3,99,65,17,0
2026-10-03,6,10045,0,8,6160_2,3,78,58,10,0
2026-10-03,6,10045,0,9,6162_2,3,57,51,3,0
2026-10-03,6,10045,0,10,6041_2,4,129,63,15,0
2026-10-03,6,10045,0,11,243_2,4,85,52,4,0
2026-10-03,6,10045,0,12,97_3,4,85,52,4,0
2026-10-03,6,10045,0,13,96_2,5,149,64,4,0
2026-10-03,6,10045,0,14,95_2,6,230,81,4,0
2026-10-03,6,10045,0,15,94_3,7,390,97,20,0
2026-10-03,6,10045,0,16,93_2,8,529,139,20,0
2026-10-03,6,10045,0,17,6016_2,9,507,133,14,0
2026-10-03,6,10045,0,18,91_1,10,1205,193,74,0
2026-10-03,6,10045,0,19,6016_1,10,1305,203,84,0
2026-10-03,6,10045,0,20,93_1,11,1228,180,61,0
2026-10-03,6,10045,0,21,94_1,12,1331,180,61,0
2026-10-03,6,10045,0,22,6242_1,13,1490,180,61,0
2026-10-03,6,10045,0,23,6064_1,13,1490,180,61,0
2026-10-03,6,10045,0,24,6255_2,14,2458,240,121,0
2026-10-03,6,10045,0,25,6256_2,15,2622,240,121,0
2026-10-03,6,10045,0,26,6094_2,15,2622,240,121,0
2026-10-03,6,10045,0,27,6244_2,15,2622,240,121,0
2026-10-03,6,10045,0,28,6257_2,16,2720,240,98,0
2026-10-03,6,10045,0,29,6240_2,15,3380,279,158,0
2026-10-03,6,10045,0,30,6258_2,9,1835,229,158,0
2026-10-03,6,10045,0,31,6225_2,3,394,158,118,0
2026-10-03,6,10045,0,32,6181_2,2,236,118,118,0
2026-10-03,6,10047,1,1,6039_1,1,0,0,0,0
2026-10-03,6,10047,1,2,6031_1,4,48,19,0,0
2026-10-03,6,10047,1,3,6042_1,4,48,19,0,0
2026-10-03,6,10047,1,4,6200_1,4,48,19,0,0
2026-10-03,6,10050,0,1,91_4,2,0,0,0,0
2026-10-03,6,10050,0,2,6016_1,4,63,53,0,0
2026-10-03,6,10050,0,3,93_1,6,124,55,0,0
2026-10-03,6,10050,0,4,6013_2,6,508,123,60,0
2026-10-03,6,10050,0,5,6212_2,7,443,91,42,0
2026-10-03,6,10050,0,6,6205_2,8,566,100,57,0
2026-10-03,6,10050,0,7,6187_3,8,322,65,20,0
2026-10-03,6,10050,0,8,6011_2,10,716,128,20,0
2026-10-03,6,10050,0,9,6018_2,10,511,87,20,0
2026-10-03,6,10050,0,10,6190_2,11,681,99,30,0
2026-10-03,6,10050,0,11,6171_2,11,387,73,11,0
2026-10-03,6,10050,0,12,6014_3,7,232,73,0,0
2026-10-03,6,10050,1,1,6014_1,1,29,29,29,0
2026-10-03,6,10050,1,2,6171_1,1,39,39,39,0
2026-10-03,6,10050,1,3,6190_1,1,39,39,39,0
2026-10-03,6,10050,1,4,6018_1,1,39,39,39,0
2026-10-03,6,10050,1,5,6011_3,2,59,39,20,0
2026-10-03,6,10050,1,6,6187_2,3,65,39,6,0
2026-10-03,6,10050,1,7,6205_1,4,57,35,2,0
2026-10-03,6,10050,1,8,6212_1,4,65,37,4,0
2026-10-03,6,10050,1,9,6013_1,4,21,20,0,0
2026-10-03,6,10050,1,10,93_2,4,89,37,17,0
2026-10-03,6,10051,1,2,6249_1,1,41,41,41,0
2026-10-03,6,10051,1,3,6248_1,2,71,38,33,0
2026-10-03,6,10051,1,4,6067_1,2,35,33,2,0
2026-10-03,6,10051,1,5,6172_1,4,63,33,4,0
2026-10-03,6,10051,1,6,6017_1,4,61,33,4,0
2026-10-03,6,10051,1,7,6011_1,5,60,33,0,0
2026-10-03,6,10051,1,8,6187_2,7,202,45,4,0
2026-10-03,6,10051,1,9,6205_1,8,219,40,4,0
2026-10-03,6,10051,1,10,6212_1,8,234,43,4,0
2026-10-03,6,10051,1,11,6013_1,8,139,33,4,0
2026-10-03,6,10051,1,12,93_2,10,333,52,4,0
2026-10-03,6,10051,1,13,6016_2,10,304,53,4,0
2026-10-03,6,10051,1,14,91_4,10,904,113,64,0
2026-10-03,6,10059,0,1,91_3,1,0,0,0,0
2026-10-03,6,10059,0,2,7841_4,2,10,10,0,0
2026-10-03,6,10059,0,3,6170_2,2,250,130,120,0
2026-10-03,6,10059,0,4,6902_2,2,250,130,120,0
2026-10-03,6,10059,0,5,6006_2,3,518,190,148,0
2026-10-03,6,10059,0,6,6229_2,3,518,190,148,0
2026-10-03,6,10059,0,7,6074_2,4,647,190,129,0
2026-10-03,6,10059,0,8,6169_2,4,647,190,129,0
2026-10-03,6,10059,0,9,6260_1,5,702,190,55,0
2026-10-03,6,10059,0,10,7475_3,3,199,72,55,0
2026-10-03,6,10059,0,11,6260_2,1,55,55,55,0
2026-10-03,6,10059,1,1,6019_1,1,0,0,0,0
2026-10-03,6,10059,1,2,6020_1,3,45,36,0,0
2026-10-03,6,10059,1,3,6106_1,4,65,33,0,0
2026-10-03,6,10059,1,4,6134_1,5,60,29,0,0
2026-10-03,6,10059,1,5,6196_1,7,130,30,0,0
2026-10-03,6,10059,1,6,6263_1,8,90,29,0,0
2026-10-03,6,10059,1,7,6260_1,4,57,29,0,0
2026-10-03,6,10059,1,8,7475_1,5,2464,509,480,5
2026-10-03,6,10059,1,9,6260_2,6,2468,509,4,5
2026-10-03,6,10059,1,10,6169_1,6,2468,509,4,5
2026-10-03,6,10059,1,11,6405_1,7,2553,519,14,5
2026-10-03,6,10059,1,12,6074_1,7,2553,519,14,5
2026-10-03,6,10059,1,13,6229_1,7,2553,519,14,5
2026-10-03,6,10059,1,14,6006_1,8,2559,519,6,5
2026-10-03,6,10059,1,15,6902_1,9,2670,529,16,5
2026-10-03,6,10059,1,16,6170_1,9,2670,529,16,5
2026-10-03,6,10059,1,17,7841_2,10,3328,589,76,5
2026-10-03,6,10059,1,18,91_3,10,3328,589,76,5
2026-10-03,6,10060,0,1,9_1,2,76,76,0,0
2026-10-03,6,10060,0,2,6241_2,2,76,76,0,0
2026-10-03,6,10060,0,2,73_1,2,0,0,0,0
2026-10-03,6,10060,0,3,6143_2,2,196,136,60,0
2026-10-03,6,10060,0,4,6166_2,3,328,136,60,0
2026-10-03,6,10060,0,5,446_4,3,328,136,60,0
2026-10-03,6,10060,0,6,6161_2,3,328,136,60,0
2026-10-03,6,10060,0,7,6001_2,4,381,146,23,0
2026-10-03,6,10060,0,8,6160_2,5,411,146,23,0
2026-10-03,6,10060,0,9,6162_2,5,411,146,23,0
2026-10-03,6,10060,0,10,6041_2,5,711,206,83,0
2026-10-03,6,10060,0,11,243_2,5,711,206,83,0
2026-10-03,6,10060,0,12,6228_2,6,743,206,32,0
2026-10-03,6,10060,0,13,95_2,6,1103,266,92,0
2026-10-03,6,10060,0,14,94_3,7,1559,326,96,2
2026-10-03,6,10060,0,15,6013_2,7,1979,386,156,3
2026-10-03,6,10060,0,16,6212_2,8,2047,386,68,3
2026-10-03,6,10060,0,17,6205_2,8,2047,386,68,3
2026-10-03,6,10060,0,18,6187_3,8,2047,386,68,3
2026-10-03,6,10060,0,19,6011_4,8,2047,386,68,3
2026-10-03,6,10060,0,20,6017_2,9,2058,386,11,3
2026-10-03,6,10060,0,21,6172_2,9,2058,386,11,3
2026-10-03,6,10060,0,22,6067_2,10,2606,446,8,5
2026-10-03,6,10060,0,23,6248_2,10,2606,446,8,5
2026-10-03,6,10060,0,24,6249_2,11,2633,446,8,5
2026-10-03,6,10060,0,25,6015_2,11,2058,386,0,3
2026-10-03,6,10060,1,1,6015_1,1,0,0,0,0
2026-10-03,6,10060,1,2,6249_1,1,45,45,45,0
2026-10-03,6,10060,1,3,6248_1,2,83,44,39,0
2026-10-03,6,10060,1,4,6067_1,3,16,11,0,0
2026-10-03,6,10060,1,5,6172_1,4,81,37,0,0
2026-10-03,6,10060,1,6,6017_1,4,45,19,0,0
2026-10-03,6,10060,1,7,6011_1,6,41,15,0,0
2026-10-03,6,10060,1,8,6187_2,8,303,46,31,0
2026-10-03,6,10060,1,9,6205_1,8,255,42,24,0
2026-10-03,6,10060,1,10,6212_1,11,372,44,26,0
2026-10-03,6,10060,1,11,6013_1,9,170,34,0,0
2026-10-03,6,10060,1,12,94_2,4,306,94,60,0
2026-10-03,6,10060,1,13,95_1,4,306,94,60,0
2026-10-03,6,10060,1,14,6228_1,4,306,94,60,0
2026-10-03,6,10060,1,15,243_1,5,325,94,19,0
2026-10-03,6,10060,1,16,6041_1,5,375,104,29,0
2026-10-03,6,10060,1,17,6162_1,5,375,104,29,0
2026-10-03,6,10060,1,18,6160_1,6,380,104,5,0
2026-10-03,6,10060,1,19,6001_1,6,740,164,65,0
2026-10-03,6,10060,1,20,6161_1,6,1100,224,125,0
2026-10-03,6,10060,1,21,446_3,7,1955,344,135,4
2026-10-03,6,10060,1,22,6166_1,8,1971,344,16,4
2026-10-03,6,10060,1,23,6143_1,8,1971,344,16,4
2026-10-03,6,10060,1,24,6241_1,9,1983,344,12,4
2026-10-03,6,10060,1,25,9_2,8,1535,284,0,0
2026-10-03,6,10060,1,26,8_3,9,2086,344,60,4
2026-10-03,6,10060,1,27,6_1,9,2086,344,60,4
2026-10-03,6,10060,1,28,902_1,10,2109,344,23,4
2026-10-03,6,10060,1,29,5_1,10,2709,404,83,6
2026-10-03,6,10060,1,30,4_1,7,1188,329,25,2
2026-10-03,6,10060,1,31,6059_1,5,854,255,85,0
2026-10-03,6,10060,1,32,3_1,5,548,191,16,0
2026-10-03,6,10060,1,33,73_1,2,16,16,0,0
2026-10-03,6,10067,0,3,216_2,1,67,67,67,0
2026-10-03,6,10067,0,4,752_2,1,67,67,67,0
2026-10-03,6,10067,0,5,7217_2,1,127,127,127,0
2026-10-03,6,10067,0,6,422_1,2,257,187,70,0
2026-10-03,6,10067,0,7,421_3,3,440,247,63,0
2026-10-03,6,10067,0,8,422_2,5,556,247,35,0
2026-10-03,6,10067,0,9,423_2,5,856,307,95,1
2026-10-03,6,10067,0,10,424_2,5,856,307,95,1
2026-10-03,6,10067,0,11,425_1,6,1299,367,143,1
2026-10-03,6,10067,0,12,426_2,7,1432,367,133,1
2026-10-03,6,10067,0,13,6168_2,7,1432,367,133,1
2026-10-03,6,10067,0,14,6112_2,8,1513,367,81,1
2026-10-03,6,10067,0,15,6180_2,9,1573,367,60,1
2026-10-03,6,10067,0,16,6035_2,9,1573,367,60,1
2026-10-03,6,10067,0,17,6079_1,10,1623,367,50,1
2026-10-03,6,10069,1,1,214_3,1,0,0,0,0
2026-10-03,6,10069,1,2,7213_1,1,0,0,0,0
2026-10-03,6,10069,1,3,615_1,2,31,21,10,0
2026-10-03,6,10069,1,4,212_1,3,272,121,70,0
2026-10-03,6,10069,1,5,211_1,4,356,121,70,0
2026-10-03,6,10069,1,6,210_1,4,356,121,70,0
2026-10-03,6,10069,1,7,6023_3,5,397,121,41,0
2026-10-03,6,10069,1,8,7717_1,6,484,121,41,0
2026-10-03,6,10069,1,9,765_1,6,484,121,41,0
2026-10-03,6,10069,1,10,610_1,6,484,121,41,0
2026-10-03,6,10069,1,11,609_1,7,486,121,2,0
2026-10-03,6,10069,1,12,608_1,7,556,131,12,0
2026-10-03,6,10069,1,13,607_1,8,623,131,12,0
2026-10-03,6,10069,1,14,606_1,9,687,131,12,0
2026-10-03,6,10069,1,15,249_1,10,768,131,12,0
2026-10-03,6,10069,1,16,250_1,10,768,131,12,0
2026-10-03,6,10069,1,17,251_1,11,1430,191,62,0
2026-10-03,6,10069,1,18,152_2,12,1476,191,46,0
2026-10-03,6,10069,1,19,151_1,12,1596,201,56,0
2026-10-03,6,10069,1,20,150_1,13,1683,201,56,0
2026-10-03,6,10069,1,21,252_1,14,1737,201,54,0
2026-10-03,6,10069,1,22,186_1,15,1833,201,54,0
2026-10-03,6,10069,1,23,253_1,16,2804,261,71,0
2026-10-03,6,10069,1,24,53_1,17,2885,261,71,0
2026-10-03,6,10069,1,25,254_1,17,2885,261,71,0
2026-10-03,6,10069,1,26,4_4,18,2977,261,71,0
2026-10-03,6,10069,1,27,6059_1,18,5137,381,191,9
2026-10-03,6,10069,1,28,3_1,19,7488,501,191,18
2026-10-03,6,10069,1,29,73_1,19,7109,467,122,17
2026-10-03,6,10069,1,30,128_1,7,1987,356,122,5
2026-10-03,6,10069,1,31,114_5,1,128,128,128,0
2026-10-03,6,10070,1,1,421_3,1,0,0,0,0
2026-10-03,6,10070,1,2,422_2,2,8,8,0,0
2026-10-03,6,10070,1,3,7217_1,3,20,12,0,0
2026-10-03,6,10070,1,4,752_1,3,200,72,60,0
2026-10-03,6,10070,1,5,216_1,4,255,72,55,0
2026-10-03,6,10070,1,6,215_1,4,255,72,55,0
2026-10-03,6,10070,1,7,214_1,4,255,72,55,0
2026-10-03,6,10070,1,8,7213_1,5,273,72,18,0
2026-10-03,6,10070,1,9,615_1,5,523,122,68,0
2026-10-03,6,10070,1,10,212_1,6,710,145,72,0
2026-10-03,6,10070,1,11,211_1,7,1094,187,114,0
2026-10-03,6,10070,1,12,210_1,7,499,102,29,0
2026-10-03,6,10070,1,13,6023_3,8,906,148,75,0
2026-10-03,6,10070,1,14,7717_1,9,812,127,54,0
2026-10-03,6,10070,1,15,765_1,11,1158,147,74,0
2026-10-03,6,10070,1,16,610_1,8,183,59,0,0
2026-10-03,6,10072,1,2,6236_2,2,6,6,0,0
2026-10-03,6,10072,1,3,440_2,2,6,6,0,0
2026-10-03,6,10072,1,4,418_2,3,53,47,0,0
2026-10-03,6,10072,1,5,419_2,4,393,160,60,0
2026-10-03,6,10072,1,6,6163_2,4,393,160,60,0
2026-10-03,6,10072,1,7,421_2,4,393,160,60,0
2026-10-03,6,10072,1,8,422_2,5,341,107,54,0
2026-10-03,6,10080,1,1,6079_1,1,0,0,0,0
2026-10-03,6,10080,1,2,6035_1,2,10,10,0,0
2026-10-03,6,10080,1,3,6180_1,2,130,70,60,0
2026-10-03,6,10080,1,4,6112_1,4,430,150,60,0
2026-10-03,6,10080,1,5,6168_1,4,430,150,60,0
2026-10-03,6,10080,1,6,426_1,2,130,70,60,0
2026-10-03,7,10002,1,1,446_1,1,3,3,3,0
2026-10-03,7,10031,0,1,3_1,2,7,7,0,0
2026-10-03,7,10031,0,2,73_1,3,14,12,0,0
2026-10-03,7,10031,0,3,128_1,2,4,4,0,0
2026-10-03,7,10031,0,4,114_5,3,165,93,34,0
2026-10-03,7,10031,0,5,114_4,4,893,273,188,0
2026-10-03,7,10031,0,6,393_2,4,893,273,188,0
2026-10-03,7,10031,0,7,6070_3,5,944,282,24,0
2026-10-03,7,10031,0,8,6102_2,7,1011,272,0,0
2026-10-03,7,10031,0,9,6069_2,8,1115,289,17,0
2026-10-03,7,10031,0,10,6057_2,6,940,253,0,0
2026-10-03,7,10031,0,11,9_5,6,1058,258,0,0
2026-10-03,7,10031,0,12,6241_2,7,1108,258,15,0
2026-10-03,7,10031,0,13,6143_2,7,999,244,0,0
2026-10-03,7,10031,0,14,6166_2,9,1050,219,1,0
2026-10-03,7,10031,0,15,446_4,9,801,179,0,0
2026-10-03,7,10031,0,16,6161_2,10,989,186,0,0
2026-10-03,7,10031,0,17,6001_2,11,1259,214,17,0
2026-10-03,7,10031,0,18,6160_2,11,933,179,0,0
2026-10-03,7,10031,0,19,6162_2,10,752,152,0,0
2026-10-03,7,10031,0,20,6041_2,11,1192,187,35,0
2026-10-03,7,10031,0,21,243_2,13,1053,161,9,0
2026-10-03,7,10031,0,22,6228_2,13,1057,162,12,0
2026-10-03,7,10031,0,23,95_2,16,829,155,5,0
2026-10-03,7,10031,0,24,94_3,16,1175,169,19,0
2026-10-03,7,10031,0,25,93_2,14,526,124,0,0
2026-10-03,7,10031,0,26,6016_2,14,435,120,0,0
2026-10-03,7,10031,0,27,91_1,4,60,34,0,0
2026-10-03,7,10031,0,28,6016_1,4,268,86,52,0
2026-10-03,7,10031,0,29,93_1,9,519,89,28,0
2026-10-03,7,10031,0,30,94_1,10,1109,144,83,0
2026-10-03,7,10031,0,31,6242_1,11,1265,146,84,0
2026-10-03,7,10031,0,32,6064_1,12,1042,127,51,0
2026-10-03,7,10031,0,33,6255_2,15,1854,222,87,0
2026-10-03,7,10031,0,34,6256_2,15,2044,244,92,0
2026-10-03,7,10031,0,35,6094_2,17,1880,250,62,0
2026-10-03,7,10031,0,36,6244_2,16,1238,222,21,0
2026-10-03,7,10031,0,37,6257_2,16,759,155,4,0
2026-10-03,7,10031,0,38,6240_2,16,1143,179,28,0
2026-10-03,7,10031,0,39,6258_2,16,1016,102,34,0
2026-10-03,7,10031,0,40,6225_2,11,393,50,16,0
2026-10-03,7,10032,0,1,61_1,1,0,0,0,0
2026-10-03,7,10032,0,2,59_4,2,12,12,0,0
2026-10-03,7,10032,0,3,57_2,3,129,117,0,0
2026-10-03,7,10032,0,4,56_2,4,225,117,0,0
2026-10-03,7,10032,0,5,55_2,4,465,177,60,0
2026-10-03,7,10032,0,6,72_1,5,1035,330,120,1
2026-10-03,7,10032,0,7,73_2,6,1271,330,120,1
2026-10-03,7,10032,0,8,73_3,7,1479,330,120,1
2026-10-03,7,10032,0,9,3_2,7,1479,330,120,1
2026-10-03,7,10032,0,11,393_2,1,69,69,69,0
2026-10-03,7,10032,1,1,6039_1,1,0,0,0,0
2026-10-03,7,10032,1,2,6031_1,1,54,54,54,0
2026-10-03,7,10032,1,3,6042_1,1,48,48,48,0
2026-10-03,7,10032,1,4,6200_1,2,45,29,16,0
2026-10-03,7,10032,1,5,6176_1,3,166,73,40,0
2026-10-03,7,10032,1,6,6206_1,3,205,86,53,0
2026-10-03,7,10032,1,7,6246_1,3,277,110,77,0
2026-10-03,7,10032,1,8,6181_1,4,270,90,53,0
2026-10-03,7,10032,1,9,6225_1,5,217,72,19,0
2026-10-03,7,10032,1,10,6258_1,5,110,50,0,0
2026-10-03,7,10032,1,11,6240_1,5,78,42,0,0
2026-10-03,7,10032,1,12,6257_1,5,218,70,28,0
2026-10-03,7,10032,1,13,6244_1,5,318,90,48,0
2026-10-03,7,10032,1,14,6094_1,5,113,49,7,0
2026-10-03,7,10032,1,15,6256_1,5,58,37,0,0
2026-10-03,7,10032,1,16,6241_1,7,593,98,71,0
2026-10-03,7,10032,1,16,6255_1,3,8,8,0,0
2026-10-03,7,10032,1,17,9_2,11,599,93,0,0
2026-10-03,7,10032,1,17,6064_2,4,68,22,14,0
2026-10-03,7,10032,1,18,6057_1,11,599,93,0,0
2026-10-03,7,10032,1,18,6242_2,4,6,5,0,0
2026-10-03,7,10032,1,19,6069_1,12,648,93,0,0
2026-10-03,7,10032,1,19,94_4,5,49,43,0,0
2026-10-03,7,10032,1,20,6102_1,12,1368,153,60,0
2026-10-03,7,10032,1,20,93_2,5,49,43,0,0
2026-10-03,7,10032,1,21,6070_2,13,1462,153,60,0
2026-10-03,7,10032,1,21,6016_2,4,167,133,0,0
2026-10-03,7,10032,1,22,393_1,14,2424,213,120,0
2026-10-03,7,10032,1,22,91_4,5,636,229,60,0
2026-10-03,7,10032,1,23,114_1,14,2424,213,120,0
2026-10-03,7,10032,1,23,6016_1,8,1367,332,81,1
2026-10-03,7,10032,1,24,114_3,15,2492,213,68,0
2026-10-03,7,10032,1,24,93_1,9,1476,323,91,1
2026-10-03,7,10032,1,25,3_1,16,3575,273,128,0
2026-10-03,7,10032,1,25,94_2,9,756,243,11,0
2026-10-03,7,10032,1,26,73_1,17,2902,266,64,0
2026-10-03,7,10032,1,26,95_1,10,724,238,6,0
2026-10-03,7,10032,1,27,72_2,18,4094,326,124,1
2026-10-03,7,10032,1,27,6228_1,12,1383,296,30,0
2026-10-03,7,10032,1,28,55_1,19,5362,386,184,6
2026-10-03,7,10032,1,28,243_1,14,1816,303,54,1
2026-10-03,7,10032,1,29,56_1,20,5492,386,130,6
2026-10-03,7,10032,1,29,6041_1,13,2174,343,82,1
2026-10-03,7,10032,1,30,57_1,20,5492,386,130,6
2026-10-03,7,10032,1,30,6162_1,15,2077,316,49,1
2026-10-03,7,10032,1,31,59_1,21,5557,386,65,6
2026-10-03,7,10032,1,31,6160_1,17,2326,325,44,1
2026-10-03,7,10032,1,32,61_1,22,5605,386,48,6
2026-10-03,7,10032,1,32,6001_1,17,1977,308,24,1
2026-10-03,7,10032,1,33,6161_1,18,1943,304,14,1
2026-10-03,7,10032,1,34,446_3,18,1156,159,0,0
2026-10-03,7,10032,1,35,6166_1,19,1249,167,0,0
2026-10-03,7,10032,1,36,6143_1,18,1129,117,0,0
2026-10-03,7,10032,1,37,6241_1,10,287,55,0,0
2026-10-03,7,10033,1,2,6260_2,1,52,52,52,0
2026-10-03,7,10033,1,3,6169_1,2,201,118,83,0
2026-10-03,7,10033,1,4,6405_1,2,231,133,98,0
2026-10-03,7,10033,1,5,6074_1,2,221,128,93,0
2026-10-03,7,10033,1,6,6401_1,3,341,128,93,0
2026-10-03,7,10033,1,7,6400_1,4,426,128,85,0
2026-10-03,7,10033,1,8,6033_2,5,518,128,85,0
2026-10-03,7,10033,1,9,6211_2,5,518,128,85,0
2026-10-03,7,10033,1,10,6170_1,5,518,128,85,0
2026-10-03,7,10033,1,11,7841_2,6,545,122,57,0
2026-10-03,7,10033,1,12,91_3,2,0,0,0,0
2026-10-03,7,10043,0,1,6019_1,2,8,8,0,0
2026-10-03,7,10043,0,2,6148_2,3,45,22,8,0
2026-10-03,7,10043,0,3,6036_2,5,222,72,18,0
2026-10-03,7,10043,0,4,6150_2,5,159,51,18,0
2026-10-03,7,10043,0,5,6122_9,6,228,60,18,0
2026-10-03,7,10043,0,6,6147_2,7,213,47,14,0
2026-10-03,7,10043,0,7,6145_1,8,266,53,14,0
2026-10-03,7,10043,0,8,6144_1,8,266,53,14,0
2026-10-03,7,10043,0,9,6149_1,8,226,45,6,0
2026-10-03,7,10043,0,10,6149_9,8,246,49,10,0
2026-10-03,7,10045,0,29,6240_2,1,300,300,300,1
2026-10-03,7,10045,0,30,6258_2,7,1845,300,241,1
2026-10-03,7,10045,0,31,6225_2,15,3522,300,181,1
2026-10-03,7,10045,0,32,6181_2,16,3680,300,158,1
2026-10-03,7,10045,0,33,6246_2,19,3986,300,70,1
2026-10-03,7,10045,0,34,6206_2,20,4087,300,70,1
2026-10-03,7,10045,0,35,6176_2,20,4087,300,70,1
2026-10-03,7,10045,0,36,6200_3,21,4199,300,70,1
2026-10-03,7,10045,0,37,6042_2,21,4199,300,70,1
2026-10-03,7,10045,0,38,6031_2,21,4199,300,70,1
2026-10-03,7,10045,0,39,6039_1,22,4280,300,70,1
2026-10-03,7,10047,0,2,6001_2,1,62,62,62,0
2026-10-03,7,10047,0,3,6160_2,1,45,45,45,0
2026-10-03,7,10047,0,4,6162_2,1,29,29,29,0
2026-10-03,7,10047,0,5,6041_2,1,67,67,67,0
2026-10-03,7,10047,0,6,243_2,2,89,55,34,0
2026-10-03,7,10047,0,7,6228_2,3,172,70,49,0
2026-10-03,7,10047,0,8,95_2,4,130,47,26,0
2026-10-03,7,10047,0,9,94_3,4,242,63,59,0
2026-10-03,7,10047,0,10,6242_1,5,320,78,59,0
2026-10-03,7,10047,0,11,6064_1,5,155,45,26,0
2026-10-03,7,10047,0,12,6255_2,6,429,94,62,0
2026-10-03,7,10047,0,13,6256_2,6,459,99,67,0
2026-10-03,7,10047,0,14,6094_2,7,344,69,37,0
2026-10-03,7,10047,0,15,6244_2,5,67,28,0,0
2026-10-03,7,10047,0,16,6257_2,4,18,11,0,0
2026-10-03,7,10047,0,17,6240_2,4,114,35,24,0
2026-10-03,7,10047,0,18,6258_2,5,212,48,37,0
2026-10-03,7,10047,0,19,6225_2,5,87,23,12,0
2026-10-03,7,10047,0,20,6181_2,2,0,0,0,0
2026-10-03,7,10047,0,21,6246_2,3,95,33,31,0
2026-10-03,7,10047,0,22,6206_2,3,74,26,24,0
2026-10-03,7,10047,0,23,6176_2,4,167,44,39,0
2026-10-03,7,10047,0,24,6200_3,5,416,89,69,0
2026-10-03,7,10047,0,25,6042_2,5,236,53,33,0
2026-10-03,7,10047,0,26,6031_2,5,43,13,0,0
2026-10-03,7,10047,0,27,6039_1,2,0,0,0,0
2026-10-03,7,10047,1,1,6039_1,1,0,0,0,0
2026-10-03,7,10047,1,2,6031_1,1,54,54,54,0
2026-10-03,7,10047,1,3,6042_1,1,32,32,32,0
2026-10-03,7,10047,1,4,6200_1,1,40,40,40,0
2026-10-03,7,10047,1,5,6176_1,5,88,40,0,0
2026-10-03,7,10047,1,6,6206_1,5,88,40,0,0
2026-10-03,7,10047,1,7,6246_1,6,228,90,10,0
2026-10-03,7,10047,1,8,6181_1,7,332,104,10,0
2026-10-03,7,10047,1,9,6225_1,7,332,104,10,0
2026-10-03,7,10047,1,10,6258_1,8,398,104,10,0
2026-10-03,7,10047,1,11,6240_1,8,398,104,10,0
2026-10-03,7,10047,1,12,6257_1,8,478,114,20,0
2026-10-03,7,10047,1,13,6244_1,9,543,114,20,0
2026-10-03,7,10047,1,14,6094_1,9,543,114,20,0
2026-10-03,7,10047,1,15,6256_1,10,590,114,20,0
2026-10-03,7,10047,1,16,6255_1,6,115,54,0,0
2026-10-03,7,10047,1,17,6064_2,6,115,54,0,0
2026-10-03,7,10047,1,18,6242_2,7,135,54,0,0
2026-10-03,7,10047,1,19,94_2,8,138,54,0,0
2026-10-03,7,10047,1,20,95_1,8,119,50,0,0
2026-10-03,7,10047,1,21,6228_1,11,364,70,8,0
2026-10-03,7,10047,1,22,243_1,13,526,69,5,0
2026-10-03,7,10047,1,23,6041_1,13,937,126,32,0
2026-10-03,7,10047,1,24,6162_1,13,567,93,0,0
2026-10-03,7,10047,1,25,6160_1,14,568,88,1,0
2026-10-03,7,10047,1,26,6001_1,13,422,122,0,0
2026-10-03,7,10047,1,27,6161_1,10,291,112,0,0
2026-10-03,7,10047,1,28,446_3,7,240,97,0,0
2026-10-03,7,10047,1,29,6166_1,7,240,97,0,0
2026-10-03,7,10047,1,30,6143_1,9,318,95,0,0
2026-10-03,7,10047,1,31,6241_1,9,314,91,0,0
2026-10-03,7,10047,1,32,9_2,8,300,78,0,0
2026-10-03,7,10047,1,33,6057_1,10,374,87,0,0
2026-10-03,7,10047,1,34,6069_1,12,380,84,0,0
2026-10-03,7,10047,1,35,6102_1,12,964,127,49,0
2026-10-03,7,10047,1,36,6070_2,14,1316,153,49,0
2026-10-03,7,10047,1,37,393_1,15,2050,189,109,0
2026-10-03,7,10047,1,38,114_1,17,1243,135,8,0
2026-10-03,7,10047,1,39,114_3,19,1971,149,16,0
2026-10-03,7,10047,1,40,3_1,21,3318,204,76,0
2026-10-03,7,10047,1,41,73_1,25,2718,202,12,0
2026-10-03,7,10047,1,42,72_2,26,3746,240,72,0
2026-10-03,7,10047,1,43,55_1,27,4749,300,111,1
2026-10-03,7,10047,1,44,56_1,27,4860,300,103,1
2026-10-03,7,10047,1,45,57_1,27,4450,250,57,0
2026-10-03,7,10047,1,46,59_1,18,2048,175,38,0
2026-10-03,7,10050,0,1,91_4,2,0,0,0,0
2026-10-03,7,10050,0,2,6016_1,4,337,137,56,0
2026-10-03,7,10050,0,3,93_1,5,432,140,47,0
2026-10-03,7,10050,0,4,6013_2,6,768,181,86,0
2026-10-03,7,10050,0,5,6212_2,7,831,180,69,0
2026-10-03,7,10050,0,6,6205_2,8,988,189,74,0
2026-10-03,7,10050,0,7,6187_3,8,880,169,63,0
2026-10-03,7,10050,0,8,6011_2,10,1455,211,86,0
2026-10-03,7,10050,0,9,6018_2,10,1245,176,79,0
2026-10-03,7,10050,0,10,6190_2,10,1465,196,103,0
2026-10-03,7,10050,0,11,6171_2,10,1015,151,58,0
2026-10-03,7,10050,0,12,6014_3,4,29,21,0,0
2026-10-03,7,10050,1,1,6014_1,1,0,0,0,0
2026-10-03,7,10050,1,2,6171_1,3,199,114,38,0
2026-10-03,7,10050,1,3,6190_1,3,163,102,26,0
2026-10-03,7,10050,1,4,6018_1,4,171,86,0,0
2026-10-03,7,10050,1,5,6011_3,6,300,144,0,0
2026-10-03,7,10050,1,6,6187_2,6,298,144,0,0
2026-10-03,7,10050,1,7,6205_1,8,423,140,0,0
2026-10-03,7,10050,1,8,6212_1,8,416,131,0,0
2026-10-03,7,10050,1,9,6013_1,10,478,110,0,0
2026-10-03,7,10050,1,10,93_2,12,914,149,18,0
2026-10-03,7,10050,1,11,6016_2,16,888,143,1,0
2026-10-03,7,10050,1,12,91_4,18,778,128,0,0
2026-10-03,7,10051,0,1,91_4,2,0,0,0,0
2026-10-03,7,10051,0,2,6016_1,5,274,87,21,0
2026-10-03,7,10051,0,3,93_1,5,246,87,31,0
2026-10-03,7,10051,0,4,6013_2,6,620,156,73,0
2026-10-03,7,10051,0,5,6212_2,7,548,128,50,0
2026-10-03,7,10051,0,6,6205_2,9,884,128,58,0
2026-10-03,7,10051,0,7,6187_3,9,695,109,35,0
2026-10-03,7,10051,0,8,6011_4,11,879,110,13,0
2026-10-03,7,10051,0,9,6017_2,13,1138,187,5,0
2026-10-03,7,10051,0,10,6172_2,12,826,162,0,0
2026-10-03,7,10051,0,11,6067_2,13,1401,200,53,0
2026-10-03,7,10051,0,12,6248_2,13,1199,192,45,0
2026-10-03,7,10051,0,13,6249_2,12,2227,347,93,2
2026-10-03,7,10051,0,14,6015_2,9,1238,287,0,0
2026-10-03,7,10051,1,1,6015_1,2,0,0,0,0
2026-10-03,7,10051,1,2,6249_1,4,201,92,31,0
2026-10-03,7,10051,1,3,6248_1,5,210,73,26,0
2026-10-03,7,10051,1,4,6067_1,5,66,55,0,0
2026-10-03,7,10051,1,5,6172_1,7,134,53,4,0
2026-10-03,7,10051,1,6,6017_1,9,277,56,1,0
2026-10-03,7,10051,1,7,6011_1,10,261,51,0,0
2026-10-03,7,10051,1,8,6187_2,12,651,85,39,0
2026-10-03,7,10051,1,9,6205_1,12,623,75,35,0
2026-10-03,7,10051,1,10,6212_1,15,774,98,24,0
2026-10-03,7,10051,1,11,6013_1,17,720,84,19,0
2026-10-03,7,10051,1,12,93_2,18,1484,162,34,0
2026-10-03,7,10051,1,13,6016_2,17,1122,109,17,0
2026-10-03,7,10051,1,14,91_4,13,818,109,17,0
2026-10-03,7,10053,0,2,6241_2,2,254,173,81,0
2026-10-03,7,10053,0,3,6143_2,2,190,141,49,0
2026-10-03,7,10053,0,4,6166_2,2,164,128,36,0
2026-10-03,7,10053,0,5,446_4,3,311,164,33,0
2026-10-03,7,10053,0,6,6158_2,4,326,164,15,0
2026-10-03,7,10053,0,7,447_2,4,326,164,15,0
2026-10-03,7,10053,0,8,448_2,3,162,114,15,0
2026-10-03,7,10053,0,9,14_3,3,89,41,15,0
2026-10-03,7,10059,0,1,91_3,4,0,0,0,0
2026-10-03,7,10059,0,2,7841_4,6,33,25,0,0
2026-10-03,7,10059,0,3,6170_2,7,144,43,0,0
2026-10-03,7,10059,0,4,6902_2,8,215,77,10,0
2026-10-03,7,10059,0,5,6006_2,9,573,130,43,0
2026-10-03,7,10059,0,6,6229_2,11,715,117,0,0
2026-10-03,7,10059,0,7,6074_2,14,771,101,0,0
2026-10-03,7,10059,0,8,6169_2,12,194,42,0,0
2026-10-03,7,10059,0,9,6260_1,16,718,72,0,0
2026-10-03,7,10059,0,10,7475_3,11,685,190,0,0
2026-10-03,7,10059,0,10,7475_1,3,10,10,0,0
2026-10-03,7,10059,0,11,6260_2,11,794,190,0,0
2026-10-03,7,10059,0,12,6263_2,11,879,190,0,0
2026-10-03,7,10059,0,13,6196_2,11,876,190,0,0
2026-10-03,7,10059,0,14,6134_2,10,873,190,0,0
2026-10-03,7,10059,0,15,6106_2,12,915,190,4,0
2026-10-03,7,10059,0,16,6020_9,12,886,190,0,0
2026-10-03,7,10059,0,17,6019_1,12,877,190,0,0
2026-10-03,7,10059,1,1,6019_1,1,0,0,0,0
2026-10-03,7,10059,1,2,6020_1,2,84,45,39,0
2026-10-03,7,10059,1,3,6106_1,2,98,52,46,0
2026-10-03,7,10059,1,4,6134_1,2,44,25,19,0
2026-10-03,7,10059,1,5,6196_1,3,104,43,24,0
2026-10-03,7,10059,1,6,6263_1,3,26,16,0,0
2026-10-03,7,10059,1,7,6260_1,9,136,27,4,0
2026-10-03,7,10059,1,8,7475_1,6,40,13,0,0
2026-10-03,7,10059,1,9,6260_2,8,204,50,0,0
2026-10-03,7,10059,1,10,6169_1,9,275,69,0,0
2026-10-03,7,10059,1,11,6405_1,9,407,85,14,0
2026-10-03,7,10059,1,12,6074_1,10,454,80,14,0
2026-10-03,7,10059,1,13,6229_1,12,486,95,0,0
2026-10-03,7,10059,1,14,6006_1,8,262,70,15,0
2026-10-03,7,10059,1,15,6902_1,9,617,131,43,0
2026-10-03,7,10059,1,16,6170_1,9,698,140,52,0
2026-10-03,7,10059,1,17,7841_2,9,752,146,58,0
2026-10-03,7,10059,1,18,91_3,2,0,0,0,0
2026-10-03,7,10060,0,1,9_1,3,3,3,0,0
2026-10-03,7,10060,0,1,3_1,1,118,118,118,0
2026-10-03,7,10060,0,2,6241_2,4,102,93,2,0
2026-10-03,7,10060,0,2,73_1,2,63,63,0,0
2026-10-03,7,10060,0,3,128_1,6,158,63,0,0
2026-10-03,7,10060,0,3,6143_2,3,74,74,0,0
2026-10-03,7,10060,0,4,114_5,6,225,111,0,0
2026-10-03,7,10060,0,4,6166_2,3,41,41,0,0
2026-10-03,7,10060,0,5,393_2,5,114,62,0,0
2026-10-03,7,10060,0,5,446_4,3,43,43,0,0
2026-10-03,7,10060,0,6,6070_3,7,302,136,0,0
2026-10-03,7,10060,0,6,6161_2,4,92,49,0,0
2026-10-03,7,10060,0,7,6102_2,7,339,127,0,0
2026-10-03,7,10060,0,7,6001_2,4,192,74,25,0
2026-10-03,7,10060,0,8,6069_2,7,367,134,0,0
2026-10-03,7,10060,0,8,6160_2,4,86,46,0,0
2026-10-03,7,10060,0,9,6057_2,7,311,120,0,0
2026-10-03,7,10060,0,9,6162_2,5,99,39,0,0
2026-10-03,7,10060,0,10,9_5,9,606,109,16,0
2026-10-03,7,10060,0,10,6041_2,5,374,94,55,0
2026-10-03,7,10060,0,11,6241_2,11,862,152,10,0
2026-10-03,7,10060,0,11,243_2,5,284,76,37,0
2026-10-03,7,10060,0,12,6143_2,12,703,130,0,0
2026-10-03,7,10060,0,12,6228_2,5,209,61,22,0
2026-10-03,7,10060,0,13,6166_2,14,549,114,0,0
2026-10-03,7,10060,0,13,95_2,5,21,13,0,0
2026-10-03,7,10060,0,14,446_4,12,426,111,0,0
2026-10-03,7,10060,0,14,94_3,5,101,29,16,0
2026-10-03,7,10060,0,15,6161_2,14,427,108,0,0
2026-10-03,7,10060,0,15,6013_2,2,0,0,0,0
2026-10-03,7,10060,0,16,6001_2,16,904,138,19,0
2026-10-03,7,10060,0,16,6212_2,2,0,0,0,0
2026-10-03,7,10060,0,17,6160_2,15,543,123,0,0
2026-10-03,7,10060,0,17,6205_2,3,7,7,0,0
2026-10-03,7,10060,0,18,6162_2,11,443,110,0,0
2026-10-03,7,10060,0,18,6187_3,2,0,0,0,0
2026-10-03,7,10060,0,19,6041_2,13,919,141,35,0
2026-10-03,7,10060,0,19,6011_4,3,32,32,0,0
2026-10-03,7,10060,0,20,243_2,14,796,133,9,0
2026-10-03,7,10060,0,20,6017_2,4,57,33,0,0
2026-10-03,7,10060,0,21,6228_2,18,975,135,10,0
2026-10-03,7,10060,0,21,6172_2,3,8,8,0,0
2026-10-03,7,10060,0,22,95_2,19,606,106,0,0
2026-10-03,7,10060,0,22,6067_2,5,255,61,40,0
2026-10-03,7,10060,0,23,94_3,20,1122,101,16,0
2026-10-03,7,10060,0,23,6248_2,6,228,53,21,0
2026-10-03,7,10060,0,24,6013_2,5,71,42,0,0
2026-10-03,7,10060,0,24,6249_2,6,952,208,73,0
2026-10-03,7,10060,0,25,6212_2,5,46,24,0,0
2026-10-03,7,10060,0,25,6015_2,5,559,148,0,0
2026-10-03,7,10060,0,26,6205_2,8,210,60,0,0
2026-10-03,7,10060,0,27,6187_3,7,89,31,0,0
2026-10-03,7,10060,0,28,6011_4,10,343,60,0,0
2026-10-03,7,10060,0,29,6017_2,10,348,61,0,0
2026-10-03,7,10060,0,30,6172_2,11,163,37,0,0
2026-10-03,7,10060,0,31,6067_2,12,628,72,38,0
2026-10-03,7,10060,0,32,6248_2,11,412,53,17,0
2026-10-03,7,10060,0,33,6249_2,13,1324,208,11,0
2026-10-03,7,10060,0,34,6015_2,6,559,148,0,0
2026-10-03,7,10060,1,1,6015_1,1,0,0,0,0
2026-10-03,7,10060,1,2,6249_1,2,78,50,28,0
2026-10-03,7,10060,1,3,6248_1,3,115,49,28,0
2026-10-03,7,10060,1,4,6067_1,4,3,3,0,0
2026-10-03,7,10060,1,5,6172_1,8,111,26,6,0
2026-10-03,7,10060,1,6,6017_1,8,142,37,9,0
2026-10-03,7,10060,1,7,6011_1,11,232,37,5,0
2026-10-03,7,10060,1,8,6187_2,13,524,76,15,0
2026-10-03,7,10060,1,9,6205_1,13,503,75,13,0
2026-10-03,7,10060,1,10,6212_1,14,600,81,22,0
2026-10-03,7,10060,1,11,6013_1,14,400,58,3,0
2026-10-03,7,10060,1,12,94_2,7,15,12,0,0
2026-10-03,7,10060,1,13,95_1,7,18,7,0,0
2026-10-03,7,10060,1,14,6228_1,11,402,65,8,0
2026-10-03,7,10060,1,15,243_1,16,750,116,4,0
2026-10-03,7,10060,1,16,6041_1,16,1283,160,32,0
2026-10-03,7,10060,1,17,6162_1,17,939,147,0,0
2026-10-03,7,10060,1,18,6160_1,20,1137,146,1,0
2026-10-03,7,10060,1,19,6001_1,20,777,117,0,0
2026-10-03,7,10060,1,20,6161_1,16,661,105,0,0
2026-10-03,7,10060,1,21,446_3,14,354,90,0,0
2026-10-03,7,10060,1,22,6166_1,17,392,90,0,0
2026-10-03,7,10060,1,23,6143_1,21,466,88,0,0
2026-10-03,7,10060,1,24,6241_1,21,443,84,0,0
2026-10-03,7,10060,1,25,9_2,11,189,71,0,0
2026-10-03,7,10060,1,26,8_3,9,158,70,0,0
2026-10-03,7,10060,1,27,6_1,12,270,73,0,0
2026-10-03,7,10060,1,28,902_1,14,241,72,0,0
2026-10-03,7,10060,1,29,5_1,8,111,44,0,0
2026-10-03,7,10060,1,30,4_1,15,1753,404,0,4
2026-10-03,7,10060,1,31,6059_1,19,3640,464,60,6
2026-10-03,7,10060,1,32,3_1,20,3160,464,0,6
2026-10-03,7,10060,1,33,73_1,20,3538,464,0,6
2026-10-03,7,10060,1,34,128_1,25,3620,464,0,6
2026-10-03,7,10060,1,35,114_5,22,3594,464,0,6
2026-10-03,7,10066,1,1,6145_1,1,41,41,41,0
2026-10-03,7,10066,1,2,6144_1,1,41,41,41,0
2026-10-03,7,10066,1,3,6149_1,2,102,61,41,0
2026-10-03,7,10066,1,4,6149_9,2,44,41,3,0
2026-10-03,7,10066,1,5,6147_1,3,413,161,123,0
2026-10-03,7,10066,1,6,6122_1,3,593,221,183,0
2026-10-03,7,10066,1,7,6150_1,4,597,221,4,0
2026-10-03,7,10066,1,8,6036_1,4,597,221,4,0
2026-10-03,7,10066,1,9,6148_1,5,897,281,60,0
2026-10-03,7,10066,1,10,6019_2,6,1264,341,67,3
2026-10-03,7,10066,1,11,6020_1,6,1264,341,67,3
2026-10-03,7,10066,1,12,6106_1,7,1262,332,52,2
2026-10-03,7,10066,1,13,6134_1,7,1150,316,36,1
2026-10-03,7,10066,1,14,6196_1,8,1323,333,53,2
2026-10-03,7,10066,1,15,6263_1,9,1123,305,24,1
2026-10-03,7,10066,1,16,6169_1,7,717,245,0,0
2026-10-03,7,10066,1,17,6405_1,7,825,260,15,0
2026-10-03,7,10066,1,18,6074_1,8,799,255,10,0
2026-10-03,7,10066,1,19,6229_1,8,791,254,9,0
2026-10-03,7,10066,1,20,6006_1,9,977,272,27,0
2026-10-03,7,10066,1,21,6902_1,10,1458,314,69,1
2026-10-03,7,10066,1,22,6170_1,10,1368,305,60,1
2026-10-03,7,10066,1,23,7841_2,11,1504,299,54,0
2026-10-03,7,10066,1,24,91_2,12,1624,299,54,0
2026-10-03,7,10068,0,1,214_3,2,3,3,0,0
2026-10-03,7,10068,0,1,3_1,1,63,63,63,0
2026-10-03,7,10068,0,2,215_2,2,20,20,0,0
2026-10-03,7,10068,0,2,73_1,2,103,54,49,0
2026-10-03,7,10068,0,3,216_2,4,176,75,27,0
2026-10-03,7,10068,0,3,128_1,3,287,134,74,0
2026-10-03,7,10068,0,4,752_2,4,76,63,0,0
2026-10-03,7,10068,0,4,114_5,1,0,0,0,0
2026-10-03,7,10068,0,5,7217_2,4,58,36,0,0
2026-10-03,7,10068,0,5,3_3,1,0,0,0,0
2026-10-03,7,10068,0,6,422_1,4,48,31,0,0
2026-10-03,7,10068,0,6,4_3,1,0,0,0,0
2026-10-03,7,10068,0,7,421_1,5,289,85,32,0
2026-10-03,7,10068,0,7,254_2,2,16,16,0,0
2026-10-03,7,10068,0,8,6163_1,7,478,116,32,0
2026-10-03,7,10068,0,8,53_3,3,272,136,60,0
2026-10-03,7,10068,0,9,419_1,10,600,98,32,0
2026-10-03,7,10068,0,9,253_2,4,308,136,36,0
2026-10-03,7,10068,0,10,418_1,13,914,121,32,0
2026-10-03,7,10068,0,10,186_2,5,376,136,36,0
2026-10-03,7,10068,0,11,440_1,14,1016,150,32,0
2026-10-03,7,10068,0,11,252_2,5,376,136,36,0
2026-10-03,7,10068,0,12,6236_1,16,1559,210,32,0
2026-10-03,7,10068,0,12,150_2,6,834,196,96,0
2026-10-03,7,10068,0,13,6109_1,17,796,91,1,0
2026-10-03,7,10068,0,13,151_2,7,934,196,96,0
2026-10-03,7,10068,0,14,152_3,8,1039,196,96,0
2026-10-03,7,10068,0,15,251_2,8,1039,196,96,0
2026-10-03,7,10068,0,16,250_2,8,858,158,15,0
2026-10-03,7,10068,0,17,249_2,2,16,15,1,0
2026-10-03,7,10068,1,1,6109_1,2,0,0,0,0
2026-10-03,7,10068,1,2,6236_2,4,167,62,28,0
2026-10-03,7,10068,1,3,440_2,4,167,60,30,0
2026-10-03,7,10068,1,4,418_2,6,517,146,37,0
2026-10-03,7,10068,1,5,419_2,8,475,95,28,0
2026-10-03,7,10068,1,6,6163_2,10,697,195,4,0
2026-10-03,7,10068,1,7,421_2,9,587,173,0,0
2026-10-03,7,10068,1,8,422_2,9,680,167,0,0
2026-10-03,7,10068,1,9,7217_1,10,719,163,0,0
2026-10-03,7,10068,1,10,752_1,12,789,164,1,0
2026-10-03,7,10068,1,11,216_1,12,873,155,0,0
2026-10-03,7,10068,1,12,215_1,11,764,139,0,0
2026-10-03,7,10068,1,13,214_1,13,891,137,0,0
2026-10-03,7,10068,1,14,7213_1,14,869,130,0,0
2026-10-03,7,10068,1,15,615_1,14,1580,185,47,0
2026-10-03,7,10068,1,16,212_1,18,1172,143,12,0
2026-10-03,7,10068,1,17,211_1,19,1715,163,36,0
2026-10-03,7,10068,1,18,210_1,16,705,123,0,0
2026-10-03,7,10068,1,19,6023_3,19,2104,176,52,0
2026-10-03,7,10068,1,20,7717_1,19,1881,150,20,0
2026-10-03,7,10068,1,21,765_1,14,1408,167,38,0
2026-10-03,7,10068,1,22,610_1,10,361,96,0,0
2026-10-03,7,10068,1,23,609_1,11,457,105,0,0
2026-10-03,7,10068,1,24,608_1,11,950,144,47,0
2026-10-03,7,10068,1,25,607_1,12,1268,162,62,0
2026-10-03,7,10068,1,26,606_1,13,1302,156,59,0
2026-10-03,7,10068,1,27,249_1,15,758,112,0,0
2026-10-03,7,10068,1,28,250_1,14,659,105,0,0
2026-10-03,7,10068,1,29,251_1,14,593,93,0,0
2026-10-03,7,10068,1,30,152_2,14,602,102,0,0
2026-10-03,7,10068,1,31,151_1,15,1461,158,57,0
2026-10-03,7,10068,1,32,150_1,17,1504,172,30,0
2026-10-03,7,10068,1,33,252_1,16,2340,235,72,0
2026-10-03,7,10068,1,34,186_1,16,1027,151,0,0
2026-10-03,7,10068,1,35,253_1,17,1310,188,5,0
2026-10-03,7,10068,1,36,53_1,18,1529,184,5,0
2026-10-03,7,10068,1,37,254_1,19,2117,237,0,0
2026-10-03,7,10068,1,38,4_4,20,2844,286,0,0
2026-10-03,7,10068,1,39,6059_1,12,1464,179,0,0
2026-10-03,7,10068,1,40,3_1,5,383,112,0,0
2026-10-03,7,10069,1,29,73_1,1,501,501,501,1
2026-10-03,7,10069,1,30,128_1,13,5623,501,372,13
2026-10-03,7,10069,1,31,114_5,20,10010,621,242,19
2026-10-03,7,10070,1,16,610_1,1,63,63,63,0
2026-10-03,7,10070,1,17,609_1,10,257,63,0,0
2026-10-03,7,10070,1,18,608_1,10,907,128,65,0
2026-10-03,7,10070,1,19,607_1,10,877,125,62,0
2026-10-03,7,10070,1,20,606_1,11,1134,142,79,0
2026-10-03,7,10070,1,21,249_1,12,353,71,0,0
2026-10-03,7,10070,1,22,250_1,11,265,63,0,0
2026-10-03,7,10070,1,23,251_1,8,162,47,0,0
2026-10-03,7,10070,1,24,152_2,6,67,25,0,0
2026-10-03,7,10070,1,25,151_1,7,512,88,63,0
2026-10-03,7,10070,1,26,150_1,8,342,76,28,0
2026-10-03,7,10070,1,27,252_1,10,777,97,51,0
2026-10-03,7,10070,1,28,186_1,7,237,93,0,0
2026-10-03,7,10070,1,29,253_1,8,280,93,10,0
2026-10-03,7,10070,1,30,53_1,9,378,93,10,0
2026-10-03,7,10070,1,31,254_1,10,334,93,0,0
2026-10-03,7,10070,1,32,4_4,10,371,93,0,0
2026-10-03,7,10070,1,33,6059_1,9,270,93,0,0
2026-10-03,7,10070,1,34,3_1,9,683,153,0,0
2026-10-03,7,10070,1,35,73_1,9,683,153,0,0
2026-10-03,7,10070,1,36,128_1,10,708,153,0,0
2026-10-03,7,10070,1,37,114_5,4,49,33,0,0
2026-10-03,7,10072,0,1,61_2,1,0,0,0,0
2026-10-03,7,10072,0,2,59_4,2,4,4,0,0
2026-10-03,7,10072,0,3,57_2,1,0,0,0,0
2026-10-03,7,10072,1,1,6109_1,1,0,0,0,0
2026-10-03,7,10072,1,2,6236_2,3,173,66,47,0
2026-10-03,7,10072,1,3,440_2,3,205,74,61,0
2026-10-03,7,10072,1,4,418_2,5,303,82,21,0
2026-10-03,7,10072,1,5,419_2,7,915,178,91,0
2026-10-03,7,10072,1,6,6163_2,8,910,160,52,0
2026-10-03,7,10072,1,7,421_2,9,1000,160,26,0
2026-10-03,7,10072,1,8,422_2,11,606,160,0,0
2026-10-03,7,10072,1,9,7217_1,14,631,152,0,0
2026-10-03,7,10072,1,10,752_1,15,738,168,0,0
2026-10-03,7,10072,1,11,216_1,15,614,143,0,0
2026-10-03,7,10072,1,12,215_1,11,237,103,0,0
2026-10-03,7,10072,1,13,214_1,10,216,99,0,0
2026-10-03,7,10072,1,14,7213_1,9,156,82,0,0
2026-10-03,7,10072,1,15,615_1,13,796,129,44,0
2026-10-03,7,10072,1,16,212_1,15,418,105,7,0
2026-10-03,7,10072,1,17,211_1,17,865,128,24,0
2026-10-03,7,10072,1,18,210_1,9,90,57,0,0
2026-10-03,7,10072,1,19,209_1,11,561,89,0,0
2026-10-03,7,10072,1,20,863_1,11,105,57,0,0
2026-10-03,7,10072,1,21,206_1,13,137,57,0,0
2026-10-03,7,10072,1,22,205_1,14,166,57,0,0
2026-10-03,7,10072,1,23,255_1,15,163,57,0,0
2026-10-03,7,10072,1,24,204_1,16,221,58,0,0
2026-10-03,7,10072,1,25,65_1,18,338,72,0,0
2026-10-03,7,10072,1,26,67_1,20,762,157,0,0
2026-10-03,7,10072,1,27,68_1,21,1288,236,0,0
2026-10-03,7,10072,1,28,69_1,18,446,131,0,0
2026-10-03,7,10072,1,29,55_1,11,320,131,0,0
2026-10-03,7,10072,1,30,56_1,12,257,110,0,0
2026-10-03,7,10072,1,31,57_1,11,161,64,0,0
2026-10-03,7,10072,1,32,59_1,11,195,62,0,0
2026-10-03,7,10072,1,33,61_2,12,232,62,0,0
2026-10-03,7,10080,1,2,6035_1,1,158,158,158,0
2026-10-03,7,10080,1,3,6180_1,1,82,82,82,0
2026-10-03,7,10080,1,4,6112_1,2,157,89,68,0
2026-10-03,7,10080,1,5,6168_1,2,135,78,57,0
2026-10-03,7,10080,1,6,426_1,5,455,150,42,0
2026-10-03,7,10080,1,7,425_2,8,565,150,0,0
2026-10-03,7,10080,1,8,7217_2,8,967,210,0,0
2026-10-03,7,10080,1,9,422_1,8,961,203,18,0
2026-10-03,7,10080,1,10,421_3,8,967,205,0,0
2026-10-03,7,10081,0,1,421_3,2,0,0,0,0
2026-10-03,7,10081,0,2,422_2,3,5,5,0,0
2026-10-03,7,10081,0,3,423_2,4,94,40,10,0
2026-10-03,7,10081,0,4,424_2,5,75,39,0,0
2026-10-03,7,10081,0,5,425_1,3,173,63,50,0
2026-10-03,7,10081,0,6,426_2,3,35,17,4,0
2026-10-03,7,10081,0,7,6168_2,4,31,12,0,0
2026-10-03,7,10081,0,8,6112_2,1,0,0,0,0
2026-10-03,7,10081,0,9,6180_2,1,0,0,0,0
2026-10-03,7,10081,0,10,6035_2,1,0,0,0,0
2026-10-03,7,10081,0,11,6079_1,2,3,3,0,0
2026-10-03,8,10001,1,1,724_1,2,0,0,0,0
2026-10-03,8,10001,1,2,727_1,3,67,67,0,0
2026-10-03,8,10001,1,3,723_1,1,67,67,67,0
2026-10-03,8,10001,1,4,722_1,2,130,67,63,0
2026-10-03,8,10001,1,5,721_1,3,407,157,123,0
2026-10-03,8,10001,1,6,720_1,3,407,157,123,0
2026-10-03,8,10001,1,7,719_1,3,407,157,123,0
2026-10-03,8,10001,1,8,718_1,4,694,217,107,0
2026-10-03,8,10001,1,9,7717_1,5,748,217,54,0
2026-10-03,8,10001,1,10,765_1,6,647,182,19,0
2026-10-03,8,10001,1,11,610_1,6,551,167,4,0
2026-10-03,8,10001,1,12,609_1,6,497,162,0,0
2026-10-03,8,10001,1,13,608_1,7,517,160,0,0
2026-10-03,8,10001,1,14,607_1,7,439,143,0,0
2026-10-03,8,10001,1,15,606_1,7,603,139,44,0
2026-10-03,8,10001,1,16,249_1,8,608,162,0,0
2026-10-03,8,10001,1,17,250_1,9,698,169,11,0
2026-10-03,8,10001,1,18,251_1,10,1226,218,63,0
2026-10-03,8,10001,1,19,152_1,11,1276,218,50,0
2026-10-03,8,10001,1,20,200_1,12,2008,278,72,0
2026-10-03,8,10001,1,21,184_1,13,2075,278,67,0
2026-10-03,8,10001,1,22,201_1,14,2151,278,67,0
2026-10-03,8,10001,1,23,51_1,15,2249,278,67,0
2026-10-03,8,10001,1,24,202_1,16,3356,338,127,2
2026-10-03,8,10001,1,25,5_4,17,3561,338,127,2
2026-10-03,8,10001,1,26,6070_3,18,2681,278,67,0
2026-10-03,8,10002,1,1,446_1,1,27,27,27,0
2026-10-03,8,10002,1,2,445_2,6,338,143,3,0
2026-10-03,8,10002,1,3,451_1,5,295,157,3,0
2026-10-03,8,10002,1,4,452_1,7,394,158,3,0
2026-10-03,8,10002,1,5,906_1,5,189,117,0,0
2026-10-03,8,10002,1,6,75_2,7,187,107,0,0
2026-10-03,8,10002,1,7,453_1,7,262,122,0,0
2026-10-03,8,10002,1,8,454_1,7,175,80,0,0
2026-10-03,8,10002,1,9,455_1,8,163,49,0,0
2026-10-03,8,10002,1,10,456_1,10,418,92,0,0
2026-10-03,8,10002,1,11,905_2,11,439,94,0,0
2026-10-03,8,10002,1,12,113_2,12,884,127,14,0
2026-10-03,8,10002,1,13,203_1,10,1021,187,0,0
2026-10-03,8,10002,1,14,127_1,11,1551,247,0,0
2026-10-03,8,10002,1,15,126_1,8,2009,307,190,1
2026-10-03,8,10002,1,16,125_1,9,2084,307,75,1
2026-10-03,8,10002,1,17,124_1,10,2134,307,50,1
2026-10-03,8,10002,1,18,123_1,10,2134,307,50,1
2026-10-03,8,10002,1,19,122_1,11,2809,367,75,6
2026-10-03,8,10002,1,20,910_2,11,2809,367,75,6
2026-10-03,8,10002,1,21,256_2,12,2149,307,0,1
2026-10-03,8,10002,1,22,534_2,13,2156,307,0,1
2026-10-03,8,10002,1,23,59_3,14,2161,307,0,1
2026-10-03,8,10002,1,24,61_3,11,1544,247,0,0
2026-10-03,8,10008,0,1,91_4,2,21,21,0,0
2026-10-03,8,10008,0,2,7841_5,3,59,38,0,0
2026-10-03,8,10008,0,3,6012_2,3,59,38,0,0
2026-10-03,8,10008,0,4,6320_1,4,64,38,0,0
2026-10-03,8,10008,0,5,6018_2,4,64,38,0,0
2026-10-03,8,10008,0,6,6190_2,4,160,62,24,0
2026-10-03,8,10008,0,7,6171_2,5,25,20,0,0
2026-10-03,8,10008,0,8,6014_3,2,0,0,0,0
2026-10-03,8,10031,0,37,6257_2,1,200,200,200,0
2026-10-03,8,10031,0,38,6240_2,2,489,264,225,0
2026-10-03,8,10031,0,39,6258_2,3,589,233,162,0
2026-10-03,8,10031,0,40,6225_2,8,957,238,60,0
2026-10-03,8,10031,0,41,6181_2,19,1225,233,0,0
2026-10-03,8,10031,0,42,6246_2,21,1932,250,31,0
2026-10-03,8,10031,0,43,6206_2,22,2116,253,24,0
2026-10-03,8,10031,0,44,6176_2,22,2402,261,42,0
2026-10-03,8,10031,0,45,6200_3,22,3528,306,87,2
2026-10-03,8,10031,0,46,6042_2,23,2812,268,49,0
2026-10-03,8,10031,0,47,6031_2,22,1778,241,11,0
2026-10-03,8,10031,0,48,6039_1,10,766,146,0,0
2026-10-03,8,10032,0,10,114_4,8,3063,510,300,8
2026-10-03,8,10032,0,11,393_2,8,3127,518,308,8
2026-10-03,8,10032,0,12,6070_3,11,3539,508,59,9
2026-10-03,8,10032,0,13,6102_2,11,3440,499,50,8
2026-10-03,8,10032,0,14,6069_2,12,3402,484,35,8
2026-10-03,8,10032,0,15,6057_2,12,3178,463,14,6
2026-10-03,8,10032,0,16,9_5,13,3073,454,5,5
2026-10-03,8,10032,0,17,6241_2,14,3546,480,31,8
2026-10-03,8,10032,0,18,6143_2,15,3200,448,0,8
2026-10-03,8,10032,0,19,6166_2,12,2978,432,0,5
2026-10-03,8,10032,0,20,446_4,12,3186,429,0,5
2026-10-03,8,10032,0,21,6161_2,13,3197,426,0,5
2026-10-03,8,10032,0,22,6001_2,12,3277,456,30,7
2026-10-03,8,10032,0,23,6160_2,13,3385,441,19,6
2026-10-03,8,10032,0,24,6162_2,14,3297,428,5,5
2026-10-03,8,10032,0,25,6041_2,14,3751,459,38,8
2026-10-03,8,10032,0,26,243_2,16,4090,451,24,8
2026-10-03,8,10032,0,27,6228_2,16,4254,453,52,8
2026-10-03,8,10032,0,28,95_2,17,3797,424,0,6
2026-10-03,8,10032,0,29,94_3,19,4871,467,42,11
2026-10-03,8,10032,0,30,93_2,20,4734,463,38,6
2026-10-03,8,10032,0,31,6016_2,21,4854,458,27,6
2026-10-03,8,10032,0,32,91_1,17,1930,317,0,1
2026-10-03,8,10032,0,33,6016_1,17,3134,401,84,4
2026-10-03,8,10032,0,34,93_1,20,3221,394,71,3
2026-10-03,8,10032,0,35,94_1,20,4222,449,122,5
2026-10-03,8,10032,0,36,6242_1,21,5229,450,152,5
2026-10-03,8,10032,0,37,6064_1,22,4827,429,77,3
2026-10-03,8,10032,0,38,6255_2,22,5385,449,107,5
2026-10-03,8,10032,0,39,6256_2,22,5885,468,140,6
2026-10-03,8,10032,0,40,6094_2,25,5753,432,115,3
2026-10-03,8,10032,0,41,6244_2,25,5034,402,89,3
2026-10-03,8,10032,0,42,6257_2,25,4522,381,72,1
2026-10-03,8,10032,0,43,6240_2,26,5324,405,96,3
2026-10-03,8,10032,0,44,6258_2,26,4870,388,74,2
2026-10-03,8,10032,0,45,6225_2,26,4564,383,58,1
2026-10-03,8,10032,0,46,6181_2,26,4152,372,40,1
2026-10-03,8,10032,0,47,6246_2,27,4903,389,65,2
2026-10-03,8,10032,0,48,6206_2,29,5569,392,85,2
2026-10-03,8,10032,0,49,6176_2,31,6262,400,94,3
2026-10-03,8,10032,0,50,6200_3,32,7656,445,124,5
2026-10-03,8,10032,0,51,6042_2,33,6732,409,90,3
2026-10-03,8,10032,0,52,6031_2,33,5545,369,53,1
2026-10-03,8,10032,0,53,6039_1,35,3134,292,0,0
2026-10-03,8,10032,1,34,446_3,1,242,242,242,0
2026-10-03,8,10032,1,35,6166_1,1,250,250,250,0
2026-10-03,8,10032,1,36,6143_1,2,447,265,182,0
2026-10-03,8,10032,1,37,6241_1,10,1166,262,65,0
2026-10-03,8,10032,1,38,9_2,19,953,221,0,0
2026-10-03,8,10032,1,39,6057_1,20,1138,230,9,0
2026-10-03,8,10032,1,40,6069_1,20,1169,234,6,0
2026-10-03,8,10032,1,41,6102_1,21,2061,276,45,0
2026-10-03,8,10032,1,42,6070_2,21,2360,283,52,0
2026-10-03,8,10032,1,43,393_1,21,3068,315,84,1
2026-10-03,8,10032,1,44,114_1,22,1412,245,14,0
2026-10-03,8,10032,1,45,114_3,23,2533,300,51,1
2026-10-03,8,10032,1,46,3_1,25,4749,355,126,1
2026-10-03,8,10032,1,47,73_1,28,3763,335,44,1
2026-10-03,8,10032,1,48,72_2,29,5056,347,81,3
2026-10-03,8,10032,1,49,55_1,30,5373,348,82,3
2026-10-03,8,10032,1,50,56_1,30,5742,375,61,3
2026-10-03,8,10032,1,51,57_1,32,6049,377,15,3
2026-10-03,8,10032,1,52,59_1,34,5767,368,0,3
2026-10-03,8,10032,1,53,61_1,32,3848,301,0,1
2026-10-03,8,10033,1,2,6260_2,1,69,69,69,0
2026-10-03,8,10033,1,3,6169_1,1,87,87,87,0
2026-10-03,8,10033,1,4,6405_1,2,187,114,73,0
2026-10-03,8,10033,1,5,6074_1,2,179,110,69,0
2026-10-03,8,10033,1,6,6401_1,2,179,110,69,0
2026-10-03,8,10033,1,7,6400_1,3,200,110,21,0
2026-10-03,8,10033,1,8,6033_2,4,235,110,21,0
2026-10-03,8,10033,1,9,6211_2,4,235,110,21,0
2026-10-03,8,10033,1,10,6170_1,5,292,110,21,0
2026-10-03,8,10033,1,11,7841_2,5,309,109,20,0
2026-10-03,8,10033,1,12,91_3,1,0,0,0,0
2026-10-03,8,10034,0,1,91_2,1,0,0,0,0
2026-10-03,8,10034,0,2,7841_4,2,4,4,0,0
2026-10-03,8,10034,0,3,6170_2,3,67,24,20,0
2026-10-03,8,10034,0,4,6902_2,3,169,58,54,0
2026-10-03,8,10034,0,5,6006_2,3,274,93,89,0
2026-10-03,8,10034,0,6,6229_2,4,404,112,73,0
2026-10-03,8,10034,0,7,6074_2,4,448,123,84,0
2026-10-03,8,10034,0,8,6169_2,6,322,81,21,0
2026-10-03,8,10034,0,9,6263_2,2,100,50,50,0
2026-10-03,8,10047,0,1,61_1,2,0,0,0,0
2026-10-03,8,10047,0,2,59_4,4,426,119,101,0
2026-10-03,8,10047,0,3,57_2,6,489,115,13,0
2026-10-03,8,10047,0,4,56_2,8,1404,253,92,0
2026-10-03,8,10047,0,5,55_2,11,2909,353,120,3
2026-10-03,8,10047,0,6,72_1,7,1795,317,195,1
2026-10-03,8,10047,0,7,73_2,7,1771,351,206,1
2026-10-03,8,10047,0,8,73_3,8,1519,294,128,0
2026-10-03,8,10047,0,9,3_2,9,2003,444,133,1
2026-10-03,8,10047,0,10,114_4,10,1599,406,43,2
2026-10-03,8,10047,0,11,393_2,12,2724,527,87,3
2026-10-03,8,10047,0,12,6070_3,14,3352,512,91,4
2026-10-03,8,10047,0,13,6102_2,16,3882,496,52,5
2026-10-03,8,10047,0,14,6069_2,17,3710,472,45,5
2026-10-03,8,10047,0,15,6057_2,18,3739,474,17,6
2026-10-03,8,10047,0,16,9_5,18,3348,473,0,6
2026-10-03,8,10047,0,17,6241_2,18,4865,538,34,7
2026-10-03,8,10047,0,18,6143_2,22,5632,611,0,9
2026-10-03,8,10047,0,19,6166_2,23,5786,613,0,9
2026-10-03,8,10047,0,20,446_4,14,3810,500,0,7
2026-10-03,8,10047,0,21,6161_2,12,2577,478,0,3
2026-10-03,8,10047,0,22,6001_2,10,1899,472,30,2
2026-10-03,8,10047,0,23,6160_2,10,1460,317,19,1
2026-10-03,8,10047,0,24,6162_2,10,1680,348,5,3
2026-10-03,8,10047,0,25,6041_2,9,1552,341,38,2
2026-10-03,8,10047,0,26,243_2,8,859,186,24,0
2026-10-03,8,10047,0,27,6228_2,9,1083,196,52,0
2026-10-03,8,10047,0,28,95_2,7,363,112,0,0
2026-10-03,8,10047,0,29,94_3,7,583,111,42,0
2026-10-03,8,10047,1,2,6031_1,3,250,98,76,0
2026-10-03,8,10047,1,3,6042_1,4,237,64,47,0
2026-10-03,8,10047,1,4,6200_1,5,245,68,22,0
2026-10-03,8,10047,1,5,6176_1,5,249,83,22,0
2026-10-03,8,10047,1,6,6206_1,6,314,84,28,0
2026-10-03,8,10047,1,7,6246_1,7,520,103,45,0
2026-10-03,8,10047,1,8,6181_1,9,412,90,10,0
2026-10-03,8,10047,1,9,6225_1,10,306,79,0,0
2026-10-03,8,10047,1,10,6258_1,8,180,70,0,0
2026-10-03,8,10047,1,11,6240_1,10,343,84,1,0
2026-10-03,8,10047,1,12,6257_1,10,617,113,26,0
2026-10-03,8,10047,1,13,6244_1,12,656,96,26,0
2026-10-03,8,10047,1,14,6094_1,12,490,88,4,0
2026-10-03,8,10047,1,15,6256_1,12,640,114,0,0
2026-10-03,8,10047,1,16,6255_1,14,472,90,0,0
2026-10-03,8,10047,1,17,6064_2,15,942,122,31,0
2026-10-03,8,10047,1,18,6242_2,16,911,117,27,0
2026-10-03,8,10047,1,19,94_2,17,848,108,11,0
2026-10-03,8,10047,1,20,95_1,18,747,105,0,0
2026-10-03,8,10047,1,21,6228_1,19,1284,123,33,0
2026-10-03,8,10047,1,22,243_1,21,1668,169,28,0
2026-10-03,8,10047,1,23,6041_1,21,2218,193,55,0
2026-10-03,8,10047,1,24,6162_1,22,1640,166,25,0
2026-10-03,8,10047,1,25,6160_1,25,2070,181,19,0
2026-10-03,8,10047,1,26,6001_1,23,1357,147,0,0
2026-10-03,8,10047,1,27,6161_1,20,1113,142,0,0
2026-10-03,8,10047,1,28,446_3,19,705,113,0,0
2026-10-03,8,10047,1,29,6166_1,23,1112,112,0,0
2026-10-03,8,10047,1,30,6143_1,20,759,110,1,0
2026-10-03,8,10047,1,31,6241_1,19,422,49,0,0
2026-10-03,8,10047,1,32,9_2,7,73,36,0,0
2026-10-03,8,10047,1,33,6057_1,9,170,47,9,0
2026-10-03,8,10047,1,34,6069_1,9,95,35,0,0
2026-10-03,8,10047,1,35,6102_1,11,969,125,42,0
2026-10-03,8,10047,1,36,6070_2,13,1111,115,49,0
2026-10-03,8,10047,1,37,393_1,15,1930,181,81,0
2026-10-03,8,10047,1,38,114_1,17,1171,122,11,0
2026-10-03,8,10047,1,39,114_3,18,1865,156,48,0
2026-10-03,8,10047,1,40,3_1,21,6305,439,160,13
2026-10-03,8,10047,1,41,73_1,23,4990,421,72,3
2026-10-03,8,10047,1,42,72_2,24,6114,446,133,5
2026-10-03,8,10047,1,43,55_1,25,5302,382,89,3
2026-10-03,8,10047,1,44,56_1,24,5537,419,126,4
2026-10-03,8,10047,1,45,57_1,20,4529,300,138,1
2026-10-03,8,10047,1,46,59_1,19,3672,300,104,1
2026-10-03,8,10047,1,47,61_1,27,3552,300,0,1
2026-10-03,8,10049,0,1,91_1,1,0,0,0,0
2026-10-03,8,10049,0,2,6016_1,1,62,62,62,0
2026-10-03,8,10049,0,3,93_1,2,141,83,58,0
2026-10-03,8,10049,0,4,94_1,2,203,114,89,0
2026-10-03,8,10049,0,5,6242_1,3,351,135,106,0
2026-10-03,8,10049,0,6,6064_1,4,312,107,45,0
2026-10-03,8,10049,0,7,6255_2,5,625,162,93,0
2026-10-03,8,10049,0,8,6256_2,5,815,200,131,0
2026-10-03,8,10049,0,9,6094_2,6,830,188,75,0
2026-10-03,8,10049,0,10,6244_2,6,710,168,55,0
2026-10-03,8,10049,0,11,6257_2,6,740,173,60,0
2026-10-03,8,10049,0,12,6240_2,6,872,195,82,0
2026-10-03,8,10049,0,13,6258_2,8,864,173,60,0
2026-10-03,8,10049,0,14,6225_2,5,284,88,37,0
2026-10-03,8,10049,0,15,6181_2,3,85,29,27,0
2026-10-03,8,10049,1,1,6039_1,1,0,0,0,0
2026-10-03,8,10049,1,2,6105_1,1,52,52,52,0
2026-10-03,8,10049,1,2,6031_1,2,164,89,75,0
2026-10-03,8,10049,1,3,6141_1,1,52,52,52,0
2026-10-03,8,10049,1,3,6042_1,2,104,59,45,0
2026-10-03,8,10049,1,4,6099_1,2,65,52,13,0
2026-10-03,8,10049,1,4,6200_1,2,76,45,31,0
2026-10-03,8,10049,1,5,6022_1,3,85,52,13,0
2026-10-03,8,10049,1,5,6176_1,3,172,84,37,0
2026-10-03,8,10049,1,6,6040_1,4,165,80,13,0
2026-10-03,8,10049,1,6,6206_1,4,333,119,51,0
2026-10-03,8,10049,1,7,6039_1,5,214,80,13,0
2026-10-03,8,10049,1,7,6246_1,4,489,158,90,0
2026-10-03,8,10049,1,8,6031_1,6,678,153,86,0
2026-10-03,8,10049,1,8,6181_1,5,485,128,60,0
2026-10-03,8,10049,1,9,6042_1,6,462,117,50,0
2026-10-03,8,10049,1,9,6225_1,6,537,132,44,0
2026-10-03,8,10049,1,10,6200_1,6,402,107,40,0
2026-10-03,8,10049,1,10,6258_1,6,441,116,28,0
2026-10-03,8,10049,1,11,6176_1,7,471,110,43,0
2026-10-03,8,10049,1,11,6240_1,7,548,115,27,0
2026-10-03,8,10049,1,12,6206_1,7,472,110,43,0
2026-10-03,8,10049,1,12,6257_1,8,924,180,55,0
2026-10-03,8,10049,1,13,6246_1,8,669,127,60,0
2026-10-03,8,10049,1,13,6244_1,8,820,167,42,0
2026-10-03,8,10049,1,14,6181_1,8,382,89,29,0
2026-10-03,8,10049,1,14,6094_1,8,644,145,20,0
2026-10-03,8,10049,1,15,6225_1,9,339,85,13,0
2026-10-03,8,10049,1,15,6256_1,10,1072,194,25,0
2026-10-03,8,10049,1,16,6258_1,8,205,71,0,0
2026-10-03,8,10049,1,16,6255_1,7,396,95,1,0
2026-10-03,8,10049,1,17,6240_1,9,351,93,1,0
2026-10-03,8,10049,1,17,6064_2,2,80,47,33,0
2026-10-03,8,10049,1,18,6257_1,10,697,128,26,0
2026-10-03,8,10049,1,19,6244_1,9,553,128,26,0
2026-10-03,8,10049,1,20,6094_1,10,405,106,4,0
2026-10-03,8,10049,1,21,6256_1,10,318,99,0,0
2026-10-03,8,10049,1,22,6255_1,8,210,93,0,0
2026-10-03,8,10049,1,23,6064_2,9,526,124,29,0
2026-10-03,8,10049,1,24,6242_2,11,576,124,16,0
2026-10-03,8,10049,1,25,94_4,11,1555,213,105,0
2026-10-03,8,10049,1,26,93_2,12,1725,223,60,0
2026-10-03,8,10049,1,27,6016_2,13,1782,212,54,0
2026-10-03,8,10049,1,28,91_1,13,3087,311,159,1
2026-10-03,8,10050,0,1,91_4,2,0,0,0,0
2026-10-03,8,10050,0,2,6016_1,4,271,75,60,0
2026-10-03,8,10050,0,3,93_1,6,440,96,58,0
2026-10-03,8,10050,0,4,6013_2,7,876,169,85,0
2026-10-03,8,10050,0,5,6212_2,9,1125,173,83,0
2026-10-03,8,10050,0,6,6205_2,9,1498,197,132,0
2026-10-03,8,10050,0,7,6187_3,12,1815,189,125,0
2026-10-03,8,10050,0,8,6011_2,12,1614,166,105,0
2026-10-03,8,10050,0,9,6018_2,12,1546,179,97,0
2026-10-03,8,10050,0,10,6190_2,10,1449,171,121,0
2026-10-03,8,10050,0,11,6171_2,7,672,122,78,0
2026-10-03,8,10050,0,12,6014_3,1,0,0,0,0
2026-10-03,8,10050,1,1,6014_1,2,0,0,0,0
2026-10-03,8,10050,1,2,6171_1,3,145,91,22,0
2026-10-03,8,10050,1,3,6190_1,5,200,71,9,0
2026-10-03,8,10050,1,4,6018_1,7,516,142,3,0
2026-10-03,8,10050,1,5,6011_3,9,396,148,0,0
2026-10-03,8,10050,1,6,6187_2,11,452,149,0,0
2026-10-03,8,10050,1,7,6205_1,12,504,148,0,0
2026-10-03,8,10050,1,8,6212_1,12,539,145,0,0
2026-10-03,8,10050,1,9,6013_1,13,631,142,0,0
2026-10-03,8,10050,1,10,93_2,15,985,152,24,0
2026-10-03,8,10050,1,11,6016_2,14,738,110,26,0
2026-10-03,8,10050,1,12,91_4,3,51,51,0,0
2026-10-03,8,10051,0,1,91_4,2,0,0,0,0
2026-10-03,8,10051,0,2,6016_1,4,298,120,33,0
2026-10-03,8,10051,0,3,93_1,6,416,110,21,0
2026-10-03,8,10051,0,4,6013_2,7,910,163,79,0
2026-10-03,8,10051,0,5,6212_2,8,1063,164,90,0
2026-10-03,8,10051,0,6,6205_2,9,1247,179,87,0
2026-10-03,8,10051,0,7,6187_3,9,1168,164,82,0
2026-10-03,8,10051,0,8,6011_4,10,1673,224,120,0
2026-10-03,8,10051,0,9,6017_2,12,2285,232,150,0
2026-10-03,8,10051,0,10,6172_2,12,2005,217,127,0
2026-10-03,8,10051,0,11,6067_2,15,3099,251,168,0
2026-10-03,8,10051,0,12,6248_2,16,2967,232,145,0
2026-10-03,8,10051,0,13,6249_2,18,2995,221,91,0
2026-10-03,8,10051,0,14,6015_2,19,1106,108,0,0
2026-10-03,8,10051,1,1,6015_1,4,10,10,0,0
2026-10-03,8,10051,1,2,6249_1,4,175,50,41,0
2026-10-03,8,10051,1,3,6248_1,6,296,63,43,0
2026-10-03,8,10051,1,4,6067_1,3,43,23,0,0
2026-10-03,8,10051,1,5,6172_1,5,110,40,0,0
2026-10-03,8,10051,1,6,6017_1,6,270,81,36,0
2026-10-03,8,10051,1,7,6011_1,7,150,49,4,0
2026-10-03,8,10051,1,8,6187_2,9,593,101,19,0
2026-10-03,8,10051,1,9,6205_1,10,614,93,11,0
2026-10-03,8,10051,1,10,6212_1,10,552,85,8,0
2026-10-03,8,10051,1,11,6013_1,13,586,103,5,0
2026-10-03,8,10051,1,12,93_2,14,1325,146,54,0
2026-10-03,8,10051,1,13,6016_2,16,1634,157,48,0
2026-10-03,8,10051,1,14,91_4,6,5,5,0,0
2026-10-03,8,10053,0,8,448_2,1,164,164,164,0
2026-10-03,8,10053,0,9,14_3,2,278,164,114,0
2026-10-03,8,10053,0,10,15_2,5,367,164,15,0
2026-10-03,8,10053,0,11,16_2,6,409,164,15,0
2026-10-03,8,10053,0,12,17_2,7,894,224,75,0
2026-10-03,8,10053,0,13,18_2,8,917,224,23,0
2026-10-03,8,10053,0,14,44_2,9,926,224,9,0
2026-10-03,8,10053,0,15,43_2,9,926,224,9,0
2026-10-03,8,10053,0,16,42_2,10,964,224,9,0
2026-10-03,8,10053,0,17,21_2,10,964,224,9,0
2026-10-03,8,10053,0,18,40_2,11,1021,224,9,0
2026-10-03,8,10053,0,19,39_2,12,1085,224,9,0
2026-10-03,8,10053,0,20,7471_2,13,1171,224,9,0
2026-10-03,8,10053,0,21,472_2,13,1951,284,69,0
2026-10-03,8,10053,0,22,473_2,14,2040,284,69,0
2026-10-03,8,10053,0,23,474_2,14,2040,284,69,0
2026-10-03,8,10053,0,24,7475_3,15,3039,344,129,1
2026-10-03,8,10053,0,25,6260_2,14,2740,328,128,1
2026-10-03,8,10053,0,26,6263_2,15,3196,336,150,1
2026-10-03,8,10053,0,27,6196_2,16,3049,314,129,1
2026-10-03,8,10053,0,28,6134_2,15,2892,315,127,1
2026-10-03,8,10053,0,29,6106_2,16,3054,311,128,1
2026-10-03,8,10053,0,30,6020_9,17,3119,305,119,1
2026-10-03,8,10053,0,31,6043_9,17,4139,365,179,2
2026-10-03,8,10053,0,32,6188_1,18,5452,425,239,7
2026-10-03,8,10053,0,33,6073_2,19,6887,485,299,18
2026-10-03,8,10053,0,34,6152_1,20,7161,485,274,18
2026-10-03,8,10053,0,35,6300_2,21,7432,485,271,18
2026-10-03,8,10053,0,36,6289_9,21,7432,485,271,18
2026-10-03,8,10053,0,37,6301_9,22,7696,485,264,18
2026-10-03,8,10053,0,38,6355_9,23,7998,485,264,19
2026-10-03,8,10053,0,39,6353_1,23,7998,485,264,19
2026-10-03,8,10053,0,40,6332_1,23,7998,485,264,19
2026-10-03,8,10053,0,41,6367_9,23,7998,485,264,19
2026-10-03,8,10053,0,42,6347_9,22,7232,413,154,17
2026-10-03,8,10053,0,43,6294_1,3,400,154,123,0
2026-10-03,8,10054,0,1,6073_2,1,0,0,0,0
2026-10-03,8,10054,0,2,6293_1,1,0,0,0,0
2026-10-03,8,10054,0,3,6402_9,1,0,0,0,0
2026-10-03,8,10054,0,4,6271_9,1,0,0,0,0
2026-10-03,8,10054,0,5,6292_1,1,0,0,0,0
2026-10-03,8,10059,0,1,91_3,4,46,46,0,0
2026-10-03,8,10059,0,2,7841_4,8,258,113,0,0
2026-10-03,8,10059,0,3,6170_2,9,452,131,19,0
2026-10-03,8,10059,0,4,6902_2,9,562,142,29,0
2026-10-03,8,10059,0,5,6006_2,7,785,178,65,0
2026-10-03,8,10059,0,6,6229_2,9,1121,193,73,0
2026-10-03,8,10059,0,7,6074_2,10,1164,176,57,0
2026-10-03,8,10059,0,8,6169_2,12,805,142,0,0
2026-10-03,8,10059,0,9,6260_1,14,1291,176,22,0
2026-10-03,8,10059,0,10,7475_3,5,77,41,0,0
2026-10-03,8,10059,0,10,7475_1,10,593,125,0,0
2026-10-03,8,10059,0,11,6260_2,6,114,41,0,0
2026-10-03,8,10059,0,12,6263_2,9,273,63,8,0
2026-10-03,8,10059,0,13,6196_2,10,156,42,0,0
2026-10-03,8,10059,0,14,6134_2,10,146,40,0,0
2026-10-03,8,10059,0,15,6106_2,12,189,41,0,0
2026-10-03,8,10059,0,16,6020_9,10,124,32,0,0
2026-10-03,8,10059,0,17,6019_1,3,0,0,0,0
2026-10-03,8,10059,1,1,7475_1,2,0,0,0,0
2026-10-03,8,10059,1,2,6260_2,5,210,114,1,0
2026-10-03,8,10059,1,3,6169_1,7,502,163,15,0
2026-10-03,8,10059,1,4,6405_1,7,680,195,32,0
2026-10-03,8,10059,1,5,6074_1,9,816,188,25,0
2026-10-03,8,10059,1,6,6229_1,10,1032,201,21,0
2026-10-03,8,10059,1,7,6006_1,13,1838,238,28,0
2026-10-03,8,10059,1,8,6902_1,13,2505,301,84,1
2026-10-03,8,10059,1,9,6170_1,17,3215,298,86,0
2026-10-03,8,10059,1,10,7841_2,18,3686,316,96,5
2026-10-03,8,10059,1,11,91_3,8,51,20,0,0
2026-10-03,8,10059,1,14,6006_1,4,476,128,104,0
2026-10-03,8,10059,1,15,6902_1,5,866,185,161,0
2026-10-03,8,10059,1,16,6170_1,5,776,167,143,0
2026-10-03,8,10059,1,17,7841_2,6,1085,194,166,0
2026-10-03,8,10059,1,18,91_3,7,120,30,2,0
2026-10-03,8,10060,0,1,3_1,1,130,130,130,0
2026-10-03,8,10060,0,2,73_1,2,143,79,64,0
2026-10-03,8,10060,0,3,128_1,6,566,149,45,0
2026-10-03,8,10060,0,4,114_5,8,270,104,0,0
2026-10-03,8,10060,0,5,393_2,12,1892,244,99,0
2026-10-03,8,10060,0,6,6070_3,15,2274,248,102,0
2026-10-03,8,10060,0,7,6102_2,17,2412,234,87,0
2026-10-03,8,10060,0,8,6069_2,19,2478,228,79,0
2026-10-03,8,10060,0,9,6057_2,19,1998,201,54,0
2026-10-03,8,10060,0,10,9_5,21,1516,152,0,0
2026-10-03,8,10060,0,11,6241_2,24,2933,201,54,0
2026-10-03,8,10060,0,12,6143_2,26,2413,170,23,0
2026-10-03,8,10060,0,13,6166_2,28,2489,187,15,0
2026-10-03,8,10060,0,14,446_4,25,1496,131,0,0
2026-10-03,8,10060,0,15,6161_2,28,2253,176,0,0
2026-10-03,8,10060,0,16,6001_2,29,3260,218,30,0
2026-10-03,8,10060,0,17,6160_2,31,3191,208,19,0
2026-10-03,8,10060,0,18,6162_2,32,3809,240,5,0
2026-10-03,8,10060,0,19,6041_2,34,5234,277,38,0
2026-10-03,8,10060,0,20,243_2,36,4836,241,24,0
2026-10-03,8,10060,0,21,6228_2,33,4575,273,52,0
2026-10-03,8,10060,0,22,95_2,26,2472,226,0,0
2026-10-03,8,10060,0,23,94_3,32,4321,263,42,0
2026-10-03,8,10060,0,24,6013_2,47,4523,244,21,0
2026-10-03,8,10060,0,25,6212_2,50,4912,243,8,0
2026-10-03,8,10060,0,26,6205_2,49,5265,273,16,0
2026-10-03,8,10060,0,27,6187_3,55,5236,362,0,1
2026-10-03,8,10060,0,28,6011_4,56,7012,423,13,3
2026-10-03,8,10060,0,29,6017_2,57,7744,437,17,3
2026-10-03,8,10060,0,30,6172_2,58,7023,410,0,4
2026-10-03,8,10060,0,31,6067_2,59,9239,455,31,7
2026-10-03,8,10060,0,32,6248_2,59,8399,436,8,5
2026-10-03,8,10060,0,33,6249_2,60,7679,425,7,4
2026-10-03,8,10060,0,34,6015_2,27,2362,312,0,2
2026-10-03,8,10060,1,1,6015_1,3,0,0,0,0
2026-10-03,8,10060,1,2,6249_1,4,160,56,32,0
2026-10-03,8,10060,1,3,6248_1,4,137,48,23,0
2026-10-03,8,10060,1,4,6067_1,7,78,30,0,0
2026-10-03,8,10060,1,5,6172_1,10,294,43,13,0
2026-10-03,8,10060,1,6,6017_1,10,560,95,16,0
2026-10-03,8,10060,1,7,6011_1,11,405,76,5,0
2026-10-03,8,10060,1,8,6187_2,13,937,108,19,0
2026-10-03,8,10060,1,9,6205_1,17,1112,100,18,0
2026-10-03,8,10060,1,10,6212_1,18,1161,96,15,0
2026-10-03,8,10060,1,11,6013_1,15,680,80,0,0
2026-10-03,8,10060,1,12,94_2,20,550,70,0,0
2026-10-03,8,10060,1,13,95_1,20,406,60,0,0
2026-10-03,8,10060,1,14,6228_1,22,1012,84,18,0
2026-10-03,8,10060,1,15,243_1,24,1458,107,20,0
2026-10-03,8,10060,1,16,6041_1,26,2290,131,47,0
2026-10-03,8,10060,1,17,6162_1,27,1553,104,17,0
2026-10-03,8,10060,1,18,6160_1,28,1901,119,18,0
2026-10-03,8,10060,1,19,6001_1,26,1113,85,0,0
2026-10-03,8,10060,1,20,6161_1,27,926,80,0,0
2026-10-03,8,10060,1,21,446_3,19,275,51,0,0
2026-10-03,8,10060,1,22,6166_1,25,546,58,0,0
2026-10-03,8,10060,1,23,6143_1,25,390,42,0,0
2026-10-03,8,10060,1,24,6241_1,21,264,32,0,0
2026-10-03,8,10060,1,25,9_2,19,143,21,0,0
2026-10-03,8,10060,1,26,8_3,7,26,26,0,0
2026-10-03,8,10060,1,27,6_1,11,149,29,2,0
2026-10-03,8,10060,1,28,902_1,16,413,37,2,0
2026-10-03,8,10060,1,29,5_1,11,89,29,0,0
2026-10-03,8,10060,1,30,4_1,16,113,25,0,0
2026-10-03,8,10060,1,31,6059_1,24,2961,150,100,0
2026-10-03,8,10060,1,32,3_1,28,2926,150,31,0
2026-10-03,8,10060,1,33,73_1,34,1286,79,0,0
2026-10-03,8,10060,1,34,128_1,42,3374,149,0,0
2026-10-03,8,10060,1,35,114_5,38,1537,104,0,0
2026-10-03,8,10062,1,1,6019_1,1,0,0,0,0
2026-10-03,8,10062,1,2,6020_1,4,96,28,18,0
2026-10-03,8,10062,1,3,6106_1,4,158,57,29,0
2026-10-03,8,10062,1,4,6134_1,5,122,42,15,0
2026-10-03,8,10062,1,5,6196_1,2,111,66,45,0
2026-10-03,8,10062,1,6,6263_1,3,147,59,38,0
2026-10-03,8,10062,1,7,6169_1,4,76,31,4,0
2026-10-03,8,10062,1,8,6405_1,4,140,47,20,0
2026-10-03,8,10062,1,9,6074_1,4,140,47,20,0
2026-10-03,8,10062,1,10,6229_1,5,230,62,27,0
2026-10-03,8,10062,1,11,6006_1,6,340,75,40,0
2026-10-03,8,10062,1,12,6902_1,6,574,114,79,0
2026-10-03,8,10062,1,13,6170_1,6,730,140,105,0
2026-10-03,8,10062,1,14,7841_2,7,823,139,99,0
2026-10-03,8,10062,1,15,91_2,1,0,0,0,0
2026-10-03,8,10064,0,1,91_2,1,0,0,0,0
2026-10-03,8,10064,0,2,7841_4,3,22,11,0,0
2026-10-03,8,10064,0,3,6170_2,3,67,26,15,0
2026-10-03,8,10064,0,4,6902_2,4,78,26,10,0
2026-10-03,8,10064,0,5,6006_2,4,222,62,46,0
2026-10-03,8,10064,0,6,6229_2,5,422,131,61,0
2026-10-03,8,10064,0,7,6074_2,5,358,121,44,0
2026-10-03,8,10064,0,8,6169_2,6,223,101,0,0
2026-10-03,8,10064,0,9,6263_2,6,583,161,60,0
2026-10-03,8,10064,0,10,6196_2,7,711,164,40,0
2026-10-03,8,10064,0,11,6134_2,8,804,159,40,0
2026-10-03,8,10064,0,12,6106_2,9,870,156,34,0
2026-10-03,8,10064,0,13,6020_9,9,873,158,31,0
2026-10-03,8,10064,0,14,6019_1,8,239,126,0,0
2026-10-03,8,10064,0,15,6043_9,4,190,114,0,0
2026-10-03,8,10064,0,16,6188_1,6,414,218,0,0
2026-10-03,8,10064,0,17,6073_2,8,718,197,0,0
2026-10-03,8,10064,0,18,6152_1,9,1063,357,0,1
2026-10-03,8,10064,0,19,6300_2,11,1448,364,0,2
2026-10-03,8,10064,0,20,6289_9,10,1345,348,0,2
2026-10-03,8,10064,0,21,6301_9,13,2271,386,0,4
2026-10-03,8,10066,1,4,6149_9,1,65,65,65,0
2026-10-03,8,10066,1,5,6147_1,2,102,69,33,0
2026-10-03,8,10066,1,6,6122_1,2,84,60,24,0
2026-10-03,8,10066,1,7,6150_1,3,147,70,34,0
2026-10-03,8,10066,1,8,6036_1,3,105,56,20,0
2026-10-03,8,10066,1,9,6148_1,4,156,61,25,0
2026-10-03,8,10066,1,10,6019_2,5,312,91,36,0
2026-10-03,8,10066,1,11,6020_1,6,478,113,56,0
2026-10-03,8,10066,1,12,6106_1,6,532,122,65,0
2026-10-03,8,10066,1,13,6134_1,7,408,91,34,0
2026-10-03,8,10066,1,14,6196_1,7,590,117,60,0
2026-10-03,8,10066,1,15,6263_1,8,465,87,31,0
2026-10-03,8,10066,1,16,6169_1,9,281,71,0,0
2026-10-03,8,10066,1,17,6405_1,9,557,97,32,0
2026-10-03,8,10066,1,18,6074_1,9,506,96,25,0
2026-10-03,8,10066,1,19,6229_1,9,628,116,37,0
2026-10-03,8,10066,1,20,6006_1,10,921,140,61,0
2026-10-03,8,10066,1,21,6902_1,9,1392,203,122,0
2026-10-03,8,10066,1,22,6170_1,9,1349,200,119,0
2026-10-03,8,10066,1,23,7841_2,12,1992,218,137,0
2026-10-03,8,10066,1,24,91_2,10,251,71,0,0
2026-10-03,8,10068,0,1,3_1,1,52,52,52,0
2026-10-03,8,10068,0,2,73_1,2,0,0,0,0
2026-10-03,8,10068,0,2,215_2,1,22,22,22,0
2026-10-03,8,10068,0,3,128_1,4,259,118,37,0
2026-10-03,8,10068,0,3,216_2,1,58,58,58,0
2026-10-03,8,10068,0,4,114_5,4,40,22,0,0
2026-10-03,8,10068,0,4,752_2,1,33,33,33,0
2026-10-03,8,10068,0,5,3_3,4,43,23,0,0
2026-10-03,8,10068,0,5,7217_2,1,12,12,12,0
2026-10-03,8,10068,0,6,4_3,5,61,26,0,0
2026-10-03,8,10068,0,6,422_1,1,16,16,16,0
2026-10-03,8,10068,0,7,254_2,6,337,84,19,0
2026-10-03,8,10068,0,7,421_1,3,156,57,47,0
2026-10-03,8,10068,0,8,53_3,6,169,57,0,0
2026-10-03,8,10068,0,8,6163_1,3,168,61,51,0
2026-10-03,8,10068,0,9,253_2,8,435,97,23,0
2026-10-03,8,10068,0,9,419_1,4,224,74,45,0
2026-10-03,8,10068,0,10,186_2,10,495,98,0,0
2026-10-03,8,10068,0,10,418_1,5,616,164,102,0
2026-10-03,8,10068,0,11,252_2,11,775,125,22,0
2026-10-03,8,10068,0,11,440_1,5,559,151,91,0
2026-10-03,8,10068,0,12,150_2,14,1308,145,55,0
2026-10-03,8,10068,0,12,6236_1,6,1036,232,140,0
2026-10-03,8,10068,0,13,151_2,16,2032,207,59,0
2026-10-03,8,10068,0,13,6109_1,7,353,102,10,0
2026-10-03,8,10068,0,14,152_3,13,1003,156,0,0
2026-10-03,8,10068,0,15,251_2,17,1570,171,3,0
2026-10-03,8,10068,0,16,250_2,17,1536,196,0,0
2026-10-03,8,10068,0,17,249_2,17,1633,196,0,0
2026-10-03,8,10068,0,18,606_2,19,1893,196,0,0
2026-10-03,8,10068,0,19,607_2,21,1867,196,0,0
2026-10-03,8,10068,0,20,608_2,20,1747,196,0,0
2026-10-03,8,10068,0,21,609_2,21,1922,196,0,0
2026-10-03,8,10068,0,22,610_2,22,2264,220,0,0
2026-10-03,8,10068,0,23,765_2,25,3116,264,10,0
2026-10-03,8,10068,0,24,7717_2,28,3213,238,10,0
2026-10-03,8,10068,0,25,6023_1,30,3808,281,10,0
2026-10-03,8,10068,0,26,210_2,33,3749,240,10,0
2026-10-03,8,10068,0,27,211_2,33,3537,219,10,0
2026-10-03,8,10068,0,28,212_2,34,3836,250,10,0
2026-10-03,8,10068,0,29,615_2,36,5222,314,20,1
2026-10-03,8,10068,0,30,7213_2,39,7191,315,80,1
2026-10-03,8,10068,0,31,214_2,39,5569,276,2,0
2026-10-03,8,10068,0,32,215_2,40,5586,276,0,0
2026-10-03,8,10068,0,33,216_2,46,8156,312,42,1
2026-10-03,8,10068,0,34,752_2,45,6996,287,8,0
2026-10-03,8,10068,0,35,7217_2,46,6686,266,0,0
2026-10-03,8,10068,0,36,422_1,46,7130,284,0,0
2026-10-03,8,10068,0,37,421_1,51,10757,339,65,6
2026-10-03,8,10068,0,38,6163_1,52,11068,338,61,7
2026-10-03,8,10068,0,39,419_1,55,11718,337,67,6
2026-10-03,8,10068,0,40,418_1,38,9168,380,151,5
2026-10-03,8,10068,0,41,440_1,36,8394,369,152,4
2026-10-03,8,10068,0,42,6236_1,29,8903,418,209,19
2026-10-03,8,10068,0,43,6109_1,28,4982,299,79,0
2026-10-03,8,10068,1,1,6109_1,1,0,0,0,0
2026-10-03,8,10068,1,2,6236_2,1,27,27,27,0
2026-10-03,8,10068,1,3,440_2,2,97,59,38,0
2026-10-03,8,10068,1,4,418_2,3,300,109,88,0
2026-10-03,8,10068,1,5,419_2,4,424,169,73,0
2026-10-03,8,10068,1,6,6163_2,4,472,181,85,0
2026-10-03,8,10068,1,7,421_2,5,721,197,98,0
2026-10-03,8,10068,1,8,422_2,6,724,166,67,0
2026-10-03,8,10068,1,9,7217_1,6,614,149,42,0
2026-10-03,8,10068,1,10,752_1,7,854,166,51,0
2026-10-03,8,10068,1,11,216_1,7,770,148,54,0
2026-10-03,8,10068,1,12,215_1,8,951,153,63,0
2026-10-03,8,10068,1,13,214_1,9,1055,151,58,0
2026-10-03,8,10068,1,14,7213_1,10,1295,165,60,0
2026-10-03,8,10068,1,15,615_1,11,2179,233,131,0
2026-10-03,8,10068,1,16,212_1,12,1881,196,94,0
2026-10-03,8,10068,1,17,211_1,12,3077,298,181,0
2026-10-03,8,10068,1,18,210_1,12,3116,339,167,3
2026-10-03,8,10068,1,19,6023_3,1,251,251,251,0
2026-10-03,8,10068,1,20,7717_1,1,193,193,193,0
2026-10-03,8,10068,1,21,765_1,10,1606,224,132,0
2026-10-03,8,10068,1,22,610_1,12,857,143,14,0
2026-10-03,8,10068,1,23,609_1,14,763,130,0,0
2026-10-03,8,10068,1,24,608_1,14,1504,185,56,0
2026-10-03,8,10068,1,25,607_1,12,1274,180,51,0
2026-10-03,8,10068,1,26,606_1,15,1473,176,47,0
2026-10-03,8,10068,1,27,249_1,16,956,139,10,0
2026-10-03,8,10068,1,28,250_1,17,1025,146,17,0
2026-10-03,8,10068,1,29,251_1,18,842,135,6,0
2026-10-03,8,10068,1,30,152_2,19,1129,130,17,0
2026-10-03,8,10068,1,31,151_1,19,2065,186,74,0
2026-10-03,8,10068,1,32,150_1,20,2217,171,56,0
2026-10-03,8,10068,1,33,252_1,21,3372,234,110,0
2026-10-03,8,10068,1,34,186_1,24,1725,133,11,0
2026-10-03,8,10068,1,35,253_1,25,1754,138,16,0
2026-10-03,8,10068,1,36,53_1,22,1077,138,0,0
2026-10-03,8,10068,1,37,254_1,21,1686,181,19,0
2026-10-03,8,10068,1,38,4_4,24,2306,219,5,0
2026-10-03,8,10068,1,39,6059_1,19,2468,270,0,0
2026-10-03,8,10068,1,40,3_1,26,3776,285,58,0
2026-10-03,8,10068,1,41,73_1,32,2830,206,0,0
2026-10-03,8,10068,1,42,128_1,36,3159,194,0,0
2026-10-03,8,10068,1,43,114_5,24,1477,156,0,0
2026-10-03,8,10069,1,1,214_3,1,5,5,5,0
2026-10-03,8,10069,1,2,7213_1,2,50,45,5,0
2026-10-03,8,10069,1,3,615_1,2,170,105,65,0
2026-10-03,8,10069,1,4,212_1,3,228,110,39,0
2026-10-03,8,10069,1,5,211_1,4,482,150,79,0
2026-10-03,8,10069,1,6,210_1,5,338,128,11,0
2026-10-03,8,10069,1,7,6023_3,6,942,219,88,0
2026-10-03,8,10069,1,8,7717_1,6,738,185,54,0
2026-10-03,8,10069,1,9,765_1,7,1068,203,79,0
2026-10-03,8,10069,1,10,610_1,7,513,118,4,0
2026-10-03,8,10069,1,11,609_1,8,626,132,0,0
2026-10-03,8,10069,1,12,608_1,8,1100,187,58,0
2026-10-03,8,10069,1,13,607_1,9,1081,163,41,0
2026-10-03,8,10069,1,14,606_1,10,1502,221,37,0
2026-10-03,8,10069,1,15,249_1,11,940,157,0,0
2026-10-03,8,10069,1,16,250_1,11,999,155,7,0
2026-10-03,8,10069,1,17,251_1,12,968,133,0,0
2026-10-03,8,10069,1,18,152_2,12,1178,146,23,0
2026-10-03,8,10069,1,19,151_1,12,1722,196,69,0
2026-10-03,8,10069,1,20,150_1,14,2007,195,85,0
2026-10-03,8,10069,1,21,252_1,14,2593,243,133,0
2026-10-03,8,10069,1,22,186_1,14,1460,162,52,0
2026-10-03,8,10069,1,23,253_1,16,1391,158,0,0
2026-10-03,8,10069,1,24,53_1,15,796,110,0,0
2026-10-03,8,10069,1,25,254_1,18,1204,129,0,0
2026-10-03,8,10069,1,26,4_4,17,902,115,0,0
2026-10-03,8,10069,1,27,6059_1,15,449,82,0,0
2026-10-03,8,10069,1,28,3_1,17,1402,142,0,0
2026-10-03,8,10069,1,29,73_1,10,291,91,0,0
2026-10-03,8,10069,1,30,128_1,14,1090,161,37,0
2026-10-03,8,10069,1,31,114_5,16,2055,236,76,0
2026-10-03,8,10070,1,1,421_3,1,0,0,0,0
2026-10-03,8,10070,1,2,422_2,2,34,20,14,0
2026-10-03,8,10070,1,3,7217_1,3,111,63,21,0
2026-10-03,8,10070,1,4,752_1,3,243,107,65,0
2026-10-03,8,10070,1,5,216_1,4,185,85,8,0
2026-10-03,8,10070,1,6,215_1,5,184,77,0,0
2026-10-03,8,10070,1,7,214_1,6,209,72,0,0
2026-10-03,8,10070,1,8,7213_1,7,211,67,0,0
2026-10-03,8,10070,1,9,615_1,8,649,114,47,0
2026-10-03,8,10070,1,10,212_1,8,482,96,29,0
2026-10-03,8,10070,1,11,211_1,9,1123,163,79,0
2026-10-03,8,10070,1,12,210_1,10,636,119,11,0
2026-10-03,8,10070,1,13,6023_3,11,1745,297,88,0
2026-10-03,8,10070,1,14,7717_1,12,1551,334,54,1
2026-10-03,8,10070,1,15,765_1,12,1970,379,75,1
2026-10-03,8,10070,1,16,610_1,12,1167,315,0,1
2026-10-03,8,10070,1,17,609_1,12,1237,316,0,1
2026-10-03,8,10070,1,18,608_1,14,2622,429,53,3
2026-10-03,8,10070,1,19,607_1,13,2199,398,29,3
2026-10-03,8,10070,1,20,606_1,15,2758,390,36,4
2026-10-03,8,10070,1,21,249_1,15,2038,363,0,4
2026-10-03,8,10070,1,22,250_1,15,1771,320,0,1
2026-10-03,8,10070,1,23,251_1,16,1954,330,0,2
2026-10-03,8,10070,1,24,152_2,17,2163,304,5,2
2026-10-03,8,10070,1,25,151_1,18,3092,355,55,3
2026-10-03,8,10070,1,26,150_1,19,3216,327,44,4
2026-10-03,8,10070,1,27,252_1,20,4117,359,89,4
2026-10-03,8,10070,1,28,186_1,22,2694,299,6,0
2026-10-03,8,10070,1,29,253_1,23,2442,276,0,0
2026-10-03,8,10070,1,30,53_1,19,2580,296,0,0
2026-10-03,8,10070,1,31,254_1,20,3783,428,18,7
2026-10-03,8,10070,1,32,4_4,18,2786,346,0,6
2026-10-03,8,10070,1,33,6059_1,8,551,169,0,0
2026-10-03,8,10070,1,34,3_1,4,307,97,60,0
2026-10-03,8,10072,0,1,61_2,2,0,0,0,0
2026-10-03,8,10072,0,2,59_4,5,369,82,64,0
2026-10-03,8,10072,0,3,57_2,8,628,103,39,0
2026-10-03,8,10072,0,4,56_2,7,978,196,68,0
2026-10-03,8,10072,0,5,55_4,9,1467,222,68,0
2026-10-03,8,10072,0,6,69_2,11,747,171,6,0
2026-10-03,8,10072,0,7,68_2,13,1146,171,14,0
2026-10-03,8,10072,0,8,67_2,14,764,175,0,0
2026-10-03,8,10072,0,9,65_2,16,1331,216,0,0
2026-10-03,8,10072,0,10,204_2,16,858,168,0,0
2026-10-03,8,10072,0,11,255_2,17,2078,290,0,0
2026-10-03,8,10072,0,12,205_2,16,1268,230,0,0
2026-10-03,8,10072,0,13,206_2,18,1719,253,0,0
2026-10-03,8,10072,0,14,863_3,21,2003,212,19,0
2026-10-03,8,10072,0,15,209_2,23,2768,263,15,0
2026-10-03,8,10072,0,16,210_2,23,2190,176,15,0
2026-10-03,8,10072,0,17,211_2,19,1235,111,2,0
2026-10-03,8,10072,0,18,212_2,14,858,118,17,0
2026-10-03,8,10072,0,19,615_2,11,1233,191,57,0
2026-10-03,8,10072,0,20,7213_2,11,1464,195,77,0
2026-10-03,8,10072,0,21,214_2,11,1015,195,0,0
2026-10-03,8,10072,0,22,215_2,12,1036,195,0,0
2026-10-03,8,10072,0,23,216_2,15,1925,234,44,0
2026-10-03,8,10072,0,24,752_2,14,1533,202,32,0
2026-10-03,8,10072,0,25,7217_2,16,1411,177,10,0
2026-10-03,8,10072,0,26,422_1,16,1570,175,8,0
2026-10-03,8,10072,0,27,421_1,19,2911,238,73,0
2026-10-03,8,10072,0,28,6163_1,19,2939,234,69,0
2026-10-03,8,10072,0,29,419_1,20,3100,240,75,0
2026-10-03,8,10072,0,30,418_1,21,4905,324,159,1
2026-10-03,8,10072,0,31,440_1,21,4842,325,160,1
2026-10-03,8,10072,0,32,6236_1,23,6760,369,229,8
2026-10-03,8,10072,0,33,6109_1,24,4063,265,94,0
2026-10-03,8,10072,1,1,6109_1,1,0,0,0,0
2026-10-03,8,10072,1,2,6236_2,2,105,68,37,0
2026-10-03,8,10072,1,3,440_2,3,178,73,42,0
2026-10-03,8,10072,1,4,418_2,4,352,99,67,0
2026-10-03,8,10072,1,5,419_2,4,344,97,65,0
2026-10-03,8,10072,1,6,6163_2,5,461,117,65,0
2026-10-03,8,10072,1,7,421_2,6,673,152,77,0
2026-10-03,8,10072,1,8,422_2,7,449,100,23,0
2026-10-03,8,10072,1,9,7217_1,13,504,115,0,0
2026-10-03,8,10072,1,10,752_1,15,955,143,9,0
2026-10-03,8,10072,1,11,216_1,15,874,146,12,0
2026-10-03,8,10072,1,12,215_1,17,949,155,0,0
2026-10-03,8,10072,1,13,214_1,17,895,150,0,0
2026-10-03,8,10072,1,14,7213_1,19,1082,152,0,0
2026-10-03,8,10072,1,15,615_1,20,2494,230,47,0
2026-10-03,8,10072,1,16,212_1,21,1883,193,4,0
2026-10-03,8,10072,1,17,211_1,22,3457,280,40,0
2026-10-03,8,10072,1,18,210_1,23,2724,288,0,0
2026-10-03,8,10072,1,19,209_1,26,4500,457,46,3
2026-10-03,8,10072,1,20,863_1,26,3396,394,14,1
2026-10-03,8,10072,1,21,206_1,28,4593,526,41,2
2026-10-03,8,10072,1,22,205_1,31,4971,499,47,3
2026-10-03,8,10072,1,23,255_1,35,6370,521,18,6
2026-10-03,8,10072,1,24,204_1,36,6226,508,17,6
2026-10-03,8,10072,1,25,65_1,34,5307,385,45,2
2026-10-03,8,10072,1,26,67_1,32,8131,350,96,10
2026-10-03,8,10072,1,27,68_1,26,6750,367,53,5
2026-10-03,8,10072,1,28,69_1,26,3975,277,0,0
2026-10-03,8,10072,1,29,55_1,36,3757,259,0,0
2026-10-03,8,10072,1,30,56_1,39,4231,269,0,0
2026-10-03,8,10072,1,31,57_1,40,5004,296,0,0
2026-10-03,8,10072,1,32,59_1,40,4195,261,0,0
2026-10-03,8,10072,1,33,61_2,40,4613,317,0,1
2026-10-03,8,10075,1,1,421_3,1,0,0,0,0
2026-10-03,8,10075,1,2,422_2,3,60,22,16,0
2026-10-03,8,10077,1,1,214_3,1,7,7,7,0
2026-10-03,8,10077,1,2,215_2,1,0,0,0,0
2026-10-03,8,10077,1,3,216_2,2,157,112,45,0
2026-10-03,8,10077,1,4,752_2,2,109,88,21,0
2026-10-03,8,10077,1,5,724_1,3,170,88,21,0
2026-10-03,8,10077,1,6,727_1,4,326,162,19,0
2026-10-03,8,10077,1,7,723_1,4,546,217,74,0
2026-10-03,8,10077,1,8,722_1,5,880,250,107,0
2026-10-03,8,10077,1,9,721_1,6,848,213,70,0
2026-10-03,8,10077,1,10,720_1,7,782,177,34,0
2026-10-03,8,10077,1,11,719_1,7,520,139,0,0
2026-10-03,8,10077,1,12,718_1,7,362,153,0,0
2026-10-03,8,10077,1,13,7717_1,9,916,239,0,0
2026-10-03,8,10077,1,14,611_1,10,1143,239,0,0
2026-10-03,8,10077,1,15,593_1,10,1143,239,0,0
2026-10-03,8,10077,1,16,592_1,11,1394,251,0,0
2026-10-03,8,10077,1,17,863_2,12,1630,251,0,0
2026-10-03,8,10077,1,18,557_1,13,1910,280,0,0
2026-10-03,8,10077,1,19,7062_1,14,2164,280,0,0
2026-10-03,8,10077,1,20,6192_1,14,3004,340,60,3
2026-10-03,8,10077,1,21,6191_1,15,3228,340,60,3
2026-10-03,8,10077,1,22,429_1,16,4497,400,120,8
2026-10-03,8,10077,1,23,458_1,18,5292,416,120,10
2026-10-03,8,10077,1,24,239_1,19,5713,421,120,11
2026-10-03,8,10077,1,25,144_1,19,5713,421,120,11
2026-10-03,8,10077,1,26,459_1,20,6162,449,120,12
2026-10-03,8,10077,1,27,302_1,21,6595,449,120,13
2026-10-03,8,10077,1,28,57_1,23,7607,506,120,15
2026-10-03,8,10077,1,29,59_1,23,7115,491,85,15
2026-10-03,8,10077,1,30,61_2,21,5066,358,100,4
2026-10-03,8,10080,1,1,6079_1,1,0,0,0,0
2026-10-03,8,10080,1,2,6035_1,2,361,184,177,0
2026-10-03,8,10080,1,3,6180_1,3,352,143,101,0
2026-10-03,8,10080,1,4,6112_1,3,316,131,89,0
2026-10-03,8,10080,1,5,6168_1,4,366,128,63,0
2026-10-03,8,10080,1,6,426_1,4,418,141,76,0
2026-10-03,8,10080,1,7,425_2,5,331,96,31,0
2026-10-03,8,10080,1,8,7217_2,6,405,114,23,0
2026-10-03,8,10080,1,9,422_1,7,732,160,21,0
2026-10-03,8,10080,1,10,421_3,6,378,99,0,0
2026-10-03,8,10081,0,1,421_3,1,0,0,0,0
2026-10-03,8,10081,0,2,422_2,2,150,105,45,0
2026-10-03,8,10081,0,3,423_2,3,326,146,86,0
2026-10-03,8,10081,0,4,424_2,4,568,197,101,0
2026-10-03,8,10081,0,5,425_1,9,1195,231,50,0
2026-10-03,8,10081,0,6,426_2,9,844,188,16,0
2026-10-03,8,10081,0,7,6168_2,11,1308,412,0,1
2026-10-03,8,10081,0,8,6112_2,11,1172,390,0,1
2026-10-03,8,10081,0,9,6180_2,14,2098,404,3,3
2026-10-03,8,10081,0,10,6035_2,15,2628,441,0,4
2026-10-03,8,10081,0,11,6079_1,7,428,140,0,0
2026-10-03,9,10001,1,3,723_1,3,78,38,20,0
2026-10-03,9,10001,1,4,722_1,3,3,3,0,0
2026-10-03,9,10001,1,5,721_1,4,216,66,49,0
2026-10-03,9,10001,1,6,720_1,4,244,73,56,0
2026-10-03,9,10001,1,7,719_1,5,279,69,51,0
2026-10-03,9,10001,1,8,718_1,5,474,108,90,0
2026-10-03,9,10001,1,9,7717_1,5,594,132,114,0
2026-10-03,9,10001,1,10,765_1,6,521,116,15,0
2026-10-03,9,10001,1,11,610_1,6,406,96,0,0
2026-10-03,9,10001,1,12,609_1,7,459,98,1,0
2026-10-03,9,10001,1,13,608_1,7,536,114,0,0
2026-10-03,9,10001,1,14,607_1,7,417,93,0,0
2026-10-03,9,10001,1,15,606_1,6,261,67,0,0
2026-10-03,9,10001,1,16,249_1,6,66,28,0,0
2026-10-03,9,10001,1,17,250_1,8,86,31,0,0
2026-10-03,9,10001,1,18,251_1,4,18,16,0,0
2026-10-03,9,10001,1,19,152_1,3,8,8,0,0
2026-10-03,9,10001,1,20,200_1,4,246,72,53,0
2026-10-03,9,10001,1,21,184_1,5,288,72,48,0
2026-10-03,9,10001,1,22,201_1,6,486,99,56,0
2026-10-03,9,10001,1,23,51_1,7,869,144,101,0
2026-10-03,9,10001,1,24,202_1,8,1446,200,157,0
2026-10-03,9,10001,1,25,5_4,9,1580,194,151,0
2026-10-03,9,10001,1,26,6070_3,10,994,121,69,0
2026-10-03,9,10002,0,1,61_3,1,5,5,5,0
2026-10-03,9,10002,0,2,59_2,2,354,193,161,0
2026-10-03,9,10002,0,3,534_1,3,465,169,137,0
2026-10-03,9,10002,0,4,256_1,4,790,229,169,0
2026-10-03,9,10002,0,5,910_1,5,1227,271,211,0
2026-10-03,9,10002,0,6,122_2,6,2055,368,303,6
2026-10-03,9,10002,0,7,123_2,7,1712,289,131,0
2026-10-03,9,10002,0,8,124_2,8,2805,407,229,7
2026-10-03,9,10002,0,9,125_2,8,2861,414,236,7
2026-10-03,9,10002,0,10,126_2,9,2947,446,191,7
2026-10-03,9,10002,0,11,127_2,4,969,284,159,0
2026-10-03,9,10002,0,12,203_2,2,263,178,85,0
2026-10-03,9,10002,1,2,445_2,1,155,155,155,0
2026-10-03,9,10002,1,3,451_1,2,284,142,142,0
2026-10-03,9,10002,1,4,452_1,2,292,146,146,0
2026-10-03,9,10002,1,5,906_1,3,186,93,0,0
2026-10-03,9,10002,1,6,75_2,4,174,86,0,0
2026-10-03,9,10002,1,7,453_1,5,384,125,39,0
2026-10-03,9,10002,1,8,454_1,5,183,83,0,0
2026-10-03,9,10002,1,9,455_1,3,114,57,0,0
2026-10-03,9,10002,1,10,456_1,4,146,51,0,0
2026-10-03,9,10002,1,11,905_2,5,318,78,27,0
2026-10-03,9,10002,1,12,113_2,6,324,67,16,0
2026-10-03,9,10002,1,13,203_1,6,163,38,0,0
2026-10-03,9,10002,1,14,127_1,7,163,68,0,0
2026-10-03,9,10002,1,15,126_1,9,169,78,0,0
2026-10-03,9,10002,1,16,125_1,8,78,55,0,0
2026-10-03,9,10002,1,17,124_1,9,85,52,0,0
2026-10-03,9,10002,1,18,123_1,10,163,65,0,0
2026-10-03,9,10002,1,19,122_1,14,929,138,25,0
2026-10-03,9,10002,1,20,910_2,14,881,150,10,0
2026-10-03,9,10002,1,21,256_2,15,503,102,0,0
2026-10-03,9,10002,1,22,534_2,19,1242,167,0,0
2026-10-03,9,10002,1,23,59_3,21,2148,200,33,0
2026-10-03,9,10002,1,24,61_3,9,51,22,0,0
2026-10-03,9,10017,1,4,6149_9,1,59,59,59,0
2026-10-03,9,10017,1,5,6147_1,2,337,179,158,0
2026-10-03,9,10017,1,6,6122_1,2,457,239,218,0
2026-10-03,9,10017,1,7,6150_1,3,501,239,44,0
2026-10-03,9,10017,1,8,6036_1,4,568,239,44,0
2026-10-03,9,10017,1,9,6148_1,4,808,299,104,0
2026-10-03,9,10017,1,10,6019_2,5,1121,359,73,2
2026-10-03,9,10033,1,1,7475_1,1,0,0,0,0
2026-10-03,9,10033,1,2,6260_2,2,74,39,35,0
2026-10-03,9,10033,1,3,6169_1,3,279,109,83,0
2026-10-03,9,10033,1,4,6405_1,3,381,143,117,0
2026-10-03,9,10033,1,5,6074_1,3,393,147,121,0
2026-10-03,9,10033,1,6,6401_1,4,460,157,91,0
2026-10-03,9,10033,1,7,6400_1,4,512,170,104,0
2026-10-03,9,10033,1,8,6033_2,5,752,200,120,0
2026-10-03,9,10033,1,9,6211_2,6,849,185,105,0
2026-10-03,9,10033,1,10,6170_1,6,1016,212,132,0
2026-10-03,9,10033,1,11,7841_2,7,1458,254,174,0
2026-10-03,9,10034,0,9,6263_2,4,396,110,71,0
2026-10-03,9,10034,0,10,6196_2,7,507,108,23,0
2026-10-03,9,10034,0,11,6134_2,7,731,140,55,0
2026-10-03,9,10034,0,12,6106_2,8,886,156,43,0
2026-10-03,9,10034,0,13,6020_9,8,1158,190,77,0
2026-10-03,9,10034,0,14,6019_1,9,550,114,0,0
2026-10-03,9,10034,0,15,6073_2,10,552,114,0,0
2026-10-03,9,10035,0,1,91_2,1,0,0,0,0
2026-10-03,9,10035,0,2,7841_4,1,0,0,0,0
2026-10-03,9,10035,0,3,6170_2,2,58,37,21,0
2026-10-03,9,10035,0,4,6902_2,2,56,36,20,0
2026-10-03,9,10035,0,5,6006_2,3,214,80,64,0
2026-10-03,9,10035,0,6,6229_2,3,235,87,71,0
2026-10-03,9,10035,0,7,6074_2,3,214,80,64,0
2026-10-03,9,10035,0,8,6169_2,4,135,44,28,0
2026-10-03,9,10035,0,9,6263_2,4,239,70,54,0
2026-10-03,9,10035,0,10,6196_2,5,187,57,0,0
2026-10-03,9,10035,0,11,6134_2,5,302,80,23,0
2026-10-03,9,10035,0,12,6106_2,6,335,81,24,0
2026-10-03,9,10035,0,13,6020_9,6,395,91,34,0
2026-10-03,9,10035,0,14,6019_1,7,344,80,15,0
2026-10-03,9,10035,0,15,6073_2,8,350,80,6,0
2026-10-03,9,10035,0,16,6148_2,2,0,0,0,0
2026-10-03,9,10035,0,17,6036_2,3,38,18,10,0
2026-10-03,9,10035,0,18,6150_2,3,38,18,10,0
2026-10-03,9,10035,0,19,6122_9,4,62,24,10,0
2026-10-03,9,10035,0,20,6147_2,4,62,24,10,0
2026-10-03,9,10035,0,21,6145_1,5,105,43,10,0
2026-10-03,9,10035,0,22,6144_1,5,105,43,10,0
2026-10-03,9,10035,0,23,6149_1,5,105,43,10,0
2026-10-03,9,10035,0,24,6149_9,5,105,43,10,0
2026-10-03,9,10047,0,1,61_1,2,0,0,0,0
2026-10-03,9,10047,0,2,59_4,5,131,50,5,0
2026-10-03,9,10047,0,3,57_2,6,496,182,0,0
2026-10-03,9,10047,0,4,56_2,9,1798,296,98,0
2026-10-03,9,10047,0,5,55_2,5,1190,283,183,0
2026-10-03,9,10047,0,6,72_1,10,2772,327,194,4
2026-10-03,9,10047,0,7,73_2,15,3387,309,75,3
2026-10-03,9,10047,0,8,73_3,16,3714,353,130,3
2026-10-03,9,10047,0,9,3_2,18,4626,387,59,7
2026-10-03,9,10047,0,10,114_4,22,4958,337,0,6
2026-10-03,9,10047,0,11,393_2,23,5811,384,32,8
2026-10-03,9,10047,0,12,6070_3,25,5992,381,22,10
2026-10-03,9,10047,0,13,6102_2,27,6228,392,0,8
2026-10-03,9,10047,0,14,6069_2,29,6117,372,0,9
2026-10-03,9,10047,0,15,6057_2,25,5755,359,0,6
2026-10-03,9,10047,0,16,9_5,29,6343,354,8,7
2026-10-03,9,10047,0,17,6241_2,33,9468,439,80,13
2026-10-03,9,10047,0,18,6143_2,34,8601,403,56,11
2026-10-03,9,10047,0,19,6166_2,35,8466,379,26,12
2026-10-03,9,10047,0,20,446_4,40,9551,600,0,13
2026-10-03,9,10047,0,21,6161_2,38,10333,653,17,11
2026-10-03,9,10047,0,22,6001_2,42,13521,719,55,17
2026-10-03,9,10047,0,23,6160_2,40,12834,719,41,18
2026-10-03,9,10047,0,24,6162_2,35,13269,743,52,22
2026-10-03,9,10047,0,25,6041_2,36,14846,783,83,23
2026-10-03,9,10047,0,26,243_2,38,15250,799,75,27
2026-10-03,9,10047,0,27,6228_2,41,16692,785,84,27
2026-10-03,9,10047,0,28,95_2,43,16151,784,36,26
2026-10-03,9,10047,0,29,94_3,47,18597,814,69,29
2026-10-03,9,10047,0,30,6242_1,55,19677,814,37,30
2026-10-03,9,10047,0,31,6064_1,56,18113,781,8,28
2026-10-03,9,10047,0,32,6255_2,57,21459,827,43,33
2026-10-03,9,10047,0,33,6256_2,59,23771,841,76,35
2026-10-03,9,10047,0,34,6094_2,59,22895,830,51,34
2026-10-03,9,10047,0,35,6244_2,60,21372,801,17,32
2026-10-03,9,10047,0,36,6257_2,61,22321,820,12,33
2026-10-03,9,10047,0,37,6240_2,62,23835,841,35,36
2026-10-03,9,10047,0,38,6258_2,62,23050,847,10,35
2026-10-03,9,10047,0,39,6225_2,63,22438,824,0,35
2026-10-03,9,10047,0,40,6181_2,61,21851,825,0,34
2026-10-03,9,10047,0,41,6246_2,65,24943,862,11,37
2026-10-03,9,10047,0,42,6206_2,66,24863,846,0,37
2026-10-03,9,10047,0,43,6176_2,68,27141,872,7,42
2026-10-03,9,10047,0,44,6200_3,67,28897,932,16,41
2026-10-03,9,10047,0,45,6042_2,68,26806,898,0,39
2026-10-03,9,10047,0,46,6031_2,66,24141,861,0,36
2026-10-03,9,10047,0,47,6039_1,57,23114,860,0,36
2026-10-03,9,10047,1,1,6039_1,2,30,30,0,0
2026-10-03,9,10047,1,2,6031_1,4,419,183,53,0
2026-10-03,9,10047,1,3,6042_1,4,303,156,22,0
2026-10-03,9,10047,1,4,6200_1,3,225,132,40,0
2026-10-03,9,10047,1,5,6176_1,6,524,144,15,0
2026-10-03,9,10047,1,6,6206_1,6,596,150,33,0
2026-10-03,9,10047,1,7,6246_1,7,1110,238,63,0
2026-10-03,9,10047,1,8,6181_1,9,1169,206,35,0
2026-10-03,9,10047,1,9,6225_1,9,1064,197,20,0
2026-10-03,9,10047,1,10,6258_1,9,869,174,0,0
2026-10-03,9,10047,1,11,6240_1,9,955,168,29,0
2026-10-03,9,10047,1,12,6257_1,10,1422,196,72,0
2026-10-03,9,10047,1,13,6244_1,11,1452,202,18,0
2026-10-03,9,10047,1,14,6094_1,11,1234,179,2,0
2026-10-03,9,10047,1,15,6256_1,12,1316,174,0,0
2026-10-03,9,10047,1,16,6255_1,13,1140,141,0,0
2026-10-03,9,10047,1,17,6064_2,15,1623,173,26,0
2026-10-03,9,10047,1,18,6242_2,16,1755,169,37,0
2026-10-03,9,10047,1,19,94_2,18,1672,157,0,0
2026-10-03,9,10047,1,20,95_1,18,1444,175,0,0
2026-10-03,9,10047,1,21,6228_1,20,2277,210,24,0
2026-10-03,9,10047,1,22,243_1,21,2895,247,42,0
2026-10-03,9,10047,1,23,6041_1,22,3891,297,80,0
2026-10-03,9,10047,1,24,6162_1,23,3428,276,49,0
2026-10-03,9,10047,1,25,6160_1,26,4437,311,64,1
2026-10-03,9,10047,1,26,6001_1,28,4783,313,41,3
2026-10-03,9,10047,1,27,6161_1,28,4743,323,53,3
2026-10-03,9,10047,1,28,446_3,23,2697,201,17,0
2026-10-03,9,10047,1,29,6166_1,15,1381,172,34,0
2026-10-03,9,10047,1,30,6143_1,16,1282,161,35,0
2026-10-03,9,10047,1,31,6241_1,20,1467,143,29,0
2026-10-03,9,10047,1,32,9_2,28,1076,129,0,0
2026-10-03,9,10047,1,33,6057_1,29,1755,159,12,0
2026-10-03,9,10047,1,34,6069_1,30,1479,145,5,0
2026-10-03,9,10047,1,35,6102_1,32,4582,236,96,0
2026-10-03,9,10047,1,36,6070_2,34,4623,245,58,0
2026-10-03,9,10047,1,37,393_1,37,6760,294,109,0
2026-10-03,9,10047,1,38,114_1,39,5013,246,41,0
2026-10-03,9,10047,1,39,114_3,40,6795,297,40,0
2026-10-03,9,10047,1,40,3_1,44,11730,461,84,13
2026-10-03,9,10047,1,41,73_1,47,8953,404,49,6
2026-10-03,9,10047,1,42,72_2,51,12951,429,145,14
2026-10-03,9,10047,1,43,55_1,55,13051,440,81,11
2026-10-03,9,10047,1,44,56_1,53,12878,402,118,11
2026-10-03,9,10047,1,45,57_1,57,14656,466,150,13
2026-10-03,9,10047,1,46,59_1,53,12606,451,118,12
2026-10-03,9,10047,1,47,61_1,60,11325,421,15,5
2026-10-03,9,10049,0,1,91_1,3,431,222,100,0
2026-10-03,9,10049,0,2,6016_1,4,771,257,135,0
2026-10-03,9,10049,0,3,93_1,4,737,246,124,0
2026-10-03,9,10049,0,4,94_1,6,1406,323,136,1
2026-10-03,9,10049,0,5,6242_1,8,2182,413,168,3
2026-10-03,9,10049,0,6,6064_1,10,2506,381,135,3
2026-10-03,9,10049,0,7,6255_2,11,3303,424,181,6
2026-10-03,9,10049,0,8,6256_2,13,4237,443,195,8
2026-10-03,9,10049,0,9,6094_2,14,4357,425,184,9
2026-10-03,9,10049,0,10,6244_2,14,3859,388,155,6
2026-10-03,9,10049,0,11,6257_2,14,3835,375,146,6
2026-10-03,9,10049,0,12,6240_2,16,4923,401,172,9
2026-10-03,9,10049,0,13,6258_2,16,4735,381,152,9
2026-10-03,9,10049,0,14,6225_2,20,5198,403,121,8
2026-10-03,9,10049,0,15,6181_2,24,5460,384,71,5
2026-10-03,9,10049,0,16,6246_2,22,4564,318,77,6
2026-10-03,9,10049,0,17,6206_2,20,3842,292,80,0
2026-10-03,9,10049,0,18,6176_2,22,4876,327,125,5
2026-10-03,9,10049,0,19,6200_3,23,6083,348,183,7
2026-10-03,9,10049,0,20,6042_2,23,5282,312,149,5
2026-10-03,9,10049,0,21,6031_2,23,4416,274,112,0
2026-10-03,9,10049,0,22,6039_1,24,4105,316,10,5
2026-10-03,9,10049,0,23,6141_2,14,1994,207,70,0
2026-10-03,9,10049,0,24,6105_2,15,2096,207,70,0
2026-10-03,9,10049,0,25,6105_1,16,2712,224,74,0
2026-10-03,9,10049,0,26,6141_1,16,1920,217,74,0
2026-10-03,9,10049,0,27,6099_1,17,2018,217,28,0
2026-10-03,9,10049,0,28,6022_1,18,2680,217,2,0
2026-10-03,9,10049,0,29,6040_1,19,2386,217,2,0
2026-10-03,9,10049,0,30,6039_1,20,1986,186,2,0
2026-10-03,9,10049,1,1,6039_1,2,0,0,0,0
2026-10-03,9,10049,1,2,6031_1,2,126,67,59,0
2026-10-03,9,10049,1,3,6042_1,3,150,78,35,0
2026-10-03,9,10049,1,4,6200_1,4,119,61,17,0
2026-10-03,9,10049,1,5,6176_1,6,329,76,33,0
2026-10-03,9,10049,1,6,6206_1,6,383,89,38,0
2026-10-03,9,10049,1,7,6246_1,7,705,128,74,0
2026-10-03,9,10049,1,8,6181_1,9,788,110,57,0
2026-10-03,9,10049,1,9,6225_1,9,723,109,52,0
2026-10-03,9,10049,1,10,6258_1,11,652,90,29,0
2026-10-03,9,10049,1,11,6240_1,11,634,97,17,0
2026-10-03,9,10049,1,12,6257_1,12,1073,130,51,0
2026-10-03,9,10049,1,13,6244_1,13,1037,117,49,0
2026-10-03,9,10049,1,14,6094_1,13,822,111,23,0
2026-10-03,9,10049,1,15,6256_1,14,814,106,19,0
2026-10-03,9,10049,1,16,6255_1,16,1255,176,0,0
2026-10-03,9,10049,1,17,6064_2,24,2567,210,32,0
2026-10-03,9,10049,1,18,6242_2,22,2457,212,28,0
2026-10-03,9,10049,1,19,94_4,24,2611,179,0,0
2026-10-03,9,10049,1,20,93_2,25,3081,191,12,0
2026-10-03,9,10049,1,21,6016_2,26,3551,280,14,0
2026-10-03,9,10049,1,22,91_1,26,2695,272,2,0
2026-10-03,9,10050,0,1,91_4,1,40,40,40,0
2026-10-03,9,10050,0,2,6016_1,3,260,117,42,0
2026-10-03,9,10050,0,3,93_1,4,321,106,27,0
2026-10-03,9,10050,0,4,6013_2,4,561,165,94,0
2026-10-03,9,10050,0,5,6212_2,6,971,191,93,0
2026-10-03,9,10050,0,6,6205_2,7,1248,206,114,0
2026-10-03,9,10050,0,7,6187_3,8,1362,200,95,0
2026-10-03,9,10050,0,8,6011_2,9,1691,247,108,0
2026-10-03,9,10050,0,9,6018_2,12,2220,235,104,0
2026-10-03,9,10050,0,10,6190_2,16,3473,280,133,0
2026-10-03,9,10050,0,11,6171_2,19,3470,249,101,0
2026-10-03,9,10050,0,12,6014_3,20,1234,123,0,0
2026-10-03,9,10050,1,1,6014_1,2,0,0,0,0
2026-10-03,9,10050,1,2,6171_1,3,174,98,35,0
2026-10-03,9,10050,1,3,6190_1,4,181,86,19,0
2026-10-03,9,10050,1,4,6018_1,4,317,122,22,0
2026-10-03,9,10050,1,5,6011_3,6,249,94,0,0
2026-10-03,9,10050,1,6,6187_2,7,355,113,0,0
2026-10-03,9,10050,1,7,6205_1,8,408,121,0,0
2026-10-03,9,10050,1,8,6212_1,9,616,132,11,0
2026-10-03,9,10050,1,9,6013_1,10,652,141,0,0
2026-10-03,9,10050,1,10,93_2,11,1465,215,61,0
2026-10-03,9,10050,1,11,6016_2,17,2335,258,28,0
2026-10-03,9,10050,1,12,91_4,11,923,171,0,0
2026-10-03,9,10051,0,1,91_4,4,111,111,0,0
2026-10-03,9,10051,0,2,6016_1,6,557,205,45,0
2026-10-03,9,10051,0,3,93_1,7,562,198,34,0
2026-10-03,9,10051,0,4,6013_2,6,735,185,82,0
2026-10-03,9,10051,0,5,6212_2,7,795,132,88,0
2026-10-03,9,10051,0,6,6205_2,8,1109,162,108,0
2026-10-03,9,10051,0,7,6187_3,9,1194,168,101,0
2026-10-03,9,10051,0,8,6011_4,10,1673,218,132,0
2026-10-03,9,10051,0,9,6017_2,11,2049,234,125,0
2026-10-03,9,10051,0,10,6172_2,12,1965,207,104,0
2026-10-03,9,10051,0,11,6067_2,12,2498,259,145,0
2026-10-03,9,10051,0,12,6248_2,12,2298,234,120,0
2026-10-03,9,10051,0,13,6249_2,14,2325,224,110,0
2026-10-03,9,10051,0,14,6015_2,14,706,112,0,0
2026-10-03,9,10051,1,1,6015_1,1,29,29,29,0
2026-10-03,9,10051,1,2,6249_1,2,125,67,58,0
2026-10-03,9,10051,1,3,6248_1,4,268,88,58,0
2026-10-03,9,10051,1,4,6067_1,7,166,51,0,0
2026-10-03,9,10051,1,5,6172_1,9,314,67,0,0
2026-10-03,9,10051,1,6,6017_1,10,411,68,12,0
2026-10-03,9,10051,1,7,6011_1,10,353,62,10,0
2026-10-03,9,10051,1,8,6187_2,10,901,137,53,0
2026-10-03,9,10051,1,9,6205_1,11,1109,137,50,0
2026-10-03,9,10051,1,10,6212_1,13,1463,149,67,0
2026-10-03,9,10051,1,11,6013_1,14,1487,139,64,0
2026-10-03,9,10051,1,12,93_2,15,2258,184,74,0
2026-10-03,9,10051,1,13,6016_2,16,2553,199,89,0
2026-10-03,9,10051,1,14,91_4,11,1970,259,0,0
2026-10-03,9,10053,0,42,6347_9,2,920,485,435,2
2026-10-03,9,10053,0,43,6294_1,23,7998,485,264,19
2026-10-03,9,10053,0,44,6357_1,27,8539,485,123,19
2026-10-03,9,10053,0,45,6360_1,28,8738,485,123,19
2026-10-03,9,10053,0,46,6345_1,28,8738,485,123,19
2026-10-03,9,10053,0,47,6358_9,29,9202,495,133,20
2026-10-03,9,10053,0,48,6346_9,29,9202,495,133,20
2026-10-03,9,10053,0,49,6375_1,29,9492,505,143,20
2026-10-03,9,10053,0,50,6356_9,29,9492,505,143,20
2026-10-03,9,10053,0,51,6368_9,30,9684,505,143,20
2026-10-03,9,10053,0,52,6366_9,31,9877,505,143,20
2026-10-03,9,10053,0,53,6329_1,32,9996,505,119,20
2026-10-03,9,10053,0,54,6275_1,33,10136,505,119,20
2026-10-03,9,10053,0,55,6277_1,33,10136,505,119,20
2026-10-03,9,10053,0,56,6348_9,33,10136,505,119,20
2026-10-03,9,10053,0,57,6370_9,34,10253,505,117,20
2026-10-03,9,10053,0,58,6371_1,35,10384,505,117,20
2026-10-03,9,10053,0,59,6282_1,35,10384,505,117,20
2026-10-03,9,10053,0,60,6344_9,35,10384,505,117,20
2026-10-03,9,10053,0,61,6369_1,36,10463,505,79,20
2026-10-03,9,10053,0,62,6297_1,37,10533,505,70,20
2026-10-03,9,10053,0,63,6327_9,38,10630,505,70,20
2026-10-03,9,10053,0,64,6349_9,38,10630,505,70,20
2026-10-03,9,10053,0,65,6265_9,39,11043,515,33,22
2026-10-03,9,10053,0,66,6316_9,39,11043,515,33,22
2026-10-03,9,10053,0,67,6291_9,40,11131,515,33,22
2026-10-03,9,10053,0,68,6340_1,41,11183,515,33,22
2026-10-03,9,10053,0,69,6309_9,42,11208,515,25,22
2026-10-03,9,10053,0,70,6321_9,43,11211,515,3,22
2026-10-03,9,10053,0,71,6278_9,43,11211,515,3,22
2026-10-03,9,10053,0,72,6350_1,43,11211,515,3,22
2026-10-03,9,10054,0,1,6293_1,6,0,0,0,0
2026-10-03,9,10054,0,2,6402_9,11,186,55,0,0
2026-10-03,9,10054,0,3,6271_9,10,244,60,0,0
2026-10-03,9,10054,0,4,6292_1,7,0,0,0,0
2026-10-03,9,10054,1,1,6292_1,5,107,75,0,0
2026-10-03,9,10054,1,2,6271_1,10,507,163,0,0
2026-10-03,9,10054,1,3,6402_1,12,694,203,0,0
2026-10-03,9,10054,1,4,6403_1,16,1641,290,0,0
2026-10-03,9,10054,1,5,6293_1,18,1035,186,0,0
2026-10-03,9,10059,0,1,91_3,3,69,39,0,0
2026-10-03,9,10059,0,2,7841_4,5,202,90,0,0
2026-10-03,9,10059,0,3,6170_2,6,497,183,18,0
2026-10-03,9,10059,0,4,6902_2,8,728,216,33,0
2026-10-03,9,10059,0,5,6006_2,13,1501,249,55,0
2026-10-03,9,10059,0,6,6229_2,15,2027,270,55,0
2026-10-03,9,10059,0,7,6074_2,15,1738,252,38,0
2026-10-03,9,10059,0,8,6169_2,16,1198,199,0,0
2026-10-03,9,10059,0,9,6260_1,18,1675,215,0,0
2026-10-03,9,10059,0,10,7475_1,13,323,108,0,0
2026-10-03,9,10059,1,1,7475_1,1,0,0,0,0
2026-10-03,9,10059,1,2,6260_2,3,114,52,29,0
2026-10-03,9,10059,1,3,6169_1,5,439,115,61,0
2026-10-03,9,10059,1,4,6405_1,5,552,146,78,0
2026-10-03,9,10059,1,5,6074_1,7,822,162,70,0
2026-10-03,9,10059,1,6,6229_1,7,795,162,70,0
2026-10-03,9,10059,1,7,6006_1,9,1267,173,81,0
2026-10-03,9,10059,1,8,6902_1,9,1731,236,127,0
2026-10-03,9,10059,1,9,6170_1,10,2048,285,106,0
2026-10-03,9,10059,1,10,7841_2,13,3240,344,134,3
2026-10-03,9,10059,1,11,91_3,15,2040,257,0,0
2026-10-03,9,10060,0,5,393_2,2,236,118,118,0
2026-10-03,9,10060,0,6,6070_3,3,282,123,36,0
2026-10-03,9,10060,0,7,6102_2,3,172,86,0,0
2026-10-03,9,10060,0,8,6069_2,3,144,72,0,0
2026-10-03,9,10060,0,9,6057_2,4,128,48,0,0
2026-10-03,9,10060,0,10,9_5,6,289,70,30,0
2026-10-03,9,10060,0,11,6241_2,8,1106,192,80,0
2026-10-03,9,10060,0,12,6143_2,9,937,165,53,0
2026-10-03,9,10060,0,13,6166_2,9,911,167,44,0
2026-10-03,9,10060,0,14,446_4,11,1055,154,7,0
2026-10-03,9,10060,0,15,6161_2,12,1742,192,52,0
2026-10-03,9,10060,0,16,6001_2,12,2021,229,45,0
2026-10-03,9,10060,0,17,6160_2,12,2002,229,43,0
2026-10-03,9,10060,0,18,6162_2,14,2631,253,66,0
2026-10-03,9,10060,0,19,6041_2,14,3167,293,103,0
2026-10-03,9,10060,0,20,243_2,15,3363,308,92,2
2026-10-03,9,10060,0,21,6228_2,20,4294,294,110,0
2026-10-03,9,10060,0,22,95_2,30,4686,268,39,0
2026-10-03,9,10060,0,23,94_3,29,5389,298,70,0
2026-10-03,9,10060,0,24,6013_2,31,5290,293,59,0
2026-10-03,9,10060,0,25,6212_2,33,5784,323,52,1
2026-10-03,9,10060,0,26,6205_2,35,7431,365,73,6
2026-10-03,9,10060,0,27,6187_3,37,7491,371,54,6
2026-10-03,9,10060,0,28,6011_4,37,8826,421,79,6
2026-10-03,9,10060,0,29,6017_2,37,9552,437,108,10
2026-10-03,9,10060,0,30,6172_2,38,8767,410,82,6
2026-10-03,9,10060,0,31,6067_2,38,10469,462,115,14
2026-10-03,9,10060,0,32,6248_2,41,10244,437,99,9
2026-10-03,9,10060,0,33,6249_2,40,9419,427,71,8
2026-10-03,9,10060,0,34,6015_2,37,4917,315,0,1
2026-10-03,9,10060,1,1,6015_1,2,0,0,0,0
2026-10-03,9,10060,1,2,6249_1,3,121,44,38,0
2026-10-03,9,10060,1,3,6248_1,5,203,63,27,0
2026-10-03,9,10060,1,4,6067_1,5,30,16,0,0
2026-10-03,9,10060,1,5,6172_1,7,194,63,0,0
2026-10-03,9,10060,1,6,6017_1,8,265,66,12,0
2026-10-03,9,10060,1,7,6011_1,10,321,62,6,0
2026-10-03,9,10060,1,8,6187_2,11,1006,130,63,0
2026-10-03,9,10060,1,9,6205_1,12,1147,127,70,0
2026-10-03,9,10060,1,10,6212_1,11,1079,133,77,0
2026-10-03,9,10060,1,11,6013_1,16,1352,132,59,0
2026-10-03,9,10060,1,12,94_2,21,1086,108,0,0
2026-10-03,9,10060,1,13,95_1,21,901,118,0,0
2026-10-03,9,10060,1,14,6228_1,23,1899,164,25,0
2026-10-03,9,10060,1,15,243_1,26,2639,184,42,0
2026-10-03,9,10060,1,16,6041_1,28,4130,228,68,0
2026-10-03,9,10060,1,17,6162_1,30,3615,205,39,0
2026-10-03,9,10060,1,18,6160_1,33,4617,229,32,0
2026-10-03,9,10060,1,19,6001_1,35,4211,218,0,0
2026-10-03,9,10060,1,20,6161_1,37,4988,275,0,0
2026-10-03,9,10060,1,21,446_3,37,4377,414,0,1
2026-10-03,9,10060,1,22,6166_1,38,4921,264,0,0
2026-10-03,9,10060,1,23,6143_1,41,4850,239,10,0
2026-10-03,9,10060,1,24,6241_1,41,4686,235,2,0
2026-10-03,9,10060,1,25,9_2,34,2023,195,0,0
2026-10-03,9,10060,1,26,8_3,34,1822,207,0,0
2026-10-03,9,10060,1,27,6_1,39,2392,232,2,0
2026-10-03,9,10060,1,28,902_1,41,3241,260,16,0
2026-10-03,9,10060,1,29,5_1,43,2603,230,0,0
2026-10-03,9,10060,1,30,4_1,44,3244,276,0,0
2026-10-03,9,10060,1,31,6059_1,52,8232,375,54,9
2026-10-03,9,10060,1,32,3_1,56,7163,347,9,8
2026-10-03,9,10060,1,33,73_1,39,3675,312,0,1
2026-10-03,9,10060,1,34,128_1,45,5487,354,0,9
2026-10-03,9,10060,1,35,114_5,17,406,105,0,0
2026-10-03,9,10061,0,2,73_1,3,453,288,28,0
2026-10-03,9,10061,0,3,128_1,5,875,359,10,1
2026-10-03,9,10061,0,4,114_5,5,416,152,0,0
2026-10-03,9,10061,0,5,3_3,7,910,221,20,0
2026-10-03,9,10061,0,6,4_5,8,1114,206,80,0
2026-10-03,9,10061,0,7,5_3,9,1533,251,80,0
2026-10-03,9,10061,0,8,902_2,11,1561,192,80,0
2026-10-03,9,10061,0,9,6_2,12,1807,220,78,0
2026-10-03,9,10061,0,10,8_1,14,1957,206,78,0
2026-10-03,9,10061,0,11,9_5,16,4947,497,99,8
2026-10-03,9,10061,0,12,6241_2,17,6292,564,127,8
2026-10-03,9,10061,0,13,6143_2,18,5895,544,99,8
2026-10-03,9,10061,0,14,6166_2,21,6488,537,75,9
2026-10-03,9,10061,0,15,446_4,22,6041,506,30,10
2026-10-03,9,10061,0,16,6161_2,15,5273,563,42,10
2026-10-03,9,10061,0,17,6001_2,14,5841,599,98,10
2026-10-03,9,10061,0,18,6160_2,15,6063,597,71,11
2026-10-03,9,10061,0,19,6162_2,16,6241,626,66,11
2026-10-03,9,10061,0,20,6041_2,16,7079,663,130,11
2026-10-03,9,10061,0,21,243_2,17,7100,652,119,11
2026-10-03,9,10061,0,22,6228_2,17,7237,685,114,11
2026-10-03,9,10061,0,23,95_2,17,6732,648,98,11
2026-10-03,9,10061,0,24,94_3,18,7500,679,138,11
2026-10-03,9,10061,0,25,6013_2,18,7902,674,174,11
2026-10-03,9,10061,0,26,6212_2,19,8123,673,106,11
2026-10-03,9,10061,0,27,6205_2,19,8426,694,124,11
2026-10-03,9,10061,0,28,6187_3,19,7715,617,119,10
2026-10-03,9,10061,0,29,6011_4,13,3789,596,108,3
2026-10-03,9,10061,0,30,6017_2,10,2331,294,131,0
2026-10-03,9,10061,0,31,6172_2,11,2361,286,120,0
2026-10-03,9,10061,0,32,6067_2,9,2239,334,162,3
2026-10-03,9,10061,0,33,6248_2,11,2804,343,154,4
2026-10-03,9,10061,0,34,6249_2,12,2733,317,138,2
2026-10-03,9,10061,0,35,6015_2,9,753,164,20,0
2026-10-03,9,10062,1,4,6134_1,1,65,65,65,0
2026-10-03,9,10062,1,5,6196_1,4,240,94,44,0
2026-10-03,9,10062,1,6,6263_1,5,342,98,48,0
2026-10-03,9,10062,1,7,6169_1,5,167,63,13,0
2026-10-03,9,10062,1,8,6405_1,5,257,81,31,0
2026-10-03,9,10062,1,9,6074_1,6,270,80,18,0
2026-10-03,9,10062,1,10,6229_1,6,186,66,4,0
2026-10-03,9,10062,1,11,6006_1,7,359,88,26,0
2026-10-03,9,10062,1,12,6902_1,7,688,138,76,0
2026-10-03,9,10062,1,13,6170_1,7,642,125,63,0
2026-10-03,9,10062,1,14,7841_2,8,736,138,39,0
2026-10-03,9,10062,1,15,91_2,2,0,0,0,0
2026-10-03,9,10063,0,1,61_2,1,0,0,0,0
2026-10-03,9,10063,0,2,57_2,2,54,54,0,0
2026-10-03,9,10063,0,3,55_3,3,189,135,0,0
2026-10-03,9,10063,0,4,51_5,4,305,135,0,0
2026-10-03,9,10063,0,5,48_1,5,495,190,0,0
2026-10-03,9,10063,0,6,8_2,7,1017,294,0,0
2026-10-03,9,10063,0,7,9_3,8,1268,294,0,0
2026-10-03,9,10063,0,8,75_1,9,1613,345,0,1
2026-10-03,9,10063,0,9,103_1,8,1268,294,0,0
2026-10-03,9,10064,0,1,91_2,1,0,0,0,0
2026-10-03,9,10064,0,2,7841_4,2,151,93,58,0
2026-10-03,9,10064,0,3,6170_2,2,229,132,97,0
2026-10-03,9,10064,0,4,6902_2,2,202,114,88,0
2026-10-03,9,10064,1,1,6073_1,1,3,3,3,0
2026-10-03,9,10064,1,2,6019_2,2,53,50,3,0
2026-10-03,9,10064,1,3,6020_1,3,83,50,3,0
2026-10-03,9,10064,1,4,6106_1,3,251,106,59,0
2026-10-03,9,10064,1,5,6134_1,5,528,130,78,0
2026-10-03,9,10064,1,6,6196_1,5,626,152,100,0
2026-10-03,9,10064,1,7,6263_1,6,553,127,52,0
2026-10-03,9,10064,1,8,6169_1,7,204,63,0,0
2026-10-03,9,10064,1,9,6405_1,7,442,97,34,0
2026-10-03,9,10064,1,10,6074_1,7,470,101,38,0
2026-10-03,9,10064,1,11,6229_1,8,543,124,31,0
2026-10-03,9,10064,1,12,6006_1,9,913,150,57,0
2026-10-03,9,10064,1,13,6902_1,9,1440,209,116,0
2026-10-03,9,10064,1,14,6170_1,10,2095,253,160,0
2026-10-03,9,10064,1,15,7841_2,11,2757,295,202,0
2026-10-03,9,10064,1,16,91_2,12,983,125,32,0
2026-10-03,9,10068,0,1,3_1,1,222,222,222,0
2026-10-03,9,10068,0,2,73_1,3,700,456,120,1
2026-10-03,9,10068,0,3,128_1,5,1602,523,176,2
2026-10-03,9,10068,0,4,114_5,7,1073,343,0,3
2026-10-03,9,10068,0,5,3_3,8,1991,412,0,5
2026-10-03,9,10068,0,6,4_3,10,2457,501,1,6
2026-10-03,9,10068,0,7,254_2,7,2191,472,0,6
2026-10-03,9,10068,0,8,53_3,8,2374,436,0,5
2026-10-03,9,10068,0,9,253_2,9,2700,427,0,5
2026-10-03,9,10068,0,10,186_2,11,3833,477,0,10
2026-10-03,9,10068,0,11,252_2,13,5026,538,84,11
2026-10-03,9,10068,0,12,150_2,3,291,116,83,0
2026-10-03,9,10068,0,13,151_2,4,437,139,77,0
2026-10-03,9,10068,0,14,152_3,5,151,64,2,0
2026-10-03,9,10068,0,15,251_2,5,125,58,0,0
2026-10-03,9,10068,0,16,250_2,6,136,56,0,0
2026-10-03,9,10068,0,17,249_2,12,1096,144,0,0
2026-10-03,9,10068,0,18,606_2,15,1607,171,22,0
2026-10-03,9,10068,0,19,607_2,18,1571,153,3,0
2026-10-03,9,10068,0,20,608_2,19,1672,160,10,0
2026-10-03,9,10068,0,21,609_2,22,1871,162,0,0
2026-10-03,9,10068,0,22,610_2,21,1956,164,0,0
2026-10-03,9,10068,0,23,765_2,23,3068,208,44,0
2026-10-03,9,10068,0,24,7717_2,25,2406,182,6,0
2026-10-03,9,10068,0,25,6023_1,29,3988,225,40,0
2026-10-03,9,10068,0,26,210_2,33,4185,243,14,0
2026-10-03,9,10068,0,27,211_2,34,3690,211,0,0
2026-10-03,9,10068,0,28,212_2,37,5313,291,15,0
2026-10-03,9,10068,0,29,615_2,38,7889,366,89,3
2026-10-03,9,10068,0,30,7213_2,43,6803,351,43,2
2026-10-03,9,10068,0,31,214_2,35,1936,229,0,0
2026-10-03,9,10068,0,32,215_2,38,2207,260,0,0
2026-10-03,9,10068,0,33,216_2,41,3640,291,21,0
2026-10-03,9,10068,0,34,752_2,42,3576,281,20,0
2026-10-03,9,10068,0,35,7217_2,34,1746,238,0,0
2026-10-03,9,10068,0,36,422_1,35,2866,167,23,0
2026-10-03,9,10068,0,37,421_1,26,1945,232,17,0
2026-10-03,9,10068,0,38,6163_1,22,1864,242,20,0
2026-10-03,9,10068,0,39,419_1,23,2194,276,19,0
2026-10-03,9,10068,0,40,418_1,42,10402,411,35,20
2026-10-03,9,10068,0,41,440_1,46,11265,411,32,19
2026-10-03,9,10068,0,42,6236_1,59,17637,484,87,27
2026-10-03,9,10068,0,43,6109_1,60,10676,388,0,10
2026-10-03,9,10068,1,1,6109_1,1,0,0,0,0
2026-10-03,9,10068,1,2,6236_2,3,126,53,29,0
2026-10-03,9,10068,1,3,440_2,5,321,110,35,0
2026-10-03,9,10068,1,4,418_2,8,1599,249,154,0
2026-10-03,9,10068,1,5,419_2,9,1890,352,146,1
2026-10-03,9,10068,1,6,6163_2,10,2082,346,140,1
2026-10-03,9,10068,1,7,421_2,11,2420,358,134,2
2026-10-03,9,10068,1,8,422_2,13,2267,309,59,1
2026-10-03,9,10068,1,9,7217_1,15,2626,401,15,2
2026-10-03,9,10068,1,10,752_1,17,3154,480,3,3
2026-10-03,9,10068,1,11,216_1,17,3014,450,0,2
2026-10-03,9,10068,1,12,215_1,20,3681,497,11,3
2026-10-03,9,10068,1,13,214_1,20,3631,495,8,3
2026-10-03,9,10068,1,14,7213_1,21,3648,486,0,3
2026-10-03,9,10068,1,15,615_1,22,5491,613,65,5
2026-10-03,9,10068,1,16,212_1,22,4026,496,5,3
2026-10-03,9,10068,1,17,211_1,22,4658,445,61,4
2026-10-03,9,10068,1,18,210_1,22,4191,362,36,2
2026-10-03,9,10068,1,19,6023_3,30,11663,525,214,27
2026-10-03,9,10068,1,20,7717_1,30,10748,488,195,24
2026-10-03,9,10068,1,21,765_1,33,13483,532,240,32
2026-10-03,9,10068,1,22,610_1,34,11120,452,147,26
2026-10-03,9,10068,1,23,609_1,34,11252,454,148,26
2026-10-03,9,10068,1,24,608_1,35,14188,530,243,34
2026-10-03,9,10068,1,25,607_1,37,14120,509,212,36
2026-10-03,9,10068,1,26,606_1,36,14666,543,204,35
2026-10-03,9,10068,1,27,249_1,39,12139,444,134,21
2026-10-03,9,10068,1,28,250_1,40,12178,447,91,19
2026-10-03,9,10068,1,29,251_1,40,11711,432,79,17
2026-10-03,9,10068,1,30,152_2,41,11890,417,53,20
2026-10-03,9,10068,1,31,151_1,43,14587,460,104,35
2026-10-03,9,10068,1,32,150_1,45,14155,426,73,29
2026-10-03,9,10068,1,33,252_1,48,18019,487,118,43
2026-10-03,9,10068,1,34,186_1,49,14912,433,35,25
2026-10-03,9,10068,1,35,253_1,51,13741,440,13,20
2026-10-03,9,10068,1,36,53_1,54,15765,490,6,24
2026-10-03,9,10068,1,37,254_1,43,14490,572,24,28
2026-10-03,9,10068,1,38,4_4,42,12315,521,0,18
2026-10-03,9,10068,1,39,6059_1,34,8104,458,0,9
2026-10-03,9,10068,1,40,3_1,31,8395,473,60,13
2026-10-03,9,10068,1,41,73_1,30,5810,398,0,7
2026-10-03,9,10068,1,42,128_1,30,7141,465,37,10
2026-10-03,9,10068,1,43,114_5,21,2651,285,0,0
2026-10-03,9,10070,1,32,4_4,3,1173,402,380,3
2026-10-03,9,10070,1,33,6059_1,10,2801,339,230,3
2026-10-03,9,10070,1,34,3_1,15,4060,354,146,5
2026-10-03,9,10070,1,35,73_1,18,2500,280,0,0
2026-10-03,9,10070,1,36,128_1,19,3426,340,37,2
2026-10-03,9,10070,1,37,114_5,14,1006,211,0,0
2026-10-03,9,10072,0,1,61_2,3,782,452,0,2
2026-10-03,9,10072,0,2,59_4,4,1493,563,0,3
2026-10-03,9,10072,0,3,57_2,5,1925,557,97,4
2026-10-03,9,10072,0,4,56_2,11,3508,648,104,5
2026-10-03,9,10072,0,5,55_4,13,4720,694,134,6
2026-10-03,9,10072,0,6,69_2,16,4891,693,35,7
2026-10-03,9,10072,0,7,68_2,19,7189,760,102,9
2026-10-03,9,10072,0,8,67_2,20,6866,727,42,9
2026-10-03,9,10072,0,9,65_2,22,10716,898,140,13
2026-10-03,9,10072,0,10,204_2,25,11468,897,83,14
2026-10-03,9,10072,0,11,255_2,27,12497,880,103,17
2026-10-03,9,10072,0,12,205_2,27,10547,772,59,14
2026-10-03,9,10072,0,13,206_2,22,6114,644,40,7
2026-10-03,9,10072,0,14,863_3,18,3041,406,0,4
2026-10-03,9,10072,0,15,209_2,19,4243,451,45,5
2026-10-03,9,10072,0,16,210_2,23,5922,513,12,10
2026-10-03,9,10072,0,17,211_2,29,6224,480,0,8
2026-10-03,9,10072,0,18,212_2,39,8194,504,13,11
2026-10-03,9,10072,0,19,615_2,43,11299,545,87,15
2026-10-03,9,10072,0,20,7213_2,45,10905,496,44,13
2026-10-03,9,10072,0,21,214_2,40,5727,358,0,3
2026-10-03,9,10072,0,22,215_2,43,6028,359,0,3
2026-10-03,9,10072,0,23,216_2,47,8000,376,43,4
2026-10-03,9,10072,0,24,752_2,48,7843,375,32,4
2026-10-03,9,10072,0,25,7217_2,47,5792,365,0,3
2026-10-03,9,10072,0,26,422_1,51,8209,471,0,5
2026-10-03,9,10072,0,27,421_1,53,8491,492,5,5
2026-10-03,9,10072,0,28,6163_1,54,8721,502,1,6
2026-10-03,9,10072,0,29,419_1,56,9232,536,7,6
2026-10-03,9,10072,0,30,418_1,60,12777,568,35,10
2026-10-03,9,10072,0,31,440_1,60,13173,595,32,10
2026-10-03,9,10072,0,32,6236_1,63,18633,684,87,27
2026-10-03,9,10072,0,33,6109_1,62,11130,511,0,9
2026-10-03,9,10072,1,1,6109_1,2,15,15,0,0
2026-10-03,9,10072,1,2,6236_2,3,138,92,0,0
2026-10-03,9,10072,1,3,440_2,5,262,110,14,0
2026-10-03,9,10072,1,4,418_2,7,1325,291,130,0
2026-10-03,9,10072,1,5,419_2,9,1658,287,131,0
2026-10-03,9,10072,1,6,6163_2,10,1829,284,128,0
2026-10-03,9,10072,1,7,421_2,11,2155,297,135,0
2026-10-03,9,10072,1,8,422_2,7,642,140,15,0
2026-10-03,9,10072,1,9,7217_1,7,381,114,0,0
2026-10-03,9,10072,1,10,752_1,8,365,111,0,0
2026-10-03,9,10072,1,11,216_1,9,370,129,0,0
2026-10-03,9,10072,1,12,215_1,9,406,119,11,0
2026-10-03,9,10072,1,13,214_1,10,379,116,0,0
2026-10-03,9,10072,1,14,7213_1,9,329,118,0,0
2026-10-03,9,10072,1,15,615_1,10,945,175,63,0
2026-10-03,9,10072,1,16,212_1,11,455,137,0,0
2026-10-03,9,10072,1,17,211_1,12,1211,205,56,0
2026-10-03,9,10072,1,18,210_1,13,1114,197,31,0
2026-10-03,9,10072,1,19,209_1,14,3407,377,175,2
2026-10-03,9,10072,1,20,863_1,15,2925,335,119,2
2026-10-03,9,10072,1,21,206_1,16,3079,366,99,4
2026-10-03,9,10072,1,22,205_1,16,2884,349,82,2
2026-10-03,9,10072,1,23,255_1,17,3760,383,116,5
2026-10-03,9,10072,1,24,204_1,19,6238,547,188,12
2026-10-03,9,10072,1,25,65_1,21,7806,699,183,14
2026-10-03,9,10072,1,26,67_1,16,6906,715,244,10
2026-10-03,9,10072,1,27,68_1,19,8923,839,287,17
2026-10-03,9,10072,1,28,69_1,25,9528,819,134,13
2026-10-03,9,10072,1,29,55_1,26,10408,817,145,14
2026-10-03,9,10072,1,30,56_1,26,11439,823,155,18
2026-10-03,9,10072,1,31,57_1,28,13476,839,188,22
2026-10-03,9,10072,1,32,59_1,29,13588,807,179,20
2026-10-03,9,10072,1,33,61_2,31,12554,722,110,18
2026-10-03,9,10075,1,3,7217_1,4,29,19,0,0
2026-10-03,9,10075,1,4,752_1,3,14,14,0,0
2026-10-03,9,10075,1,5,216_1,4,52,23,9,0
2026-10-03,9,10075,1,6,215_1,4,56,24,10,0
2026-10-03,9,10075,1,7,214_1,4,48,22,8,0
2026-10-03,9,10075,1,8,7213_1,5,96,31,12,0
2026-10-03,9,10075,1,9,615_1,5,406,93,74,0
2026-10-03,9,10075,1,10,212_1,6,329,71,33,0
2026-10-03,9,10075,1,11,211_1,8,773,169,41,0
2026-10-03,9,10075,1,12,210_1,9,1068,233,57,0
2026-10-03,9,10075,1,13,209_1,10,2323,344,168,1
2026-10-03,9,10075,1,14,863_1,11,1795,273,97,0
2026-10-03,9,10075,1,15,206_1,12,2090,283,107,0
2026-10-03,9,10075,1,16,205_1,13,2224,256,108,0
2026-10-03,9,10075,1,17,255_1,13,2445,252,130,0
2026-10-03,9,10075,1,18,204_1,15,3813,325,146,4
2026-10-03,9,10075,1,19,65_1,16,4622,373,157,9
2026-10-03,9,10075,1,20,67_1,18,5757,423,186,12
2026-10-03,9,10075,1,21,68_1,17,6006,455,218,12
2026-10-03,9,10075,1,22,69_1,19,5312,383,144,10
2026-10-03,9,10075,1,23,55_1,21,5636,381,145,10
2026-10-03,9,10075,1,24,56_1,21,5669,387,156,10
2026-10-03,9,10075,1,25,57_1,23,6524,403,155,12
2026-10-03,9,10075,1,26,59_1,22,5891,371,147,10
2026-10-03,9,10075,1,27,61_2,23,4637,291,62,0
2026-10-03,9,10077,1,30,61_2,3,1241,415,411,3
2026-10-03,9,10080,1,1,6079_1,2,87,87,0,0
2026-10-03,9,10080,1,2,6035_1,3,654,299,143,0
2026-10-03,9,10080,1,3,6180_1,4,717,248,92,0
2026-10-03,9,10080,1,4,6112_1,4,675,234,78,0
2026-10-03,9,10080,1,5,6168_1,4,639,222,66,0
2026-10-03,9,10080,1,6,426_1,5,774,218,62,0
2026-10-03,9,10080,1,7,425_2,5,710,202,46,0
2026-10-03,9,10080,1,8,7217_2,6,839,234,25,0
2026-10-03,9,10080,1,9,422_1,7,1190,281,3,0
2026-10-03,9,10080,1,10,421_3,8,1060,276,0,0
2026-10-03,9,10081,0,11,6079_1,5,1871,428,348,5
2026-10-03,9,10082,0,1,421_3,1,0,0,0,0
2026-10-03,9,10082,0,2,422_2,2,64,47,17,0
2026-10-03,9,10082,0,3,423_2,4,401,158,47,0
2026-10-03,9,10082,0,4,424_2,5,773,300,71,1
2026-10-03,9,10082,0,5,425_1,7,2214,438,237,5
2026-10-03,9,10082,0,6,426_2,6,1566,339,195,1
2026-10-03,9,10082,0,7,427_1,6,1566,339,195,1
2026-10-03,9,10082,0,8,428_1,2,426,231,195,0
2026-10-03,10,10001,1,2,727_1,1,525,525,525,1
2026-10-03,10,10001,1,3,723_1,1,525,525,525,1
2026-10-03,10,10001,1,4,722_1,2,902,465,437,2
2026-10-03,10,10001,1,5,721_1,3,1569,547,497,3
2026-10-03,10,10001,1,6,720_1,3,1569,547,497,3
2026-10-03,10,10001,1,7,719_1,4,2083,547,497,4
2026-10-03,10,10001,1,8,718_1,4,2256,607,518,4
2026-10-03,10,10001,1,9,7717_1,5,2817,607,511,5
2026-10-03,10,10001,1,10,765_1,7,3844,590,495,7
2026-10-03,10,10001,1,11,610_1,7,3726,569,479,7
2026-10-03,10,10001,1,12,609_1,7,3696,566,476,7
2026-10-03,10,10001,1,13,608_1,7,3779,573,483,7
2026-10-03,10,10001,1,14,607_1,9,4594,559,449,9
2026-10-03,10,10001,1,15,606_1,8,4149,566,453,8
2026-10-03,10,10001,1,16,249_1,8,3952,542,428,8
2026-10-03,10,10001,1,17,250_1,10,4957,553,437,10
2026-10-03,10,10001,1,18,251_1,10,5129,572,453,10
2026-10-03,10,10001,1,19,152_1,11,5605,575,452,11
2026-10-03,10,10001,1,20,200_1,12,6636,619,500,12
2026-10-03,10,10001,1,21,184_1,13,7126,618,499,13
2026-10-03,10,10001,1,22,201_1,15,8869,673,500,15
2026-10-03,10,10001,1,23,51_1,16,9543,684,500,16
2026-10-03,10,10001,1,24,202_1,16,10451,740,556,16
2026-10-03,10,10001,1,25,5_4,17,10306,685,501,17
2026-10-03,10,10001,1,26,6070_3,18,11561,741,535,18
2026-10-03,10,10002,0,1,61_3,1,0,0,0,0
2026-10-03,10,10002,0,2,59_2,2,285,154,131,0
2026-10-03,10,10002,0,3,534_1,3,348,137,97,0
2026-10-03,10,10002,0,4,256_1,4,657,193,141,0
2026-10-03,10,10002,0,5,910_1,5,1028,246,159,0
2026-10-03,10,10002,0,6,122_2,5,738,188,101,0
2026-10-03,10,10002,0,7,123_2,6,493,139,0,0
2026-10-03,10,10002,0,8,124_2,8,1585,274,135,0
2026-10-03,10,10002,0,9,125_2,10,2860,367,213,5
2026-10-03,10,10002,0,10,126_2,11,2950,351,197,3
2026-10-03,10,10002,0,11,127_2,18,5041,449,161,9
2026-10-03,10,10002,0,12,203_2,21,4155,375,75,2
2026-10-03,10,10002,0,13,113_4,25,4993,428,56,3
2026-10-03,10,10002,0,14,905_3,25,4965,428,54,3
2026-10-03,10,10002,0,15,456_2,27,5404,428,50,4
2026-10-03,10,10002,0,16,455_2,29,5153,428,11,4
2026-10-03,10,10002,0,17,699_1,30,4972,378,20,4
2026-10-03,10,10002,0,18,454_2,30,4490,378,0,4
2026-10-03,10,10002,0,19,453_2,32,6621,438,45,7
2026-10-03,10,10002,0,20,75_3,30,3797,328,0,2
2026-10-03,10,10002,0,21,906_2,31,3568,278,0,0
2026-10-03,10,10002,0,22,452_2,22,1352,168,0,0
2026-10-03,10,10002,0,23,451_2,17,706,139,0,0
2026-10-03,10,10002,0,24,445_3,10,132,34,0,0
2026-10-03,10,10002,0,25,446_2,5,66,66,0,0
2026-10-03,10,10002,1,2,445_2,2,0,0,0,0
2026-10-03,10,10002,1,3,451_1,4,140,138,0,0
2026-10-03,10,10002,1,4,452_1,3,147,147,0,0
2026-10-03,10,10002,1,5,906_1,2,147,106,41,0
2026-10-03,10,10002,1,6,75_2,3,181,110,26,0
2026-10-03,10,10002,1,7,453_1,4,324,140,53,0
2026-10-03,10,10002,1,8,454_1,5,340,128,41,0
2026-10-03,10,10002,1,9,455_1,6,415,135,40,0
2026-10-03,10,10002,1,10,456_1,7,278,111,7,0
2026-10-03,10,10002,1,11,905_2,8,578,145,41,0
2026-10-03,10,10002,1,12,113_2,9,1305,218,114,0
2026-10-03,10,10002,1,13,203_1,9,684,149,45,0
2026-10-03,10,10002,1,14,127_1,10,892,162,58,0
2026-10-03,10,10002,1,15,126_1,11,422,112,8,0
2026-10-03,10,10002,1,16,125_1,11,324,103,0,0
2026-10-03,10,10002,1,17,124_1,2,55,55,0,0
2026-10-03,10,10002,1,18,123_1,2,26,26,0,0
2026-10-03,10,10002,1,19,122_1,3,192,78,52,0
2026-10-03,10,10002,1,20,910_2,4,277,106,45,0
2026-10-03,10,10002,1,21,256_2,3,67,51,0,0
2026-10-03,10,10002,1,22,534_2,5,332,103,36,0
2026-10-03,10,10002,1,23,59_3,6,594,136,69,0
2026-10-03,10,10002,1,24,61_3,2,0,0,0,0
2026-10-03,10,10033,0,1,91_3,2,60,60,0,0
2026-10-03,10,10033,0,2,7841_4,3,159,75,12,0
2026-10-03,10,10033,0,3,6170_2,3,261,109,46,0
2026-10-03,10,10033,0,4,6211_1,3,261,109,46,0
2026-10-03,10,10033,0,5,6033_1,3,441,169,106,0
2026-10-03,10,10033,0,6,6400_2,4,533,169,92,0
2026-10-03,10,10033,0,7,6401_2,5,637,169,92,0
2026-10-03,10,10033,0,8,6074_2,5,637,169,92,0
2026-10-03,10,10033,0,9,6169_2,6,356,99,22,0
2026-10-03,10,10033,0,10,6260_1,6,512,125,48,0
2026-10-03,10,10033,0,11,7475_1,4,17,10,0,0
2026-10-03,10,10033,1,1,7475_1,3,18,18,0,0
2026-10-03,10,10033,1,2,6260_2,3,249,95,77,0
2026-10-03,10,10033,1,3,6169_1,5,630,147,110,0
2026-10-03,10,10033,1,4,6405_1,6,902,177,127,0
2026-10-03,10,10033,1,5,6074_1,7,1078,182,131,0
2026-10-03,10,10033,1,6,6401_1,7,672,124,73,0
2026-10-03,10,10033,1,7,6400_1,8,843,140,59,0
2026-10-03,10,10033,1,8,6033_2,9,1329,190,86,0
2026-10-03,10,10033,1,9,6211_2,9,1221,178,74,0
2026-10-03,10,10033,1,10,6170_1,9,1077,162,58,0
2026-10-03,10,10033,1,11,7841_2,10,1485,187,115,0
2026-10-03,10,10033,1,12,91_3,11,885,127,0,0
2026-10-03,10,10034,0,1,91_2,1,0,0,0,0
2026-10-03,10,10034,0,2,7841_4,2,78,56,22,0
2026-10-03,10,10034,0,3,6170_2,3,220,86,52,0
2026-10-03,10,10034,0,4,6902_2,4,373,115,66,0
2026-10-03,10,10034,0,5,6006_2,5,638,151,104,0
2026-10-03,10,10034,0,6,6229_2,6,784,153,116,0
2026-10-03,10,10034,0,7,6074_2,6,686,133,96,0
2026-10-03,10,10034,0,8,6169_2,7,416,84,39,0
2026-10-03,10,10034,0,9,6263_2,8,623,107,56,0
2026-10-03,10,10034,0,10,6196_2,8,639,109,58,0
2026-10-03,10,10034,0,11,6134_2,9,832,127,49,0
2026-10-03,10,10034,0,12,6106_2,9,1021,148,70,0
2026-10-03,10,10034,0,13,6020_9,9,866,133,51,0
2026-10-03,10,10034,0,14,6019_1,6,62,32,0,0
2026-10-03,10,10034,0,15,6073_2,8,856,126,94,0
2026-10-03,10,10047,0,1,61_1,2,0,0,0,0
2026-10-03,10,10047,0,2,59_4,4,130,38,24,0
2026-10-03,10,10047,0,3,57_2,5,171,46,20,0
2026-10-03,10,10047,0,4,56_2,7,650,115,75,0
2026-10-03,10,10047,0,5,55_2,14,3105,400,105,5
2026-10-03,10,10047,0,6,72_1,12,2977,375,54,5
2026-10-03,10,10047,0,7,73_2,13,3204,387,0,6
2026-10-03,10,10047,0,8,73_3,16,4951,526,59,9
2026-10-03,10,10047,0,9,3_2,19,6370,581,36,11
2026-10-03,10,10047,0,10,114_4,24,8087,545,155,16
2026-10-03,10,10047,0,11,393_2,25,8085,536,0,16
2026-10-03,10,10047,0,12,6070_3,30,9689,534,0,20
2026-10-03,10,10047,0,13,6102_2,30,10054,544,0,20
2026-10-03,10,10047,0,14,6069_2,31,10287,534,14,22
2026-10-03,10,10047,0,15,6057_2,31,9509,508,0,19
2026-10-03,10,10047,0,16,9_5,33,10801,551,38,21
2026-10-03,10,10047,0,17,6241_2,36,13066,601,79,24
2026-10-03,10,10047,0,18,6143_2,36,11679,566,50,22
2026-10-03,10,10047,0,19,6166_2,34,10683,576,40,17
2026-10-03,10,10047,0,20,446_4,35,10523,587,0,17
2026-10-03,10,10047,0,21,6161_2,40,13784,575,10,29
2026-10-03,10,10047,0,22,6001_2,40,15438,624,26,31
2026-10-03,10,10047,0,23,6160_2,42,16283,635,17,33
2026-10-03,10,10047,0,24,6162_2,50,19619,634,16,34
2026-10-03,10,10047,0,25,6041_2,50,21684,676,50,40
2026-10-03,10,10047,0,26,243_2,50,21959,672,214,41
2026-10-03,10,10047,0,27,6228_2,51,22270,657,223,41
2026-10-03,10,10047,0,28,95_2,53,21486,650,175,40
2026-10-03,10,10047,0,29,94_3,55,20954,626,148,41
2026-10-03,10,10047,0,30,6242_1,56,20782,606,120,42
2026-10-03,10,10047,0,31,6064_1,57,19436,576,87,40
2026-10-03,10,10047,0,32,6255_2,60,23799,638,140,46
2026-10-03,10,10047,0,33,6256_2,61,25367,648,157,47
2026-10-03,10,10047,0,34,6094_2,65,26276,652,136,50
2026-10-03,10,10047,0,35,6244_2,64,23319,613,98,47
2026-10-03,10,10047,0,36,6257_2,64,23071,598,95,48
2026-10-03,10,10047,0,37,6240_2,63,26616,694,130,49
2026-10-03,10,10047,0,38,6258_2,65,27151,674,117,50
2026-10-03,10,10047,0,39,6225_2,65,25827,650,94,46
2026-10-03,10,10047,0,40,6181_2,66,24868,630,85,45
2026-10-03,10,10047,0,41,6246_2,68,28419,677,106,51
2026-10-03,10,10047,0,42,6206_2,70,28236,667,77,50
2026-10-03,10,10047,0,43,6176_2,70,29898,700,84,53
2026-10-03,10,10047,0,44,6200_3,69,31361,700,93,53
2026-10-03,10,10047,0,45,6042_2,68,28836,653,57,52
2026-10-03,10,10047,0,46,6031_2,64,23798,576,19,45
2026-10-03,10,10047,0,47,6039_1,59,19047,498,61,32
2026-10-03,10,10047,1,1,6039_1,3,9,9,0,0
2026-10-03,10,10047,1,2,6031_1,5,316,109,42,0
2026-10-03,10,10047,1,3,6042_1,5,154,73,12,0
2026-10-03,10,10047,1,4,6200_1,7,307,85,2,0
2026-10-03,10,10047,1,5,6176_1,7,542,146,16,0
2026-10-03,10,10047,1,6,6206_1,7,676,157,27,0
2026-10-03,10,10047,1,7,6246_1,8,920,182,52,0
2026-10-03,10,10047,1,8,6181_1,10,898,155,25,0
2026-10-03,10,10047,1,9,6225_1,10,798,156,25,0
2026-10-03,10,10047,1,10,6258_1,11,571,133,0,0
2026-10-03,10,10047,1,11,6240_1,12,577,119,0,0
2026-10-03,10,10047,1,12,6257_1,12,925,145,26,0
2026-10-03,10,10047,1,13,6244_1,13,838,136,17,0
2026-10-03,10,10047,1,14,6094_1,11,645,118,0,0
2026-10-03,10,10047,1,15,6256_1,11,702,129,0,0
2026-10-03,10,10047,1,16,6255_1,14,1283,143,27,0
2026-10-03,10,10047,1,17,6064_2,16,2180,227,68,0
2026-10-03,10,10047,1,18,6242_2,17,2425,224,81,0
2026-10-03,10,10047,1,19,94_2,18,2387,214,76,0
2026-10-03,10,10047,1,20,95_1,19,2194,193,57,0
2026-10-03,10,10047,1,21,6228_1,22,3143,238,82,0
2026-10-03,10,10047,1,22,243_1,23,3898,274,111,0
2026-10-03,10,10047,1,23,6041_1,26,5522,314,152,2
2026-10-03,10,10047,1,24,6162_1,26,4912,284,131,0
2026-10-03,10,10047,1,25,6160_1,26,5153,298,139,0
2026-10-03,10,10047,1,26,6001_1,27,6594,336,145,6
2026-10-03,10,10047,1,27,6161_1,31,9723,509,150,15
2026-10-03,10,10047,1,28,446_3,39,10717,464,65,14
2026-10-03,10,10047,1,29,6166_1,38,10569,473,69,16
2026-10-03,10,10047,1,30,6143_1,35,9307,458,47,15
2026-10-03,10,10047,1,31,6241_1,35,9169,456,45,15
2026-10-03,10,10047,1,32,9_2,37,7803,408,0,9
2026-10-03,10,10047,1,33,6057_1,37,8178,429,0,10
2026-10-03,10,10047,1,34,6069_1,39,8284,417,0,9
2026-10-03,10,10047,1,35,6102_1,43,10971,462,26,12
2026-10-03,10,10047,1,36,6070_2,44,9168,401,0,9
2026-10-03,10,10047,1,37,393_1,45,11601,467,24,13
2026-10-03,10,10047,1,38,114_1,46,8438,381,0,8
2026-10-03,10,10047,1,39,114_3,48,14316,517,118,25
2026-10-03,10,10047,1,40,3_1,51,20112,632,178,36
2026-10-03,10,10047,1,41,73_1,54,17875,560,112,32
2026-10-03,10,10047,1,42,72_2,57,22487,629,158,42
2026-10-03,10,10047,1,43,55_1,50,18260,626,138,35
2026-10-03,10,10047,1,44,56_1,47,17682,638,151,33
2026-10-03,10,10047,1,45,57_1,48,17686,615,145,34
2026-10-03,10,10047,1,46,59_1,60,20207,595,137,36
2026-10-03,10,10047,1,47,61_1,65,18284,563,101,33
2026-10-03,10,10049,0,1,91_1,4,121,93,0,0
2026-10-03,10,10049,0,2,6016_1,4,391,178,50,0
2026-10-03,10,10049,0,3,93_1,6,727,194,46,0
2026-10-03,10,10049,0,4,94_1,7,1238,238,93,0
2026-10-03,10,10049,0,5,6242_1,9,1734,250,91,0
2026-10-03,10,10049,0,6,6064_1,10,1691,227,63,0
2026-10-03,10,10049,0,7,6255_2,12,2838,324,96,1
2026-10-03,10,10049,0,8,6256_2,13,3249,342,107,2
2026-10-03,10,10049,0,9,6094_2,15,3649,320,103,2
2026-10-03,10,10049,0,10,6244_2,15,3092,290,63,0
2026-10-03,10,10049,0,11,6257_2,16,3210,317,47,1
2026-10-03,10,10049,0,12,6240_2,16,4218,375,84,4
2026-10-03,10,10049,0,13,6258_2,18,4850,355,119,5
2026-10-03,10,10049,0,14,6225_2,20,5026,331,106,5
2026-10-03,10,10049,0,15,6181_2,20,4656,311,89,4
2026-10-03,10,10049,0,16,6246_2,26,7466,414,121,11
2026-10-03,10,10049,0,17,6206_2,22,6003,401,96,10
2026-10-03,10,10049,0,18,6176_2,20,5920,409,155,10
2026-10-03,10,10049,0,19,6200_3,23,7770,472,181,14
2026-10-03,10,10049,0,20,6042_2,23,7285,453,153,13
2026-10-03,10,10049,0,21,6031_2,23,6381,415,113,10
2026-10-03,10,10049,0,22,6039_1,25,5932,359,82,4
2026-10-03,10,10049,1,1,6039_1,3,27,27,0,0
2026-10-03,10,10049,1,2,6031_1,3,192,81,54,0
2026-10-03,10,10049,1,3,6042_1,4,153,58,22,0
2026-10-03,10,10049,1,4,6200_1,5,209,72,15,0
2026-10-03,10,10049,1,5,6176_1,5,285,82,38,0
2026-10-03,10,10049,1,6,6206_1,7,437,92,29,0
2026-10-03,10,10049,1,7,6246_1,7,621,114,51,0
2026-10-03,10,10049,1,8,6181_1,9,513,90,27,0
2026-10-03,10,10049,1,9,6225_1,10,449,85,22,0
2026-10-03,10,10049,1,10,6258_1,12,266,63,0,0
2026-10-03,10,10049,1,11,6240_1,11,190,51,0,0
2026-10-03,10,10049,1,12,6257_1,11,487,78,27,0
2026-10-03,10,10049,1,13,6244_1,12,483,73,21,0
2026-10-03,10,10049,1,14,6094_1,11,202,49,0,0
2026-10-03,10,10049,1,15,6256_1,7,143,49,0,0
2026-10-03,10,10049,1,16,6255_1,10,622,79,42,0
2026-10-03,10,10049,1,17,6064_2,13,1161,116,66,0
2026-10-03,10,10049,1,18,6242_2,13,1049,123,28,0
2026-10-03,10,10049,1,19,94_4,15,2002,187,69,0
2026-10-03,10,10049,1,20,93_2,15,2262,216,73,0
2026-10-03,10,10049,1,21,6016_2,20,3185,234,70,0
2026-10-03,10,10049,1,22,91_1,19,1532,146,0,0
2026-10-03,10,10050,0,1,91_4,1,62,62,62,0
2026-10-03,10,10050,0,2,6016_1,3,364,174,85,0
2026-10-03,10,10050,0,3,93_1,4,503,190,81,0
2026-10-03,10,10050,0,4,6013_2,4,491,182,83,0
2026-10-03,10,10050,0,5,6212_2,6,917,251,104,0
2026-10-03,10,10050,0,6,6205_2,7,1292,273,122,0
2026-10-03,10,10050,0,7,6187_3,8,1309,252,110,0
2026-10-03,10,10050,0,8,6011_2,10,1740,268,109,0
2026-10-03,10,10050,0,9,6018_2,11,2574,359,155,2
2026-10-03,10,10050,0,10,6190_2,11,2940,395,191,4
2026-10-03,10,10050,0,11,6171_2,12,3014,374,170,4
2026-10-03,10,10050,0,12,6014_3,13,1507,245,1,0
2026-10-03,10,10050,1,1,6014_1,1,2,2,2,0
2026-10-03,10,10050,1,2,6171_1,2,145,112,33,0
2026-10-03,10,10050,1,3,6190_1,3,178,82,28,0
2026-10-03,10,10050,1,4,6018_1,4,171,58,18,0
2026-10-03,10,10050,1,5,6011_3,5,238,79,16,0
2026-10-03,10,10050,1,6,6187_2,6,281,81,19,0
2026-10-03,10,10050,1,7,6205_1,9,465,92,19,0
2026-10-03,10,10050,1,8,6212_1,9,517,100,22,0
2026-10-03,10,10050,1,9,6013_1,9,447,94,12,0
2026-10-03,10,10050,1,10,93_2,10,1359,205,51,0
2026-10-03,10,10050,1,11,6016_2,12,1784,233,59,0
2026-10-03,10,10050,1,12,91_4,12,1688,233,0,0
2026-10-03,10,10051,0,1,91_4,1,0,0,0,0
2026-10-03,10,10051,0,2,6016_1,2,159,102,57,0
2026-10-03,10,10051,0,3,93_1,4,491,245,42,0
2026-10-03,10,10051,0,4,6013_2,7,803,307,4,1
2026-10-03,10,10051,0,5,6212_2,11,1451,333,2,2
2026-10-03,10,10051,0,6,6205_2,10,1784,347,19,3
2026-10-03,10,10051,0,7,6187_3,9,1611,330,1,2
2026-10-03,10,10051,0,8,6011_4,10,2279,404,52,4
2026-10-03,10,10051,0,9,6017_2,12,3031,456,77,5
2026-10-03,10,10051,0,10,6172_2,13,2878,433,62,5
2026-10-03,10,10051,0,11,6067_2,14,3090,460,37,5
2026-10-03,10,10051,0,12,6248_2,15,2981,452,20,5
2026-10-03,10,10051,0,13,6249_2,16,3258,437,15,5
2026-10-03,10,10051,0,14,6015_2,14,2828,396,0,5
2026-10-03,10,10051,1,1,6015_1,1,43,43,43,0
2026-10-03,10,10051,1,2,6249_1,2,157,89,68,0
2026-10-03,10,10051,1,3,6248_1,2,158,85,73,0
2026-10-03,10,10051,1,4,6067_1,4,142,44,28,0
2026-10-03,10,10051,1,5,6172_1,5,294,82,48,0
2026-10-03,10,10051,1,6,6017_1,6,359,98,23,0
2026-10-03,10,10051,1,7,6011_1,8,675,119,42,0
2026-10-03,10,10051,1,8,6187_2,13,1645,173,60,0
2026-10-03,10,10051,1,9,6205_1,15,2004,211,55,0
2026-10-03,10,10051,1,10,6212_1,16,2405,224,63,0
2026-10-03,10,10051,1,11,6013_1,19,2667,207,45,0
2026-10-03,10,10051,1,12,93_2,22,4469,275,79,0
2026-10-03,10,10051,1,13,6016_2,20,4536,292,87,0
2026-10-03,10,10051,1,14,91_4,16,2317,292,0,0
2026-10-03,10,10053,1,1,6350_1,2,60,60,0,0
2026-10-03,10,10053,1,2,6278_1,3,194,134,0,0
2026-10-03,10,10053,1,3,6321_1,3,194,134,0,0
2026-10-03,10,10053,1,4,6309_1,4,336,142,0,0
2026-10-03,10,10053,1,5,6340_9,5,488,152,0,0
2026-10-03,10,10053,1,6,6291_1,5,488,152,0,0
2026-10-03,10,10053,1,7,6316_1,7,866,189,0,0
2026-10-03,10,10053,1,8,6265_1,8,1045,189,0,0
2026-10-03,10,10053,1,9,6349_1,7,832,179,0,0
2026-10-03,10,10054,0,1,6293_1,8,130,68,0,0
2026-10-03,10,10054,0,2,6402_9,17,755,202,0,0
2026-10-03,10,10054,0,3,6271_9,21,1191,198,0,0
2026-10-03,10,10054,0,4,6292_1,11,436,138,0,0
2026-10-03,10,10054,1,1,6292_1,8,455,225,0,0
2026-10-03,10,10054,1,2,6271_1,12,1442,265,0,0
2026-10-03,10,10054,1,3,6402_1,12,1503,262,0,0
2026-10-03,10,10054,1,4,6403_1,17,3447,344,0,3
2026-10-03,10,10054,1,5,6293_1,17,1526,197,0,0
2026-10-03,10,10059,0,1,91_3,4,298,231,0,0
2026-10-03,10,10059,0,2,7841_4,7,1100,315,50,1
2026-10-03,10,10059,0,3,6170_2,8,1442,342,78,1
2026-10-03,10,10059,0,4,6902_2,10,2113,359,95,3
2026-10-03,10,10059,0,5,6006_2,12,2856,388,131,3
2026-10-03,10,10059,0,6,6229_2,14,3580,401,141,5
2026-10-03,10,10059,0,7,6074_2,14,3398,375,139,5
2026-10-03,10,10059,0,8,6169_2,16,2774,312,75,1
2026-10-03,10,10059,0,9,6260_1,18,3546,331,89,4
2026-10-03,10,10059,0,10,7475_1,18,1835,218,0,0
2026-10-03,10,10059,1,1,7475_1,3,2,2,0,0
2026-10-03,10,10059,1,2,6260_2,5,247,60,34,0
2026-10-03,10,10059,1,3,6169_1,8,755,123,67,0
2026-10-03,10,10059,1,4,6405_1,8,968,148,92,0
2026-10-03,10,10059,1,5,6074_1,10,1279,176,88,0
2026-10-03,10,10059,1,6,6229_1,11,1314,165,77,0
2026-10-03,10,10059,1,7,6006_1,13,1983,192,90,0
2026-10-03,10,10059,1,8,6902_1,14,2775,258,146,0
2026-10-03,10,10059,1,9,6170_1,17,3944,272,174,0
2026-10-03,10,10059,1,10,7841_2,20,5130,304,183,1
2026-10-03,10,10059,1,11,91_3,14,2808,303,123,1
2026-10-03,10,10060,1,1,6015_1,2,0,0,0,0
2026-10-03,10,10060,1,2,6249_1,4,222,90,39,0
2026-10-03,10,10060,1,3,6248_1,6,292,87,26,0
2026-10-03,10,10060,1,4,6067_1,8,152,45,0,0
2026-10-03,10,10060,1,5,6172_1,11,407,93,6,0
2026-10-03,10,10060,1,6,6017_1,9,503,103,27,0
2026-10-03,10,10060,1,7,6011_1,12,904,139,41,0
2026-10-03,10,10060,1,8,6187_2,15,1707,177,68,0
2026-10-03,10,10060,1,9,6205_1,15,1898,179,79,0
2026-10-03,10,10060,1,10,6212_1,20,2710,192,87,0
2026-10-03,10,10060,1,11,6013_1,25,3088,175,54,0
2026-10-03,10,10060,1,12,94_2,30,3182,183,1,0
2026-10-03,10,10060,1,13,95_1,31,2854,160,0,0
2026-10-03,10,10060,1,14,6228_1,35,4512,198,45,0
2026-10-03,10,10060,1,15,243_1,35,5298,215,75,0
2026-10-03,10,10060,1,16,6041_1,35,6688,260,108,0
2026-10-03,10,10060,1,17,6162_1,32,5462,239,77,0
2026-10-03,10,10060,1,18,6160_1,32,5818,274,91,0
2026-10-03,10,10060,1,19,6001_1,34,7960,371,75,8
2026-10-03,10,10060,1,20,6161_1,38,10762,488,129,17
2026-10-03,10,10060,1,21,446_3,39,9741,443,84,12
2026-10-03,10,10060,1,22,6166_1,44,12177,512,109,19
2026-10-03,10,10060,1,23,6143_1,44,11229,497,85,15
2026-10-03,10,10060,1,24,6241_1,44,10823,495,78,14
2026-10-03,10,10060,1,25,9_2,54,10279,480,10,7
2026-10-03,10,10060,1,26,8_3,56,11615,516,0,9
2026-10-03,10,10060,1,27,6_1,59,12537,530,3,12
2026-10-03,10,10060,1,28,902_1,56,11964,525,0,11
2026-10-03,10,10060,1,29,5_1,54,12162,525,0,12
2026-10-03,10,10060,1,30,4_1,57,15042,552,46,15
2026-10-03,10,10060,1,31,6059_1,60,18501,602,87,27
2026-10-03,10,10060,1,32,3_1,63,18796,602,87,27
2026-10-03,10,10060,1,33,73_1,64,15157,543,13,15
2026-10-03,10,10060,1,34,128_1,60,17888,598,80,26
2026-10-03,10,10060,1,35,114_5,49,8020,382,0,6
2026-10-03,10,10061,0,1,3_1,1,488,488,488,1
2026-10-03,10,10061,0,2,73_1,3,606,432,54,1
2026-10-03,10,10061,0,3,128_1,7,2152,531,158,3
2026-10-03,10,10061,0,4,114_5,8,1598,334,20,3
2026-10-03,10,10061,0,5,3_3,11,3654,445,158,8
2026-10-03,10,10061,0,6,4_5,14,3941,519,82,7
2026-10-03,10,10061,0,7,5_3,15,4928,531,131,10
2026-10-03,10,10061,0,8,902_2,19,6094,566,141,9
2026-10-03,10,10061,0,9,6_2,19,5986,546,127,11
2026-10-03,10,10061,0,10,8_1,25,7161,522,110,11
2026-10-03,10,10061,0,11,9_5,28,6293,493,62,9
2026-10-03,10,10061,0,12,6241_2,34,9230,545,94,12
2026-10-03,10,10061,0,13,6143_2,32,7760,516,63,12
2026-10-03,10,10061,0,14,6166_2,27,7578,511,64,13
2026-10-03,10,10061,0,15,446_4,26,7794,504,118,14
2026-10-03,10,10061,0,16,6161_2,34,9417,514,104,14
2026-10-03,10,10061,0,17,6001_2,37,11192,530,124,14
2026-10-03,10,10061,0,18,6160_2,38,11183,527,88,15
2026-10-03,10,10061,0,19,6162_2,42,12795,526,137,21
2026-10-03,10,10061,0,20,6041_2,42,14381,560,187,23
2026-10-03,10,10061,0,21,243_2,43,14971,580,189,25
2026-10-03,10,10061,0,22,6228_2,45,15269,612,128,23
2026-10-03,10,10061,0,23,95_2,48,15249,593,81,20
2026-10-03,10,10061,0,24,94_3,49,14256,587,47,18
2026-10-03,10,10061,0,25,6013_2,53,15785,589,40,20
2026-10-03,10,10061,0,26,6212_2,47,12798,532,53,15
2026-10-03,10,10061,0,27,6205_2,43,10800,452,76,9
2026-10-03,10,10061,0,28,6187_3,44,10251,675,21,8
2026-10-03,10,10061,0,29,6011_4,47,13553,700,56,10
2026-10-03,10,10061,0,30,6017_2,52,16918,729,90,19
2026-10-03,10,10061,0,31,6172_2,50,15681,708,67,16
2026-10-03,10,10061,0,32,6067_2,52,15703,749,53,13
2026-10-03,10,10061,0,33,6248_2,51,14862,720,45,12
2026-10-03,10,10061,0,34,6249_2,52,14266,703,30,11
2026-10-03,10,10061,0,35,6015_2,53,11314,587,0,11
2026-10-03,10,10062,1,1,6019_1,1,0,0,0,0
2026-10-03,10,10062,1,2,6020_1,1,32,32,32,0
2026-10-03,10,10062,1,3,6106_1,1,52,52,52,0
2026-10-03,10,10062,1,4,6134_1,2,81,53,28,0
2026-10-03,10,10062,1,5,6196_1,3,144,70,29,0
2026-10-03,10,10062,1,6,6263_1,3,153,73,32,0
2026-10-03,10,10062,1,7,6169_1,4,281,103,38,0
2026-10-03,10,10062,1,8,6405_1,4,422,136,74,0
2026-10-03,10,10062,1,9,6074_1,4,464,157,81,0
2026-10-03,10,10062,1,10,6229_1,5,429,139,11,0
2026-10-03,10,10062,1,11,6006_1,5,526,174,20,0
2026-10-03,10,10062,1,12,6902_1,6,885,215,88,0
2026-10-03,10,10062,1,13,6170_1,6,1145,258,132,0
2026-10-03,10,10062,1,14,7841_2,6,1293,283,155,0
2026-10-03,10,10062,1,15,91_2,7,489,138,0,0
2026-10-03,10,10063,0,9,103_1,2,678,345,333,2
2026-10-03,10,10063,0,10,6089_1,11,2386,440,0,3
2026-10-03,10,10063,0,11,6153_2,12,3011,625,0,4
2026-10-03,10,10063,0,12,6010_1,13,3721,710,0,5
2026-10-03,10,10063,0,13,6253_2,13,3721,710,0,5
2026-10-03,10,10063,0,14,6254_1,14,4336,710,0,6
2026-10-03,10,10063,0,15,6164_1,15,4963,710,0,7
2026-10-03,10,10063,0,16,6259_2,17,5987,710,0,9
2026-10-03,10,10063,0,17,6264_1,18,6334,710,0,10
2026-10-03,10,10063,0,18,6250_2,19,6669,710,0,11
2026-10-03,10,10063,0,19,6034_1,20,6971,710,0,12
2026-10-03,10,10063,0,20,6182_1,20,6971,710,0,12
2026-10-03,10,10063,0,21,6222_1,21,7322,710,0,13
2026-10-03,10,10064,0,1,91_2,1,0,0,0,0
2026-10-03,10,10064,0,2,7841_4,2,81,64,17,0
2026-10-03,10,10064,0,3,6170_2,2,149,98,51,0
2026-10-03,10,10064,0,4,6902_2,4,555,233,63,0
2026-10-03,10,10064,0,5,6006_2,7,1109,267,97,0
2026-10-03,10,10064,0,6,6229_2,9,1670,312,113,1
2026-10-03,10,10064,0,7,6074_2,9,1580,292,93,0
2026-10-03,10,10064,0,8,6169_2,10,1224,244,23,0
2026-10-03,10,10064,0,9,6263_2,12,1665,270,45,0
2026-10-03,10,10064,0,10,6196_2,14,1808,259,34,0
2026-10-03,10,10064,0,11,6134_2,9,832,128,64,0
2026-10-03,10,10064,0,12,6106_2,10,1039,149,72,0
2026-10-03,10,10064,0,13,6020_9,10,969,145,59,0
2026-10-03,10,10064,0,14,6019_1,9,361,81,3,0
2026-10-03,10,10064,0,15,6073_2,10,417,82,4,0
2026-10-03,10,10064,0,16,6152_1,11,578,171,4,0
2026-10-03,10,10064,0,17,6300_2,13,1584,292,0,0
2026-10-03,10,10064,0,18,6289_9,12,1112,242,0,0
2026-10-03,10,10064,0,19,6301_9,13,1789,306,0,1
2026-10-03,10,10064,1,1,6301_1,1,0,0,0,0
2026-10-03,10,10064,1,2,6289_1,2,13,13,0,0
2026-10-03,10,10064,1,3,6300_1,3,56,43,0,0
2026-10-03,10,10064,1,4,6152_9,5,185,81,0,0
2026-10-03,10,10064,1,5,6073_1,7,353,110,0,0
2026-10-03,10,10064,1,6,6188_9,5,131,55,0,0
2026-10-03,10,10064,1,6,6019_2,4,428,151,83,0
2026-10-03,10,10064,1,7,6043_1,6,197,59,7,0
2026-10-03,10,10064,1,7,6020_1,5,525,151,83,0
2026-10-03,10,10064,1,8,6019_1,1,0,0,0,0
2026-10-03,10,10064,1,8,6106_1,5,665,179,111,0
2026-10-03,10,10064,1,9,6020_1,2,29,19,10,0
2026-10-03,10,10064,1,9,6134_1,6,698,161,93,0
2026-10-03,10,10064,1,10,6106_1,3,109,58,21,0
2026-10-03,10,10064,1,10,6196_1,6,880,192,122,0
2026-10-03,10,10064,1,11,6134_1,3,76,47,10,0
2026-10-03,10,10064,1,11,6263_1,8,946,160,96,0
2026-10-03,10,10064,1,12,6196_1,4,228,86,32,0
2026-10-03,10,10064,1,12,6169_1,9,1159,168,104,0
2026-10-03,10,10064,1,13,6263_1,4,172,72,18,0
2026-10-03,10,10064,1,13,6405_1,9,1395,192,128,0
2026-10-03,10,10064,1,14,6169_1,6,300,73,19,0
2026-10-03,10,10064,1,14,6074_1,9,1350,194,121,0
2026-10-03,10,10064,1,15,6405_1,8,633,108,44,0
2026-10-03,10,10064,1,15,6229_1,11,1821,226,129,0
2026-10-03,10,10064,1,16,6074_1,9,702,113,40,0
2026-10-03,10,10064,1,16,6006_1,12,2392,237,166,0
2026-10-03,10,10064,1,17,6229_1,10,715,103,29,0
2026-10-03,10,10064,1,17,6902_1,12,2857,281,203,0
2026-10-03,10,10064,1,18,6006_1,11,894,116,42,0
2026-10-03,10,10064,1,19,6902_1,11,1599,178,108,0
2026-10-03,10,10064,1,20,6170_1,12,2169,223,122,0
2026-10-03,10,10064,1,21,7841_2,13,2793,280,131,0
2026-10-03,10,10064,1,22,91_2,13,1069,143,0,0
2026-10-03,10,10068,0,2,73_1,2,1264,1011,253,1
2026-10-03,10,10068,0,3,128_1,3,1620,1081,259,1
2026-10-03,10,10068,0,4,114_5,5,2105,960,43,2
2026-10-03,10,10068,0,5,3_3,8,5151,1093,147,4
2026-10-03,10,10068,0,6,4_3,6,1320,256,134,0
2026-10-03,10,10068,0,7,254_2,7,1322,306,84,1
2026-10-03,10,10068,0,8,53_3,8,1153,249,25,0
2026-10-03,10,10068,0,9,253_2,8,1147,249,24,0
2026-10-03,10,10068,0,10,186_2,9,1226,237,19,0
2026-10-03,10,10068,0,11,252_2,10,2772,369,151,3
2026-10-03,10,10068,0,12,150_2,24,8807,523,173,17
2026-10-03,10,10068,0,13,151_2,25,10366,561,226,23
2026-10-03,10,10068,0,14,152_3,28,9921,525,152,23
2026-10-03,10,10068,0,15,251_2,30,10754,582,154,24
2026-10-03,10,10068,0,16,250_2,30,10895,577,149,24
2026-10-03,10,10068,0,17,249_2,32,12166,597,146,27
2026-10-03,10,10068,0,18,606_2,34,13270,601,150,29
2026-10-03,10,10068,0,19,607_2,35,13580,711,135,28
2026-10-03,10,10068,0,20,608_2,36,13962,717,141,31
2026-10-03,10,10068,0,21,609_2,37,13752,704,100,26
2026-10-03,10,10068,0,22,610_2,38,14059,705,91,27
2026-10-03,10,10068,0,23,765_2,39,16681,780,138,33
2026-10-03,10,10068,0,24,7717_2,40,15353,734,93,31
2026-10-03,10,10068,0,25,6023_1,43,22753,877,237,38
2026-10-03,10,10068,0,26,210_2,45,25615,917,241,41
2026-10-03,10,10068,0,27,211_2,46,26207,917,213,41
2026-10-03,10,10068,0,28,212_2,49,30155,974,162,46
2026-10-03,10,10068,0,29,615_2,48,32435,1056,209,47
2026-10-03,10,10068,0,30,7213_2,45,28653,1010,175,42
2026-10-03,10,10068,0,31,214_2,44,22081,892,27,37
2026-10-03,10,10068,0,32,215_2,46,22626,887,20,37
2026-10-03,10,10068,0,33,216_2,42,22706,926,47,33
2026-10-03,10,10068,0,34,752_2,40,21351,906,49,31
2026-10-03,10,10068,0,35,7217_2,38,20726,944,83,31
2026-10-03,10,10068,0,36,422_1,40,25586,1107,173,32
2026-10-03,10,10068,0,37,421_1,52,29217,1126,72,35
2026-10-03,10,10068,0,38,6163_1,57,30027,1126,20,36
2026-10-03,10,10068,0,39,419_1,60,30316,1151,22,37
2026-10-03,10,10068,0,40,418_1,61,35510,1210,35,42
2026-10-03,10,10068,0,41,440_1,64,37687,1221,32,44
2026-10-03,10,10068,0,42,6236_1,68,44466,1291,87,50
2026-10-03,10,10068,0,43,6109_1,71,40226,1211,0,46
2026-10-03,10,10068,1,1,6109_1,2,0,0,0,0
2026-10-03,10,10068,1,2,6236_2,4,269,99,42,0
2026-10-03,10,10068,1,3,440_2,6,578,164,52,0
2026-10-03,10,10068,1,4,418_2,8,1906,331,169,2
2026-10-03,10,10068,1,5,419_2,10,2558,321,199,1
2026-10-03,10,10068,1,6,6163_2,10,2648,327,211,2
2026-10-03,10,10068,1,7,421_2,12,3281,337,216,4
2026-10-03,10,10068,1,8,422_2,14,3425,295,199,0
2026-10-03,10,10068,1,9,7217_1,16,4106,308,158,3
2026-10-03,10,10068,1,10,752_1,18,5134,352,188,8
2026-10-03,10,10068,1,11,216_1,17,4943,362,179,9
2026-10-03,10,10068,1,12,215_1,20,5996,393,160,14
2026-10-03,10,10068,1,13,214_1,22,6513,386,150,13
2026-10-03,10,10068,1,14,7213_1,23,6674,383,135,14
2026-10-03,10,10068,1,15,615_1,25,8428,430,189,18
2026-10-03,10,10068,1,16,212_1,29,10353,569,185,22
2026-10-03,10,10068,1,17,211_1,27,13599,792,331,27
2026-10-03,10,10068,1,18,210_1,25,15948,997,413,25
2026-10-03,10,10068,1,19,6023_3,33,23282,1187,312,33
2026-10-03,10,10068,1,20,7717_1,37,25575,1215,186,35
2026-10-03,10,10068,1,21,765_1,41,30797,1253,260,40
2026-10-03,10,10068,1,22,610_1,41,27550,1177,179,39
2026-10-03,10,10068,1,23,609_1,42,28467,1174,188,40
2026-10-03,10,10068,1,24,608_1,43,31837,1241,261,42
2026-10-03,10,10068,1,25,607_1,43,30533,1207,240,42
2026-10-03,10,10068,1,26,606_1,45,34269,1271,277,44
2026-10-03,10,10068,1,27,249_1,46,31501,1186,185,44
2026-10-03,10,10068,1,28,250_1,47,32561,1195,182,44
2026-10-03,10,10068,1,29,251_1,49,34457,1211,178,46
2026-10-03,10,10068,1,30,152_2,50,34567,1190,222,48
2026-10-03,10,10068,1,31,151_1,51,38121,1240,277,50
2026-10-03,10,10068,1,32,150_1,54,40995,1249,266,53
2026-10-03,10,10068,1,33,252_1,53,42995,1304,343,53
2026-10-03,10,10068,1,34,186_1,54,40615,1260,301,54
2026-10-03,10,10068,1,35,253_1,53,40537,1265,308,53
2026-10-03,10,10068,1,36,53_1,40,32807,1234,344,40
2026-10-03,10,10068,1,37,254_1,48,39178,1287,395,48
2026-10-03,10,10068,1,38,4_4,52,38772,1234,343,52
2026-10-03,10,10068,1,39,6059_1,64,41346,1198,187,56
2026-10-03,10,10068,1,40,3_1,67,44595,1258,163,58
2026-10-03,10,10068,1,41,73_1,67,41440,1202,114,51
2026-10-03,10,10068,1,42,128_1,67,45286,1279,96,57
2026-10-03,10,10068,1,43,114_5,64,32563,1082,0,41
2026-10-03,10,10072,0,1,61_2,1,0,0,0,0
2026-10-03,10,10072,0,2,59_4,2,6,5,1,0
2026-10-03,10,10072,0,3,57_2,6,457,166,1,0
2026-10-03,10,10072,0,4,56_2,9,1392,262,12,0
2026-10-03,10,10072,0,5,55_4,11,2436,316,93,2
2026-10-03,10,10072,0,6,69_2,13,2196,260,41,0
2026-10-03,10,10072,0,7,68_2,15,2819,292,54,0
2026-10-03,10,10072,0,8,67_2,16,2780,286,39,0
2026-10-03,10,10072,0,9,65_2,19,5289,489,83,5
2026-10-03,10,10072,0,10,204_2,20,5057,488,39,5
2026-10-03,10,10072,0,11,255_2,21,5271,471,55,5
2026-10-03,10,10072,0,12,205_2,24,6579,848,38,7
2026-10-03,10,10072,0,13,206_2,32,10980,821,17,13
2026-10-03,10,10072,0,14,863_3,33,9889,707,0,14
2026-10-03,10,10072,0,15,209_2,36,12167,738,65,16
2026-10-03,10,10072,0,16,210_2,30,12367,816,43,18
2026-10-03,10,10072,0,17,211_2,31,12491,783,56,18
2026-10-03,10,10072,0,18,212_2,35,15662,807,98,22
2026-10-03,10,10072,0,19,615_2,37,18860,870,164,28
2026-10-03,10,10072,0,20,7213_2,37,17308,841,135,26
2026-10-03,10,10072,0,21,214_2,40,13530,722,16,20
2026-10-03,10,10072,0,22,215_2,42,14351,717,11,21
2026-10-03,10,10072,0,23,216_2,42,15817,756,50,21
2026-10-03,10,10072,0,24,752_2,45,16180,793,30,22
2026-10-03,10,10072,0,25,7217_2,49,16865,735,0,26
2026-10-03,10,10072,0,26,422_1,53,23947,1009,37,35
2026-10-03,10,10072,0,27,421_1,57,26266,1043,48,38
2026-10-03,10,10072,0,28,6163_1,58,25978,1032,34,38
2026-10-03,10,10072,0,29,419_1,58,26081,1079,20,39
2026-10-03,10,10072,0,30,418_1,62,32933,1229,94,49
2026-10-03,10,10072,0,31,440_1,62,33245,1233,108,50
2026-10-03,10,10072,0,32,6236_1,62,36960,1273,146,53
2026-10-03,10,10072,0,33,6109_1,69,34939,1209,32,53
2026-10-03,10,10072,1,1,6109_1,4,10,8,0,0
2026-10-03,10,10072,1,2,6236_2,4,442,139,79,0
2026-10-03,10,10072,1,3,440_2,5,580,160,80,0
2026-10-03,10,10072,1,4,418_2,7,1564,258,125,0
2026-10-03,10,10072,1,5,419_2,9,2073,251,112,0
2026-10-03,10,10072,1,6,6163_2,10,2384,264,125,0
2026-10-03,10,10072,1,7,421_2,12,2832,265,126,0
2026-10-03,10,10072,1,8,422_2,13,2763,295,139,0
2026-10-03,10,10072,1,9,7217_1,14,3040,303,136,1
2026-10-03,10,10072,1,10,752_1,15,3444,296,166,0
2026-10-03,10,10072,1,11,216_1,18,4071,306,157,1
2026-10-03,10,10072,1,12,215_1,19,4400,341,140,4
2026-10-03,10,10072,1,13,214_1,20,4546,327,139,2
2026-10-03,10,10072,1,14,7213_1,21,4964,337,139,5
2026-10-03,10,10072,1,15,615_1,22,6320,392,192,10
2026-10-03,10,10072,1,16,212_1,24,6879,422,163,10
2026-10-03,10,10072,1,17,211_1,26,11185,576,272,24
2026-10-03,10,10072,1,18,210_1,29,15780,658,331,29
2026-10-03,10,10072,1,19,209_1,32,23243,872,483,32
2026-10-03,10,10072,1,20,863_1,32,22343,843,427,32
2026-10-03,10,10072,1,21,206_1,35,23794,833,407,35
2026-10-03,10,10072,1,22,205_1,33,21005,841,390,33
2026-10-03,10,10072,1,23,255_1,25,16919,938,424,25
2026-10-03,10,10072,1,24,204_1,24,17565,953,496,24
2026-10-03,10,10072,1,25,65_1,29,21135,1075,434,29
2026-10-03,10,10072,1,26,67_1,40,29454,1101,416,40
2026-10-03,10,10072,1,27,68_1,47,33294,1128,301,47
2026-10-03,10,10072,1,28,69_1,52,30636,1041,183,43
2026-10-03,10,10072,1,29,55_1,53,32930,1144,196,45
2026-10-03,10,10072,1,30,56_1,55,35104,1137,207,47
2026-10-03,10,10072,1,31,57_1,58,37233,1205,212,50
2026-10-03,10,10072,1,32,59_1,55,33813,1242,212,48
2026-10-03,10,10072,1,33,61_2,54,29784,1069,137,45
2026-10-03,10,10080,1,1,6079_1,1,101,101,101,0
2026-10-03,10,10080,1,2,6035_1,1,174,174,174,0
2026-10-03,10,10080,1,3,6180_1,2,290,170,120,0
2026-10-03,10,10080,1,4,6112_1,2,254,152,102,0
2026-10-03,10,10080,1,5,6168_1,2,254,152,102,0
2026-10-03,10,10080,1,6,426_1,3,570,226,147,0
2026-10-03,10,10080,1,7,425_2,3,492,200,121,0
2026-10-03,10,10080,1,8,7217_2,4,885,255,176,0
2026-10-03,10,10080,1,9,422_1,5,1584,406,240,3
2026-10-03,10,10080,1,10,421_3,6,1979,419,253,5
2026-10-03,10,10082,0,1,421_3,1,0,0,0,0
2026-10-03,10,10082,0,2,422_2,2,284,147,137,0
2026-10-03,10,10082,0,3,423_2,3,737,285,177,0
2026-10-03,10,10082,0,4,424_2,4,973,320,131,2
2026-10-03,10,10082,0,5,425_1,5,1658,424,235,3
2026-10-03,10,10082,0,6,426_2,7,2020,438,124,3
2026-10-03,10,10082,0,7,427_1,8,2410,438,177,3
2026-10-03,10,10082,0,8,428_1,8,2634,460,190,4
2026-10-03,10,10082,0,9,427_2,10,3347,477,195,5
2026-10-03,10,10082,0,10,6168_2,11,3966,619,195,6
2026-10-03,10,10082,0,11,6112_2,11,3978,619,197,6
2026-10-03,10,10082,0,12,6180_2,12,4814,638,230,8
2026-10-03,10,10082,0,13,6035_2,13,5868,725,277,12
2026-10-03,10,10082,0,14,6079_1,15,7138,766,279,14
2026-10-03,11,10002,0,1,61_3,1,22,22,22,0
2026-10-03,11,10002,0,2,59_2,2,324,193,131,0
2026-10-03,11,10002,0,3,534_1,2,322,192,130,0
2026-10-03,11,10002,0,4,256_1,3,465,196,134,0
2026-10-03,11,10002,0,5,910_1,5,1146,286,176,0
2026-10-03,11,10002,0,6,122_2,6,1433,299,173,0
2026-10-03,11,10002,0,7,123_2,7,1260,250,104,0
2026-10-03,11,10002,0,8,124_2,8,3103,478,299,7
2026-10-03,11,10002,0,9,125_2,9,4134,544,365,9
2026-10-03,11,10002,0,10,126_2,12,6222,629,305,12
2026-10-03,11,10002,0,11,127_2,13,5677,547,230,12
2026-10-03,11,10002,0,12,203_2,14,5602,510,185,13
2026-10-03,11,10002,0,13,113_4,15,6470,540,214,14
2026-10-03,11,10002,0,14,905_3,15,6314,528,202,14
2026-10-03,11,10002,0,15,456_2,16,7458,573,247,15
2026-10-03,11,10002,0,16,455_2,17,8251,592,266,16
2026-10-03,11,10002,0,17,699_1,17,7656,559,233,16
2026-10-03,11,10002,0,18,454_2,18,7789,534,208,17
2026-10-03,11,10002,0,19,453_2,18,7984,568,209,17
2026-10-03,11,10002,0,20,75_3,18,6723,470,143,14
2026-10-03,11,10002,0,21,906_2,19,7485,495,170,18
2026-10-03,11,10002,0,22,452_2,20,7065,466,127,14
2026-10-03,11,10002,0,23,451_2,20,6121,425,93,12
2026-10-03,11,10002,0,24,445_3,20,5034,377,44,9
2026-10-03,11,10002,0,25,446_2,19,3372,291,0,0
2026-10-03,11,10002,1,1,446_1,1,0,0,0,0
2026-10-03,11,10002,1,2,445_2,1,0,0,0,0
2026-10-03,11,10002,1,3,451_1,1,4,4,4,0
2026-10-03,11,10002,1,4,452_1,1,0,0,0,0
2026-10-03,11,10002,1,5,906_1,2,0,0,0,0
2026-10-03,11,10002,1,6,75_2,3,50,50,0,0
2026-10-03,11,10002,1,7,453_1,4,313,107,52,0
2026-10-03,11,10002,1,8,454_1,4,245,90,35,0
2026-10-03,11,10002,1,9,455_1,4,105,55,0,0
2026-10-03,11,10002,1,10,456_1,5,112,50,0,0
2026-10-03,11,10002,1,11,905_2,5,317,91,41,0
2026-10-03,11,10002,1,12,113_2,6,829,167,117,0
2026-10-03,11,10002,1,13,203_1,6,403,96,46,0
2026-10-03,11,10002,1,14,127_1,7,423,96,20,0
2026-10-03,11,10002,1,15,126_1,7,163,56,0,0
2026-10-03,11,10002,1,16,125_1,5,30,12,0,0
2026-10-03,11,10002,1,17,124_1,3,7,7,0,0
2026-10-03,11,10002,1,18,123_1,5,361,225,29,0
2026-10-03,11,10002,1,19,122_1,6,823,297,62,0
2026-10-03,11,10002,1,20,910_2,7,1026,293,58,0
2026-10-03,11,10002,1,21,256_2,7,683,244,9,0
2026-10-03,11,10002,1,22,534_2,8,1405,309,68,2
2026-10-03,11,10002,1,23,59_3,9,1491,289,48,0
2026-10-03,11,10002,1,24,61_3,8,867,216,0,0
2026-10-03,11,10017,1,3,6149_1,1,17,17,17,0
2026-10-03,11,10017,1,4,6149_9,2,18,17,1,0
2026-10-03,11,10017,1,5,6147_1,2,258,137,121,0
2026-10-03,11,10033,0,1,91_3,1,0,0,0,0
2026-10-03,11,10033,0,2,7841_4,2,1,1,0,0
2026-10-03,11,10033,0,3,6170_2,2,47,24,23,0
2026-10-03,11,10033,0,4,6211_1,2,47,24,23,0
2026-10-03,11,10033,0,5,6033_1,2,167,84,83,0
2026-10-03,11,10033,0,6,6400_2,2,179,95,84,0
2026-10-03,11,10033,1,2,6260_2,1,51,51,51,0
2026-10-03,11,10033,1,3,6169_1,2,182,99,83,0
2026-10-03,11,10033,1,4,6405_1,2,216,116,100,0
2026-10-03,11,10033,1,5,6074_1,2,210,113,97,0
2026-10-03,11,10033,1,6,6401_1,3,319,113,97,0
2026-10-03,11,10033,1,7,6400_1,3,319,113,97,0
2026-10-03,11,10033,1,8,6033_2,4,367,113,48,0
2026-10-03,11,10033,1,9,6211_2,5,421,113,48,0
2026-10-03,11,10033,1,10,6170_1,5,422,113,48,0
2026-10-03,11,10033,1,11,7841_2,5,672,163,98,0
2026-10-03,11,10033,1,12,91_3,6,372,103,0,0
2026-10-03,11,10035,0,1,91_2,1,0,0,0,0
2026-10-03,11,10035,0,2,7841_4,3,296,100,96,0
2026-10-03,11,10035,0,3,6170_2,3,380,128,124,0
2026-10-03,11,10035,0,4,6902_2,5,808,172,130,0
2026-10-03,11,10035,0,5,6006_2,5,1008,211,171,0
2026-10-03,11,10035,0,6,6229_2,5,1041,225,175,0
2026-10-03,11,10035,0,7,6074_2,6,1271,232,191,0
2026-10-03,11,10035,0,8,6169_2,6,926,177,136,0
2026-10-03,11,10035,0,9,6263_2,7,931,166,71,0
2026-10-03,11,10035,0,10,6196_2,7,798,147,52,0
2026-10-03,11,10035,0,11,6134_2,8,1202,188,93,0
2026-10-03,11,10035,0,12,6106_2,9,1254,181,86,0
2026-10-03,11,10035,0,13,6020_9,9,1285,184,89,0
2026-10-03,11,10035,0,14,6019_1,10,545,95,0,0
2026-10-03,11,10035,0,15,6073_2,11,552,84,19,0
2026-10-03,11,10035,0,16,6148_2,2,0,0,0,0
2026-10-03,11,10035,0,17,6036_2,2,20,10,10,0
2026-10-03,11,10035,0,18,6150_2,3,62,42,10,0
2026-10-03,11,10035,0,19,6122_9,3,62,42,10,0
2026-10-03,11,10035,0,20,6147_2,4,98,42,10,0
2026-10-03,11,10035,0,21,6145_1,4,98,42,10,0
2026-10-03,11,10035,0,22,6144_1,4,98,42,10,0
2026-10-03,11,10035,0,23,6149_1,4,98,42,10,0
2026-10-03,11,10035,0,24,6149_9,4,98,42,10,0
2026-10-03,11,10047,0,1,61_1,2,0,0,0,0
2026-10-03,11,10047,0,2,59_4,6,278,67,23,0
2026-10-03,11,10047,0,3,57_2,8,595,116,43,0
2026-10-03,11,10047,0,4,56_2,10,1520,206,83,0
2026-10-03,11,10047,0,5,55_2,11,2317,245,166,0
2026-10-03,11,10047,0,6,72_1,14,3028,324,68,1
2026-10-03,11,10047,0,7,73_2,17,3480,313,51,1
2026-10-03,11,10047,0,8,73_3,19,4000,340,46,3
2026-10-03,11,10047,0,9,3_2,22,5396,357,77,9
2026-10-03,11,10047,0,10,114_4,26,5945,428,0,10
2026-10-03,11,10047,0,11,393_2,29,6570,418,1,11
2026-10-03,11,10047,0,12,6070_3,32,7131,412,0,12
2026-10-03,11,10047,0,13,6102_2,34,7893,415,31,12
2026-10-03,11,10047,0,14,6069_2,36,9364,418,45,14
2026-10-03,11,10047,0,15,6057_2,37,8282,383,11,13
2026-10-03,11,10047,0,16,9_5,39,8144,349,49,9
2026-10-03,11,10047,0,17,6241_2,42,10872,380,90,15
2026-10-03,11,10047,0,18,6143_2,42,10204,430,61,12
2026-10-03,11,10047,0,19,6166_2,46,11549,440,51,17
2026-10-03,11,10047,0,20,446_4,37,8643,447,8,13
2026-10-03,11,10047,0,21,6161_2,40,9245,435,18,10
2026-10-03,11,10047,0,22,6001_2,41,10324,484,34,13
2026-10-03,11,10047,0,23,6160_2,45,10721,495,25,11
2026-10-03,11,10047,0,24,6162_2,46,11290,494,24,13
2026-10-03,11,10047,0,25,6041_2,49,13497,536,58,21
2026-10-03,11,10047,0,26,243_2,51,14323,532,70,23
2026-10-03,11,10047,0,27,6228_2,52,15822,517,102,27
2026-10-03,11,10047,0,28,95_2,55,15480,510,83,21
2026-10-03,11,10047,0,29,94_3,56,14892,486,77,20
2026-10-03,11,10047,0,30,6242_1,58,17323,530,83,28
2026-10-03,11,10047,0,31,6064_1,59,16280,500,55,25
2026-10-03,11,10047,0,32,6255_2,61,20407,553,88,38
2026-10-03,11,10047,0,33,6256_2,64,23599,651,99,45
2026-10-03,11,10047,0,34,6094_2,66,23363,646,95,43
2026-10-03,11,10047,0,35,6244_2,67,22990,663,55,43
2026-10-03,11,10047,0,36,6257_2,67,22003,651,39,38
2026-10-03,11,10047,0,37,6240_2,68,24887,674,76,46
2026-10-03,11,10047,0,38,6258_2,69,26034,680,104,47
2026-10-03,11,10047,0,39,6225_2,70,25091,661,91,45
2026-10-03,11,10047,0,40,6181_2,70,24018,644,74,43
2026-10-03,11,10047,0,41,6246_2,72,28070,755,106,51
2026-10-03,11,10047,0,42,6206_2,73,27185,747,81,48
2026-10-03,11,10047,0,43,6176_2,75,30367,755,168,58
2026-10-03,11,10047,0,44,6200_3,75,34754,827,205,67
2026-10-03,11,10047,0,45,6042_2,77,34292,794,191,64
2026-10-03,11,10047,0,46,6031_2,79,33856,777,160,60
2026-10-03,11,10047,0,47,6039_1,77,30398,769,116,49
2026-10-03,11,10047,1,1,6039_1,1,4,4,4,0
2026-10-03,11,10047,1,2,6031_1,1,65,65,65,0
2026-10-03,11,10047,1,3,6042_1,1,33,33,33,0
2026-10-03,11,10047,1,4,6200_1,2,66,35,31,0
2026-10-03,11,10047,1,5,6176_1,7,272,57,17,0
2026-10-03,11,10047,1,6,6206_1,8,405,92,12,0
2026-10-03,11,10047,1,7,6246_1,8,728,144,64,0
2026-10-03,11,10047,1,8,6181_1,10,633,109,29,0
2026-10-03,11,10047,1,9,6225_1,11,653,108,21,0
2026-10-03,11,10047,1,10,6258_1,11,430,86,0,0
2026-10-03,11,10047,1,11,6240_1,13,539,104,0,0
2026-10-03,11,10047,1,12,6257_1,13,890,129,25,0
2026-10-03,11,10047,1,13,6244_1,14,862,117,9,0
2026-10-03,11,10047,1,14,6094_1,15,727,125,0,0
2026-10-03,11,10047,1,15,6256_1,15,659,113,0,0
2026-10-03,11,10047,1,16,6255_1,15,1058,119,0,0
2026-10-03,11,10047,1,17,6064_2,18,1641,160,11,0
2026-10-03,11,10047,1,18,6242_2,19,1511,145,0,0
2026-10-03,11,10047,1,19,94_2,20,1260,150,0,0
2026-10-03,11,10047,1,20,95_1,21,1285,140,13,0
2026-10-03,11,10047,1,21,6228_1,23,3009,263,31,0
2026-10-03,11,10047,1,22,243_1,26,4126,294,54,0
2026-10-03,11,10047,1,23,6041_1,25,4819,320,88,2
2026-10-03,11,10047,1,24,6162_1,26,4211,289,51,0
2026-10-03,11,10047,1,25,6160_1,29,5008,290,59,0
2026-10-03,11,10047,1,26,6001_1,30,4802,272,51,0
2026-10-03,11,10047,1,27,6161_1,29,5457,325,34,1
2026-10-03,11,10047,1,28,446_3,32,5708,274,73,0
2026-10-03,11,10047,1,29,6166_1,35,7042,316,78,1
2026-10-03,11,10047,1,30,6143_1,40,7807,359,70,1
2026-10-03,11,10047,1,31,6241_1,37,7003,348,77,1
2026-10-03,11,10047,1,32,9_2,35,5048,289,18,0
2026-10-03,11,10047,1,33,6057_1,37,3927,249,0,0
2026-10-03,11,10047,1,34,6069_1,37,5439,283,4,0
2026-10-03,11,10047,1,35,6102_1,41,6421,348,30,1
2026-10-03,11,10047,1,36,6070_2,44,5788,302,0,2
2026-10-03,11,10047,1,37,393_1,46,8348,403,24,4
2026-10-03,11,10047,1,38,114_1,48,7201,381,0,4
2026-10-03,11,10047,1,39,114_3,47,11876,465,114,11
2026-10-03,11,10047,1,40,3_1,51,18320,583,203,38
2026-10-03,11,10047,1,41,73_1,55,16558,527,112,21
2026-10-03,11,10047,1,42,72_2,56,22697,616,181,47
2026-10-03,11,10047,1,43,55_1,60,23874,609,178,49
2026-10-03,11,10047,1,44,56_1,58,24551,640,181,49
2026-10-03,11,10047,1,45,57_1,63,26831,696,164,51
2026-10-03,11,10047,1,46,59_1,68,29330,705,149,55
2026-10-03,11,10047,1,47,61_1,70,22258,661,62,33
2026-10-03,11,10049,0,1,91_1,3,20,20,0,0
2026-10-03,11,10049,0,2,6016_1,4,280,89,43,0
2026-10-03,11,10049,0,3,93_1,5,386,99,53,0
2026-10-03,11,10049,0,4,94_1,6,676,142,85,0
2026-10-03,11,10049,0,5,6242_1,8,1125,186,89,0
2026-10-03,11,10049,0,6,6064_1,9,988,156,61,0
2026-10-03,11,10049,0,7,6255_2,12,2097,221,127,0
2026-10-03,11,10049,0,8,6256_2,13,2759,270,157,0
2026-10-03,11,10049,0,9,6094_2,13,2487,248,137,0
2026-10-03,11,10049,0,10,6244_2,13,2384,265,100,0
2026-10-03,11,10049,0,11,6257_2,15,2506,253,80,0
2026-10-03,11,10049,0,12,6240_2,17,3346,276,123,0
2026-10-03,11,10049,0,13,6258_2,17,3410,266,140,0
2026-10-03,11,10049,0,14,6225_2,18,3241,247,119,0
2026-10-03,11,10049,0,15,6181_2,19,3239,238,104,0
2026-10-03,11,10049,0,16,6246_2,24,5695,371,124,5
2026-10-03,11,10049,0,17,6206_2,31,7028,340,100,5
2026-10-03,11,10049,0,18,6176_2,33,8407,377,110,12
2026-10-03,11,10049,0,19,6200_3,27,9497,421,227,22
2026-10-03,11,10049,0,20,6042_2,27,8669,394,200,17
2026-10-03,11,10049,0,21,6031_2,28,8420,370,176,17
2026-10-03,11,10049,0,22,6039_1,32,8705,357,125,9
2026-10-03,11,10049,1,1,6039_1,2,22,22,0,0
2026-10-03,11,10049,1,2,6031_1,2,131,68,63,0
2026-10-03,11,10049,1,3,6042_1,2,79,49,30,0
2026-10-03,11,10049,1,4,6200_1,4,150,76,4,0
2026-10-03,11,10049,1,5,6176_1,5,221,107,1,0
2026-10-03,11,10049,1,6,6206_1,6,354,118,8,0
2026-10-03,11,10049,1,7,6246_1,7,633,153,44,0
2026-10-03,11,10049,1,8,6181_1,9,632,124,23,0
2026-10-03,11,10049,1,9,6225_1,10,713,116,25,0
2026-10-03,11,10049,1,10,6258_1,10,523,93,10,0
2026-10-03,11,10049,1,11,6240_1,11,578,83,24,0
2026-10-03,11,10049,1,12,6257_1,13,1098,123,45,0
2026-10-03,11,10049,1,13,6244_1,14,1170,122,49,0
2026-10-03,11,10049,1,14,6094_1,15,1004,105,32,0
2026-10-03,11,10049,1,15,6256_1,15,845,94,21,0
2026-10-03,11,10049,1,16,6255_1,16,1064,103,6,0
2026-10-03,11,10049,1,17,6064_2,17,1445,123,27,0
2026-10-03,11,10049,1,18,6242_2,20,1498,120,12,0
2026-10-03,11,10049,1,19,94_4,18,1815,132,33,0
2026-10-03,11,10049,1,20,93_2,19,1973,138,48,0
2026-10-03,11,10049,1,21,6016_2,20,2267,156,32,0
2026-10-03,11,10049,1,22,91_1,20,867,86,0,0
2026-10-03,11,10050,0,1,91_4,1,0,0,0,0
2026-10-03,11,10050,0,2,6016_1,3,212,101,35,0
2026-10-03,11,10050,0,3,93_1,4,332,112,34,0
2026-10-03,11,10050,0,4,6013_2,5,566,140,55,0
2026-10-03,11,10050,0,5,6212_2,6,656,140,50,0
2026-10-03,11,10050,0,6,6205_2,7,1021,222,74,0
2026-10-03,11,10050,0,7,6187_3,8,1089,236,10,0
2026-10-03,11,10050,0,8,6011_2,9,1529,264,27,0
2026-10-03,11,10050,0,9,6018_2,10,1713,264,56,0
2026-10-03,11,10050,0,10,6190_2,12,2413,310,62,2
2026-10-03,11,10050,0,11,6171_2,12,1897,265,21,0
2026-10-03,11,10050,0,12,6014_3,9,688,121,0,0
2026-10-03,11,10050,1,1,6014_1,2,13,13,0,0
2026-10-03,11,10050,1,2,6171_1,3,228,109,53,0
2026-10-03,11,10050,1,3,6190_1,3,224,110,54,0
2026-10-03,11,10050,1,4,6018_1,5,322,102,35,0
2026-10-03,11,10050,1,5,6011_3,6,314,97,5,0
2026-10-03,11,10050,1,6,6187_2,7,369,96,17,0
2026-10-03,11,10050,1,7,6205_1,8,421,92,9,0
2026-10-03,11,10050,1,8,6212_1,9,500,98,13,0
2026-10-03,11,10050,1,9,6013_1,10,542,89,4,0
2026-10-03,11,10050,1,10,93_2,12,845,123,22,0
2026-10-03,11,10050,1,11,6016_2,12,905,150,38,0
2026-10-03,11,10050,1,12,91_4,3,18,18,0,0
2026-10-03,11,10051,0,1,91_4,2,0,0,0,0
2026-10-03,11,10051,0,2,6016_1,4,75,39,0,0
2026-10-03,11,10051,0,3,93_1,6,210,76,8,0
2026-10-03,11,10051,0,4,6013_2,6,387,112,18,0
2026-10-03,11,10051,0,5,6212_2,8,588,108,11,0
2026-10-03,11,10051,0,6,6205_2,12,1080,128,24,0
2026-10-03,11,10051,0,7,6187_3,15,1270,137,15,0
2026-10-03,11,10051,0,8,6011_4,17,1948,187,32,0
2026-10-03,11,10051,0,9,6017_2,18,2664,221,61,0
2026-10-03,11,10051,0,10,6172_2,20,2777,222,35,0
2026-10-03,11,10051,0,11,6067_2,21,3001,225,28,0
2026-10-03,11,10051,0,12,6248_2,22,3010,228,10,0
2026-10-03,11,10051,0,13,6249_2,18,2503,239,0,0
2026-10-03,11,10051,0,14,6015_2,19,2038,200,0,0
2026-10-03,11,10051,1,1,6015_1,1,0,0,0,0
2026-10-03,11,10051,1,2,6249_1,1,27,27,27,0
2026-10-03,11,10051,1,3,6248_1,2,113,85,28,0
2026-10-03,11,10051,1,4,6067_1,3,46,42,0,0
2026-10-03,11,10051,1,5,6172_1,5,164,65,12,0
2026-10-03,11,10051,1,6,6017_1,5,170,68,12,0
2026-10-03,11,10051,1,7,6011_1,7,311,75,26,0
2026-10-03,11,10051,1,8,6187_2,9,1060,127,103,0
2026-10-03,11,10051,1,9,6205_1,11,1182,125,83,0
2026-10-03,11,10051,1,10,6212_1,11,1276,137,88,0
2026-10-03,11,10051,1,11,6013_1,12,1252,135,71,0
2026-10-03,11,10051,1,12,93_2,12,1570,174,105,0
2026-10-03,11,10051,1,13,6016_2,17,2600,229,109,0
2026-10-03,11,10051,1,14,91_4,9,466,166,0,0
2026-10-03,11,10053,1,9,6349_1,2,378,189,189,0
2026-10-03,11,10053,1,10,6327_1,9,1210,189,0,0
2026-10-03,11,10053,1,11,6297_9,10,1328,189,0,0
2026-10-03,11,10053,1,12,6369_9,11,1430,189,0,0
2026-10-03,11,10053,1,13,6344_1,11,1430,189,0,0
2026-10-03,11,10053,1,14,6282_9,11,1430,189,0,0
2026-10-03,11,10053,1,15,6371_9,12,1527,189,0,0
2026-10-03,11,10053,1,16,6370_1,13,1578,189,0,0
2026-10-03,11,10053,1,17,6348_1,14,1588,189,0,0
2026-10-03,11,10053,1,18,6277_9,14,1588,189,0,0
2026-10-03,11,10053,1,19,6275_9,15,1628,189,0,0
2026-10-03,11,10053,1,20,6329_9,15,1628,189,0,0
2026-10-03,11,10053,1,21,6366_1,16,1683,189,0,0
2026-10-03,11,10053,1,22,6368_1,13,907,129,0,0
2026-10-03,11,10053,1,23,6356_1,10,354,69,0,0
2026-10-03,11,10053,1,24,6375_9,10,954,129,60,0
2026-10-03,11,10053,1,25,6346_1,10,1554,189,120,0
2026-10-03,11,10053,1,26,6358_1,11,1598,189,44,0
2026-10-03,11,10053,1,27,6345_9,11,1708,199,54,0
2026-10-03,11,10053,1,28,6360_9,11,1708,199,54,0
2026-10-03,11,10053,1,29,6357_9,12,1738,199,30,0
2026-10-03,11,10053,1,30,6294_9,13,1791,199,30,0
2026-10-03,11,10053,1,31,6347_1,14,1967,199,30,0
2026-10-03,11,10053,1,32,6367_1,15,2076,199,30,0
2026-10-03,11,10053,1,33,6332_9,15,2076,199,30,0
2026-10-03,11,10053,1,34,6353_9,15,2076,199,30,0
2026-10-03,11,10053,1,35,6355_1,15,2076,199,30,0
2026-10-03,11,10053,1,36,6301_1,15,2076,199,30,0
2026-10-03,11,10053,1,37,6289_1,18,2677,222,38,0
2026-10-03,11,10053,1,38,6300_1,20,2321,185,1,0
2026-10-03,11,10053,1,39,6152_9,24,3734,243,47,0
2026-10-03,11,10053,1,40,6073_1,23,3850,236,78,0
2026-10-03,11,10053,1,41,6188_9,6,580,119,61,0
2026-10-03,11,10054,0,1,6293_1,9,174,161,0,0
2026-10-03,11,10054,0,2,6402_9,19,1103,236,12,0
2026-10-03,11,10054,0,3,6271_9,24,1466,255,7,0
2026-10-03,11,10054,0,4,6292_1,17,713,195,0,0
2026-10-03,11,10054,1,1,6292_1,8,1059,304,0,1
2026-10-03,11,10054,1,2,6271_1,11,2177,420,53,3
2026-10-03,11,10054,1,3,6402_1,17,3243,450,37,4
2026-10-03,11,10054,1,4,6403_1,23,6111,565,107,9
2026-10-03,11,10054,1,5,6293_1,24,4594,453,0,7
2026-10-03,11,10059,0,1,91_3,2,329,196,133,0
2026-10-03,11,10059,0,2,7841_4,5,830,235,108,0
2026-10-03,11,10059,0,3,6170_2,6,1175,260,129,0
2026-10-03,11,10059,0,4,6902_2,9,2070,299,177,0
2026-10-03,11,10059,0,5,6006_2,9,2448,348,213,3
2026-10-03,11,10059,0,6,6229_2,10,2800,343,230,4
2026-10-03,11,10059,0,7,6074_2,11,3022,338,224,2
2026-10-03,11,10059,0,8,6169_2,14,3039,275,164,0
2026-10-03,11,10059,0,9,6260_1,14,3273,308,170,2
2026-10-03,11,10059,0,10,7475_1,17,2080,199,53,0
2026-10-03,11,10059,1,1,7475_1,2,0,0,0,0
2026-10-03,11,10059,1,2,6260_2,4,200,120,20,0
2026-10-03,11,10059,1,3,6169_1,6,522,165,47,0
2026-10-03,11,10059,1,4,6405_1,6,653,191,66,0
2026-10-03,11,10059,1,5,6074_1,5,610,220,60,0
2026-10-03,11,10059,1,6,6229_1,7,731,205,45,0
2026-10-03,11,10059,1,7,6006_1,7,905,223,75,0
2026-10-03,11,10059,1,8,6902_1,9,1560,260,135,0
2026-10-03,11,10059,1,9,6170_1,11,2281,294,165,0
2026-10-03,11,10059,1,10,7841_2,12,2828,335,186,2
2026-10-03,11,10059,1,11,91_3,22,4070,275,126,0
2026-10-03,11,10060,1,1,6015_1,3,0,0,0,0
2026-10-03,11,10060,1,2,6249_1,5,193,46,33,0
2026-10-03,11,10060,1,3,6248_1,6,201,47,24,0
2026-10-03,11,10060,1,4,6067_1,6,57,52,0,0
2026-10-03,11,10060,1,5,6172_1,9,181,67,0,0
2026-10-03,11,10060,1,6,6017_1,14,278,60,0,0
2026-10-03,11,10060,1,7,6011_1,14,554,74,21,0
2026-10-03,11,10060,1,8,6187_2,16,1597,150,77,0
2026-10-03,11,10060,1,9,6205_1,16,1409,115,70,0
2026-10-03,11,10060,1,10,6212_1,16,1488,136,64,0
2026-10-03,11,10060,1,11,6013_1,18,1582,139,40,0
2026-10-03,11,10060,1,12,94_2,21,1483,138,30,0
2026-10-03,11,10060,1,13,95_1,24,1594,150,27,0
2026-10-03,11,10060,1,14,6228_1,26,3153,200,0,0
2026-10-03,11,10060,1,15,243_1,33,4878,218,23,0
2026-10-03,11,10060,1,16,6041_1,36,6616,250,57,0
2026-10-03,11,10060,1,17,6162_1,39,5810,221,20,0
2026-10-03,11,10060,1,18,6160_1,45,7158,247,28,0
2026-10-03,11,10060,1,19,6001_1,46,6650,236,20,0
2026-10-03,11,10060,1,20,6161_1,49,8420,255,3,0
2026-10-03,11,10060,1,21,446_3,55,9007,277,42,0
2026-10-03,11,10060,1,22,6166_1,55,9812,319,51,1
2026-10-03,11,10060,1,23,6143_1,57,9623,314,39,1
2026-10-03,11,10060,1,24,6241_1,59,9794,306,46,1
2026-10-03,11,10060,1,25,9_2,50,5272,243,0,0
2026-10-03,11,10060,1,26,8_3,41,2225,175,0,0
2026-10-03,11,10060,1,27,6_1,49,3083,179,0,0
2026-10-03,11,10060,1,28,902_1,51,3123,186,0,0
2026-10-03,11,10060,1,29,5_1,54,2489,162,0,0
2026-10-03,11,10060,1,30,4_1,62,4436,180,14,0
2026-10-03,11,10060,1,31,6059_1,71,8740,234,41,0
2026-10-03,11,10060,1,32,3_1,73,9029,234,41,0
2026-10-03,11,10060,1,33,73_1,77,4801,149,0,0
2026-10-03,11,10060,1,34,128_1,85,12370,401,30,7
2026-10-03,11,10060,1,35,114_5,52,3594,204,0,0
2026-10-03,11,10061,0,1,3_1,1,212,212,212,0
2026-10-03,11,10061,0,2,73_1,6,545,221,0,0
2026-10-03,11,10061,0,3,128_1,10,1484,320,43,1
2026-10-03,11,10061,0,4,114_5,8,1086,309,0,1
2026-10-03,11,10061,0,5,3_3,14,1872,310,1,1
2026-10-03,11,10061,0,6,4_5,16,2071,262,0,0
2026-10-03,11,10061,0,7,5_3,18,2648,280,0,0
2026-10-03,11,10061,0,8,902_2,23,2726,270,0,0
2026-10-03,11,10061,0,9,6_2,22,2659,250,0,0
2026-10-03,11,10061,0,10,8_1,25,3461,238,0,0
2026-10-03,11,10061,0,11,9_5,27,2425,219,0,0
2026-10-03,11,10061,0,12,6241_2,32,4183,260,17,0
2026-10-03,11,10061,0,13,6143_2,36,4095,240,0,0
2026-10-03,11,10061,0,14,6166_2,44,4963,213,0,0
2026-10-03,11,10061,0,15,446_4,55,5700,252,0,0
2026-10-03,11,10061,0,16,6161_2,58,5713,246,0,0
2026-10-03,11,10061,0,17,6001_2,60,7014,264,13,0
2026-10-03,11,10061,0,18,6160_2,59,6176,256,0,0
2026-10-03,11,10061,0,19,6162_2,62,6842,280,0,0
2026-10-03,11,10061,0,20,6041_2,62,9412,348,26,1
2026-10-03,11,10061,0,21,243_2,64,9920,347,28,1
2026-10-03,11,10061,0,22,6228_2,64,11108,364,25,1
2026-10-03,11,10061,0,23,95_2,58,8433,345,0,1
2026-10-03,11,10061,0,24,94_3,55,7629,324,0,1
2026-10-03,11,10061,0,25,6013_2,53,7088,318,0,1
2026-10-03,11,10061,0,26,6212_2,64,11437,587,1,7
2026-10-03,11,10061,0,27,6205_2,73,16059,604,0,14
2026-10-03,11,10061,0,28,6187_3,78,17185,603,13,16
2026-10-03,11,10061,0,29,6011_4,87,23033,617,51,28
2026-10-03,11,10061,0,30,6017_2,89,26562,646,53,37
2026-10-03,11,10061,0,31,6172_2,91,25377,620,38,37
2026-10-03,11,10061,0,32,6067_2,93,26288,613,58,41
2026-10-03,11,10061,0,33,6248_2,95,25774,595,42,42
2026-10-03,11,10061,0,34,6249_2,95,25410,624,32,38
2026-10-03,11,10061,0,35,6015_2,94,21154,613,0,37
2026-10-03,11,10063,1,1,6222_1,1,11,11,11,0
2026-10-03,11,10063,1,2,6034_2,2,63,52,11,0
2026-10-03,11,10063,1,3,6182_1,3,89,52,11,0
2026-10-03,11,10063,1,4,6250_1,4,121,52,11,0
2026-10-03,11,10063,1,5,6264_1,5,189,68,11,0
2026-10-03,11,10063,1,6,6259_1,6,213,68,11,0
2026-10-03,11,10063,1,7,6164_2,7,267,68,11,0
2026-10-03,11,10063,1,8,6254_2,8,296,68,11,0
2026-10-03,11,10063,1,9,6253_1,9,372,76,11,0
2026-10-03,11,10063,1,10,6010_9,10,440,76,11,0
2026-10-03,11,10063,1,11,6153_1,10,440,76,11,0
2026-10-03,11,10063,1,12,6089_1,12,482,76,4,0
2026-10-03,11,10063,1,13,103_2,13,525,76,4,0
2026-10-03,11,10063,1,14,75_4,15,571,76,4,0
2026-10-03,11,10063,1,15,9_4,16,608,76,4,0
2026-10-03,11,10063,1,16,6057_1,16,768,86,14,0
2026-10-03,11,10063,1,17,6069_1,17,1868,205,48,0
2026-10-03,11,10063,1,18,6102_1,16,1141,229,0,0
2026-10-03,11,10063,1,19,6070_2,20,2253,250,14,0
2026-10-03,11,10063,1,20,393_1,20,1929,231,6,0
2026-10-03,11,10063,1,21,114_1,21,2180,200,44,0
2026-10-03,11,10063,1,22,114_3,7,1081,177,128,0
2026-10-03,11,10064,0,1,91_2,3,27,27,0,0
2026-10-03,11,10064,0,2,7841_4,4,453,152,66,0
2026-10-03,11,10064,0,3,6170_2,4,553,179,89,0
2026-10-03,11,10064,0,4,6902_2,5,835,206,135,0
2026-10-03,11,10064,0,5,6006_2,3,669,251,189,0
2026-10-03,11,10064,0,6,6229_2,4,858,247,185,0
2026-10-03,11,10064,0,7,6074_2,5,1103,249,187,0
2026-10-03,11,10064,0,8,6169_2,6,962,190,127,0
2026-10-03,11,10064,0,9,6263_2,6,944,187,124,0
2026-10-03,11,10064,0,10,6196_2,6,890,178,115,0
2026-10-03,11,10064,0,11,6134_2,11,2462,302,151,1
2026-10-03,11,10064,0,12,6106_2,12,2603,303,134,1
2026-10-03,11,10064,0,13,6020_9,12,2517,283,141,0
2026-10-03,11,10064,0,14,6019_1,16,1975,226,2,0
2026-10-03,11,10064,0,15,6043_9,8,892,176,3,0
2026-10-03,11,10064,0,15,6073_2,12,559,95,8,0
2026-10-03,11,10064,0,16,6188_1,10,1189,176,0,0
2026-10-03,11,10064,0,16,6152_1,12,602,135,1,0
2026-10-03,11,10064,0,17,6073_2,11,1859,216,40,0
2026-10-03,11,10064,0,17,6300_2,13,1101,176,20,0
2026-10-03,11,10064,0,18,6152_1,12,2461,287,64,0
2026-10-03,11,10064,0,18,6289_9,14,935,163,6,0
2026-10-03,11,10064,0,19,6300_2,11,2545,306,95,1
2026-10-03,11,10064,0,19,6301_9,15,1446,233,14,0
2026-10-03,11,10064,0,20,6289_9,13,2744,291,68,0
2026-10-03,11,10064,0,21,6301_9,12,3092,337,117,1
2026-10-03,11,10064,1,1,6073_1,2,13,13,0,0
2026-10-03,11,10064,1,2,6019_2,1,0,0,0,0
2026-10-03,11,10064,1,2,6289_1,1,25,25,25,0
2026-10-03,11,10064,1,3,6020_1,2,52,27,25,0
2026-10-03,11,10064,1,3,6300_1,1,0,0,0,0
2026-10-03,11,10064,1,4,6106_1,2,96,49,47,0
2026-10-03,11,10064,1,4,6152_9,1,61,61,61,0
2026-10-03,11,10064,1,5,6134_1,3,44,23,0,0
2026-10-03,11,10064,1,5,6073_1,2,173,105,68,0
2026-10-03,11,10064,1,6,6196_1,4,198,62,37,0
2026-10-03,11,10064,1,6,6188_9,3,228,105,55,0
2026-10-03,11,10064,1,7,6263_1,4,134,46,21,0
2026-10-03,11,10064,1,7,6043_1,4,266,105,38,0
2026-10-03,11,10064,1,8,6169_1,4,246,74,49,0
2026-10-03,11,10064,1,8,6019_1,2,57,57,0,0
2026-10-03,11,10064,1,9,6405_1,5,362,100,28,0
2026-10-03,11,10064,1,9,6020_1,4,142,96,0,0
2026-10-03,11,10064,1,10,6074_1,5,453,129,39,0
2026-10-03,11,10064,1,10,6106_1,6,259,113,15,0
2026-10-03,11,10064,1,11,6229_1,5,370,114,20,0
2026-10-03,11,10064,1,11,6134_1,4,132,89,0,0
2026-10-03,11,10064,1,12,6006_1,6,429,132,5,0
2026-10-03,11,10064,1,12,6196_1,4,248,118,29,0
2026-10-03,11,10064,1,13,6902_1,6,735,169,84,0
2026-10-03,11,10064,1,13,6263_1,5,230,100,11,0
2026-10-03,11,10064,1,14,6170_1,8,1234,203,107,0
2026-10-03,11,10064,1,14,6169_1,6,429,118,29,0
2026-10-03,11,10064,1,15,7841_2,10,1928,257,120,0
2026-10-03,11,10064,1,15,6405_1,7,598,141,46,0
2026-10-03,11,10064,1,16,91_2,11,636,118,0,0
2026-10-03,11,10064,1,16,6074_1,8,663,131,42,0
2026-10-03,11,10064,1,17,6229_1,9,596,121,27,0
2026-10-03,11,10064,1,18,6170_1,12,3314,306,243,1
2026-10-03,11,10064,1,18,6006_1,9,846,147,57,0
2026-10-03,11,10064,1,19,7841_2,13,4156,359,289,12
2026-10-03,11,10064,1,19,6902_1,11,1682,214,117,0
2026-10-03,11,10064,1,20,91_2,13,2039,194,124,0
2026-10-03,11,10064,1,20,6170_1,12,2144,240,147,0
2026-10-03,11,10064,1,21,7841_2,13,2648,290,107,0
2026-10-03,11,10064,1,22,91_2,2,0,0,0,0
2026-10-03,11,10068,0,2,73_1,3,1763,700,529,3
2026-10-03,11,10068,0,3,128_1,5,3268,787,579,5
2026-10-03,11,10068,0,4,114_5,7,3967,775,461,7
2026-10-03,11,10068,0,5,3_3,10,6196,781,560,10
2026-10-03,11,10068,0,6,4_3,17,14683,1185,626,17
2026-10-03,11,10068,0,7,254_2,19,14860,1137,448,19
2026-10-03,11,10068,0,8,53_3,21,15175,1067,391,21
2026-10-03,11,10068,0,9,253_2,23,16882,1041,390,23
2026-10-03,11,10068,0,10,186_2,23,16396,1040,356,23
2026-10-03,11,10068,0,11,252_2,19,16596,1152,470,19
2026-10-03,11,10068,0,12,150_2,22,18302,1117,477,22
2026-10-03,11,10068,0,13,151_2,24,20546,1136,543,24
2026-10-03,11,10068,0,14,152_3,28,22991,1173,433,28
2026-10-03,11,10068,0,15,251_2,29,24755,1202,471,29
2026-10-03,11,10068,0,16,250_2,30,24940,1189,419,30
2026-10-03,11,10068,0,17,249_2,32,24509,1161,348,32
2026-10-03,11,10068,0,18,606_2,33,25758,1162,392,33
2026-10-03,11,10068,0,19,607_2,34,26880,1214,401,34
2026-10-03,11,10068,0,20,608_2,35,27093,1221,356,35
2026-10-03,11,10068,0,21,609_2,36,27757,1206,346,36
2026-10-03,11,10068,0,22,610_2,36,27984,1223,330,36
2026-10-03,11,10068,0,23,765_2,36,29135,1252,379,36
2026-10-03,11,10068,0,24,7717_2,38,30293,1248,368,38
2026-10-03,11,10068,0,25,6023_1,39,33885,1304,426,39
2026-10-03,11,10068,0,26,210_2,41,34765,1267,410,41
2026-10-03,11,10068,0,27,211_2,41,33597,1236,400,41
2026-10-03,11,10068,0,28,212_2,45,37840,1333,447,45
2026-10-03,11,10068,0,29,615_2,45,42823,1460,535,45
2026-10-03,11,10068,0,30,7213_2,49,44090,1430,481,49
2026-10-03,11,10068,0,31,214_2,43,37582,1379,383,43
2026-10-03,11,10068,0,32,215_2,44,38991,1387,391,44
2026-10-03,11,10068,0,33,216_2,43,41509,1421,445,43
2026-10-03,11,10068,0,34,752_2,45,41383,1392,378,45
2026-10-03,11,10068,0,35,7217_2,52,46736,1515,254,48
2026-10-03,11,10068,0,36,422_1,57,55052,1624,191,54
2026-10-03,11,10068,0,37,421_1,62,58187,1611,222,55
2026-10-03,11,10068,0,38,6163_1,63,59752,1601,247,56
2026-10-03,11,10068,0,39,419_1,64,60325,1636,204,56
2026-10-03,11,10068,0,40,418_1,63,61776,1679,262,58
2026-10-03,11,10068,0,41,440_1,52,44946,1594,285,51
2026-10-03,11,10068,0,42,6236_1,48,39932,1441,395,48
2026-10-03,11,10068,0,43,6109_1,47,34476,1350,310,47
2026-10-03,11,10068,1,1,6109_1,3,7,7,0,0
2026-10-03,11,10068,1,2,6236_2,5,854,288,76,0
2026-10-03,11,10068,1,3,440_2,6,1064,288,83,0
2026-10-03,11,10068,1,4,418_2,8,2681,516,174,3
2026-10-03,11,10068,1,5,419_2,10,2993,499,157,3
2026-10-03,11,10068,1,6,6163_2,11,3289,491,149,4
2026-10-03,11,10068,1,7,421_2,12,3780,520,178,5
2026-10-03,11,10068,1,8,422_2,14,4029,483,141,5
2026-10-03,11,10068,1,9,7217_1,16,4444,494,152,7
2026-10-03,11,10068,1,10,752_1,16,4541,489,147,7
2026-10-03,11,10068,1,11,216_1,19,5557,486,144,9
2026-10-03,11,10068,1,12,215_1,21,5583,454,112,7
2026-10-03,11,10068,1,13,214_1,22,5787,443,101,7
2026-10-03,11,10068,1,14,7213_1,24,6225,435,93,8
2026-10-03,11,10068,1,15,615_1,24,7622,498,156,15
2026-10-03,11,10068,1,16,212_1,27,8246,480,138,15
2026-10-03,11,10068,1,17,211_1,31,12470,585,190,28
2026-10-03,11,10068,1,18,210_1,37,16581,716,126,31
2026-10-03,11,10068,1,19,6023_3,33,20444,851,291,32
2026-10-03,11,10068,1,20,7717_1,33,19732,812,379,33
2026-10-03,11,10068,1,21,765_1,34,21347,845,376,34
2026-10-03,11,10068,1,22,610_1,36,19682,768,314,36
2026-10-03,11,10068,1,23,609_1,36,19554,761,316,36
2026-10-03,11,10068,1,24,608_1,39,23401,815,393,39
2026-10-03,11,10068,1,25,607_1,39,22459,790,371,39
2026-10-03,11,10068,1,26,606_1,39,23433,840,367,39
2026-10-03,11,10068,1,27,249_1,41,22147,762,322,41
2026-10-03,11,10068,1,28,250_1,41,22083,731,323,41
2026-10-03,11,10068,1,29,251_1,43,22865,715,330,43
2026-10-03,11,10068,1,30,152_2,44,23723,708,320,44
2026-10-03,11,10068,1,31,151_1,44,25799,753,370,44
2026-10-03,11,10068,1,32,150_1,47,27979,764,367,47
2026-10-03,11,10068,1,33,252_1,50,32940,1039,411,50
2026-10-03,11,10068,1,34,186_1,57,34658,995,356,57
2026-10-03,11,10068,1,35,253_1,60,36778,1000,378,60
2026-10-03,11,10068,1,36,53_1,71,43409,969,387,71
2026-10-03,11,10068,1,37,254_1,71,45773,1022,399,71
2026-10-03,11,10068,1,38,4_4,61,38904,969,386,61
2026-10-03,11,10068,1,39,6059_1,65,39793,933,307,65
2026-10-03,11,10068,1,40,3_1,65,43693,993,367,65
2026-10-03,11,10068,1,41,73_1,66,40121,937,276,64
2026-10-03,11,10068,1,42,128_1,65,43655,1012,346,65
2026-10-03,11,10068,1,43,114_5,68,35357,843,176,63
2026-10-03,11,10072,0,1,61_2,2,765,765,0,1
2026-10-03,11,10072,0,2,59_4,5,2282,947,0,2
2026-10-03,11,10072,0,3,57_2,7,3261,940,0,3
2026-10-03,11,10072,0,4,56_2,8,5055,1071,40,7
2026-10-03,11,10072,0,5,55_4,10,7231,1150,313,10
2026-10-03,11,10072,0,6,69_2,14,9228,1057,267,12
2026-10-03,11,10072,0,7,68_2,16,11319,1111,294,14
2026-10-03,11,10072,0,8,67_2,18,12314,1065,234,16
2026-10-03,11,10072,0,9,65_2,21,14490,1066,306,21
2026-10-03,11,10072,0,10,204_2,21,13283,998,251,17
2026-10-03,11,10072,0,11,255_2,24,15407,993,231,21
2026-10-03,11,10072,0,12,205_2,25,15111,1087,212,21
2026-10-03,11,10072,0,13,206_2,29,17367,1056,181,23
2026-10-03,11,10072,0,14,863_3,28,14799,1001,126,14
2026-10-03,11,10072,0,15,209_2,18,15712,1116,247,16
2026-10-03,11,10072,0,16,210_2,31,21012,1113,148,22
2026-10-03,11,10072,0,17,211_2,32,20282,1099,77,20
2026-10-03,11,10072,0,18,212_2,34,22738,1180,98,23
2026-10-03,11,10072,0,19,615_2,36,26833,1260,132,28
2026-10-03,11,10072,0,20,7213_2,38,27196,1213,123,27
2026-10-03,11,10072,0,21,214_2,39,24096,1156,6,21
2026-10-03,11,10072,0,22,215_2,41,24685,1164,1,22
2026-10-03,11,10072,0,23,216_2,44,27419,1198,26,24
2026-10-03,11,10072,0,24,752_2,44,26526,1169,8,24
2026-10-03,11,10072,0,25,7217_2,44,27584,1192,59,25
2026-10-03,11,10072,0,26,422_1,28,11311,1131,156,17
2026-10-03,11,10072,0,27,421_1,27,10204,582,205,22
2026-10-03,11,10072,0,28,6163_1,27,10430,582,220,23
2026-10-03,11,10072,0,29,419_1,28,10806,583,202,24
2026-10-03,11,10072,0,30,418_1,29,13043,656,275,26
2026-10-03,11,10072,0,31,440_1,30,14020,660,279,29
2026-10-03,11,10072,0,32,6236_1,32,17573,700,321,32
2026-10-03,11,10072,0,33,6109_1,32,14970,595,216,31
2026-10-03,11,10072,1,1,6109_1,2,0,0,0,0
2026-10-03,11,10072,1,2,6236_2,5,588,302,51,1
2026-10-03,11,10072,1,3,440_2,5,674,302,51,1
2026-10-03,11,10072,1,4,418_2,7,2351,530,213,4
2026-10-03,11,10072,1,5,419_2,8,2358,513,130,3
2026-10-03,11,10072,1,6,6163_2,7,1997,505,135,2
2026-10-03,11,10072,1,7,421_2,5,1495,534,158,1
2026-10-03,11,10072,1,8,422_2,10,2726,497,142,1
2026-10-03,11,10072,1,9,7217_1,10,2521,508,111,1
2026-10-03,11,10072,1,10,752_1,11,2889,503,136,2
2026-10-03,11,10072,1,11,216_1,12,3303,500,161,3
2026-10-03,11,10072,1,12,215_1,15,3901,468,118,5
2026-10-03,11,10072,1,13,214_1,16,4011,457,121,5
2026-10-03,11,10072,1,14,7213_1,16,3910,449,114,5
2026-10-03,11,10072,1,15,615_1,18,5219,512,104,7
2026-10-03,11,10072,1,16,212_1,19,5244,494,111,7
2026-10-03,11,10072,1,17,211_1,20,7355,546,225,14
2026-10-03,11,10072,1,18,210_1,21,8619,676,210,17
2026-10-03,11,10072,1,19,209_1,22,12078,890,298,21
2026-10-03,11,10072,1,20,863_1,22,10646,846,229,20
2026-10-03,11,10072,1,21,206_1,24,11935,860,142,22
2026-10-03,11,10072,1,22,205_1,32,16976,864,110,28
2026-10-03,11,10072,1,23,255_1,44,25941,901,132,39
2026-10-03,11,10072,1,24,204_1,47,29258,966,152,42
2026-10-03,11,10072,1,25,65_1,50,30054,953,113,42
2026-10-03,11,10072,1,26,67_1,47,32605,1035,208,41
2026-10-03,11,10072,1,27,68_1,49,34953,1067,238,43
2026-10-03,11,10072,1,28,69_1,50,32898,980,195,43
2026-10-03,11,10072,1,29,55_1,53,35522,1015,273,49
2026-10-03,11,10072,1,30,56_1,55,37555,1008,290,53
2026-10-03,11,10072,1,31,57_1,58,39167,996,297,57
2026-10-03,11,10072,1,32,59_1,62,45162,1342,259,59
2026-10-03,11,10072,1,33,61_2,67,44345,1216,176,60
2026-10-03,11,10080,1,1,6079_1,1,0,0,0,0
2026-10-03,11,10080,1,2,6035_1,2,249,129,120,0
2026-10-03,11,10080,1,3,6180_1,3,203,79,54,0
2026-10-03,11,10080,1,4,6112_1,4,310,90,65,0
2026-10-03,11,10080,1,5,6168_1,4,274,81,56,0
2026-10-03,11,10080,1,6,427_1,5,296,81,22,0
2026-10-03,11,10080,1,7,428_1,6,466,120,32,0
2026-10-03,11,10080,1,8,427_2,7,880,167,79,0
2026-10-03,11,10080,1,9,426_1,7,880,167,79,0
2026-10-03,11,10080,1,10,425_2,8,907,153,58,0
2026-10-03,11,10080,1,11,7217_2,9,2922,399,260,7
2026-10-03,11,10080,1,12,422_1,10,3628,448,265,9
2026-10-03,11,10080,1,13,421_3,11,3639,423,240,8
2026-10-03,11,10082,0,2,422_2,2,54,41,13,0
2026-10-03,11,10082,0,3,423_2,3,289,125,68,0
2026-10-03,11,10082,0,4,424_2,4,708,215,136,0
2026-10-03,11,10082,0,5,425_1,5,892,212,133,0
2026-10-03,11,10082,0,6,426_2,6,1324,257,178,0
2026-10-03,11,10082,0,7,427_1,8,2428,437,218,2
2026-10-03,11,10082,0,8,428_1,11,3251,450,198,3
2026-10-03,11,10082,0,9,427_2,10,4366,586,326,10
2026-10-03,11,10082,0,10,6168_2,10,4556,605,345,10
2026-10-03,11,10082,0,11,6112_2,10,4556,605,345,10
2026-10-03,11,10082,0,12,6180_2,11,5837,691,421,11
2026-10-03,11,10082,0,13,6035_2,12,6692,730,426,12
2026-10-03,11,10082,0,14,6079_1,13,7880,782,478,13
2026-10-03,12,10002,1,5,906_1,1,10,10,10,0
2026-10-03,12,10002,1,6,75_2,1,10,10,10,0
2026-10-03,12,10002,1,7,453_1,1,17,17,17,0
2026-10-03,12,10002,1,8,454_1,1,0,0,0,0
2026-10-03,12,10002,1,9,455_1,1,8,8,8,0
2026-10-03,12,10002,1,10,456_1,1,14,14,14,0
2026-10-03,12,10002,1,11,905_2,1,38,38,38,0
2026-10-03,12,10002,1,12,113_2,1,27,27,27,0
2026-10-03,12,10002,1,13,203_1,1,1,1,1,0
2026-10-03,12,10002,1,14,127_1,1,0,0,0,0
2026-10-03,12,10002,1,15,126_1,1,0,0,0,0
2026-10-03,12,10002,1,16,125_1,1,9,9,9,0
2026-10-03,12,10002,1,17,124_1,1,0,0,0,0
2026-10-03,12,10002,1,18,123_1,1,0,0,0,0
2026-10-03,12,10002,1,19,122_1,1,66,66,66,0
2026-10-03,12,10002,1,20,910_2,1,64,64,64,0
2026-10-03,12,10002,1,21,256_2,1,0,0,0,0
2026-10-03,12,10002,1,22,534_2,1,26,26,26,0
2026-10-03,12,10002,1,23,59_3,1,84,84,84,0
2026-10-03,12,10002,1,24,61_3,1,0,0,0,0
2026-10-03,12,10017,1,6,6122_1,2,378,197,181,0
2026-10-03,12,10017,1,7,6150_1,2,378,197,181,0
2026-10-03,12,10017,1,8,6036_1,2,378,197,181,0
2026-10-03,12,10017,1,9,6148_1,2,498,257,241,0
2026-10-03,12,10017,1,10,6019_2,2,618,317,301,2
2026-10-03,12,10033,0,7,6401_2,2,176,92,84,0
2026-10-03,12,10033,0,8,6074_2,3,328,126,84,0
2026-10-03,12,10033,0,9,6169_2,3,169,73,31,0
2026-10-03,12,10033,0,10,6260_1,3,250,100,58,0
2026-10-03,12,10033,0,11,7475_1,1,0,0,0,0
2026-10-03,12,10047,0,6,72_1,5,1129,276,199,0
2026-10-03,12,10047,0,7,73_2,5,1179,286,209,0
2026-10-03,12,10047,0,8,73_3,5,1219,294,217,0
2026-10-03,12,10047,0,9,3_2,5,1349,320,243,1
2026-10-03,12,10047,0,10,114_4,6,1394,310,190,1
2026-10-03,12,10047,0,11,393_2,6,1282,298,178,0
2026-10-03,12,10047,0,12,6070_3,6,1285,292,172,0
2026-10-03,12,10047,0,13,6102_2,6,1108,264,144,0
2026-10-03,12,10047,0,14,6069_2,6,1224,295,163,0
2026-10-03,12,10047,0,15,6057_2,6,1023,261,131,0
2026-10-03,12,10047,0,16,9_5,6,791,219,89,0
2026-10-03,12,10047,0,17,6241_2,6,1065,260,137,0
2026-10-03,12,10047,0,18,6143_2,5,874,260,124,0
2026-10-03,12,10047,0,19,6166_2,6,864,226,104,0
2026-10-03,12,10047,0,20,446_4,18,4394,356,95,3
2026-10-03,12,10047,0,21,6161_2,22,4865,329,68,3
2026-10-03,12,10047,0,22,6001_2,23,5563,359,98,6
2026-10-03,12,10047,0,23,6160_2,26,5525,336,75,3
2026-10-03,12,10047,0,24,6162_2,26,5756,345,84,5
2026-10-03,12,10047,0,25,6041_2,26,6892,400,139,6
2026-10-03,12,10047,0,26,243_2,26,6671,390,112,8
2026-10-03,12,10047,0,27,6228_2,24,6532,395,136,9
2026-10-03,12,10047,0,28,95_2,24,5491,361,84,4
2026-10-03,12,10047,0,29,94_3,28,6260,344,85,4
2026-10-03,12,10047,0,30,6242_1,28,7386,387,128,7
2026-10-03,12,10047,0,31,6064_1,28,6759,356,118,5
2026-10-03,12,10047,0,32,6255_2,28,8866,422,185,18
2026-10-03,12,10047,0,33,6256_2,28,9675,452,197,22
2026-10-03,12,10047,0,34,6094_2,26,8471,432,172,17
2026-10-03,12,10047,0,35,6244_2,26,7761,444,135,12
2026-10-03,12,10047,0,36,6257_2,28,7839,432,120,11
2026-10-03,12,10047,0,37,6240_2,28,9035,455,149,18
2026-10-03,12,10047,0,38,6258_2,28,9325,445,148,20
2026-10-03,12,10047,0,39,6225_2,28,8773,426,127,19
2026-10-03,12,10047,0,40,6181_2,28,8500,416,112,15
2026-10-03,12,10047,0,41,6246_2,28,9368,457,139,21
2026-10-03,12,10047,0,42,6206_2,28,8875,449,115,18
2026-10-03,12,10047,0,43,6176_2,28,9155,457,125,21
2026-10-03,12,10047,0,44,6200_3,31,12541,632,169,25
2026-10-03,12,10047,0,45,6042_2,31,12100,599,160,25
2026-10-03,12,10047,0,46,6031_2,33,11935,582,117,24
2026-10-03,12,10047,0,47,6039_1,41,14248,574,62,29
2026-10-03,12,10047,1,29,6166_1,6,1541,295,240,0
2026-10-03,12,10047,1,30,6143_1,9,2070,285,189,0
2026-10-03,12,10047,1,31,6241_1,12,2749,307,126,1
2026-10-03,12,10047,1,32,9_2,15,2166,259,30,0
2026-10-03,12,10047,1,33,6057_1,14,2352,289,0,0
2026-10-03,12,10047,1,34,6069_1,14,3068,343,68,2
2026-10-03,12,10047,1,35,6102_1,14,3722,427,55,8
2026-10-03,12,10047,1,36,6070_2,14,3386,388,49,6
2026-10-03,12,10047,1,37,393_1,14,3914,429,86,9
2026-10-03,12,10047,1,38,114_1,14,3179,381,31,4
2026-10-03,12,10047,1,39,114_3,14,4847,528,138,9
2026-10-03,12,10047,1,40,3_1,14,5985,572,215,11
2026-10-03,12,10047,1,41,73_1,15,5951,551,205,11
2026-10-03,12,10047,1,42,72_2,17,9614,722,297,16
2026-10-03,12,10047,1,43,55_1,22,10879,636,290,21
2026-10-03,12,10047,1,44,56_1,34,16379,658,326,34
2026-10-03,12,10047,1,45,57_1,41,19902,704,255,40
2026-10-03,12,10047,1,46,59_1,43,20960,715,286,41
2026-10-03,12,10047,1,47,61_1,43,16308,578,115,34
2026-10-03,12,10049,0,18,6176_2,2,388,203,185,0
2026-10-03,12,10049,0,19,6200_3,11,2225,247,154,0
2026-10-03,12,10049,0,20,6042_2,11,2080,238,145,0
2026-10-03,12,10049,0,21,6031_2,11,1612,195,102,0
2026-10-03,12,10049,0,22,6039_1,11,1050,140,47,0
2026-10-03,12,10049,0,23,6141_2,11,1710,200,107,0
2026-10-03,12,10049,0,24,6105_2,11,1710,200,107,0
2026-10-03,12,10049,0,25,6105_1,11,1820,210,117,0
2026-10-03,12,10049,0,26,6141_1,11,1820,210,117,0
2026-10-03,12,10049,0,27,6099_1,11,1820,210,117,0
2026-10-03,12,10049,0,28,6022_1,11,1820,210,117,0
2026-10-03,12,10049,0,29,6040_1,11,1820,210,117,0
2026-10-03,12,10049,0,30,6039_1,11,1820,210,117,0
2026-10-03,12,10049,1,17,6064_2,1,134,134,134,0
2026-10-03,12,10049,1,18,6242_2,4,363,120,69,0
2026-10-03,12,10049,1,19,94_4,8,777,154,46,0
2026-10-03,12,10049,1,20,93_2,8,843,163,52,0
2026-10-03,12,10049,1,21,6016_2,7,847,169,79,0
2026-10-03,12,10049,1,22,91_1,7,255,84,0,0
2026-10-03,12,10051,0,13,6249_2,6,857,171,124,0
2026-10-03,12,10051,0,14,6015_2,6,473,107,60,0
2026-10-03,12,10051,1,14,91_4,1,0,0,0,0
2026-10-03,12,10053,1,40,6073_1,5,1319,273,249,0
2026-10-03,12,10053,1,41,6188_9,22,4440,273,137,0
2026-10-03,12,10053,1,42,6043_1,29,5269,268,73,0
2026-10-03,12,10053,1,43,6020_1,29,5269,268,73,0
2026-10-03,12,10053,1,44,6106_1,30,6145,290,106,0
2026-10-03,12,10053,1,45,6134_1,31,5671,264,89,0
2026-10-03,12,10053,1,46,6196_1,31,6635,303,115,2
2026-10-03,12,10053,1,47,6263_1,34,6811,287,110,0
2026-10-03,12,10053,1,48,6260_1,34,6811,287,110,0
2026-10-03,12,10053,1,49,7475_2,34,6811,287,110,0
2026-10-03,12,10053,1,50,474_1,34,6811,287,110,0
2026-10-03,12,10053,1,51,473_1,34,6811,287,110,0
2026-10-03,12,10053,1,52,472_1,34,6811,287,110,0
2026-10-03,12,10053,1,53,7471_1,34,6811,287,110,0
2026-10-03,12,10053,1,54,39_1,34,6811,287,110,0
2026-10-03,12,10053,1,55,40_1,34,6811,287,110,0
2026-10-03,12,10053,1,56,21_1,34,6811,287,110,0
2026-10-03,12,10053,1,57,42_1,34,6811,287,110,0
2026-10-03,12,10053,1,58,43_1,34,6811,287,110,0
2026-10-03,12,10053,1,59,44_1,34,6811,287,110,0
2026-10-03,12,10053,1,60,18_1,34,6811,287,110,0
2026-10-03,12,10053,1,61,17_1,34,6811,287,110,0
2026-10-03,12,10053,1,62,16_1,34,6811,287,110,0
2026-10-03,12,10053,1,63,15_1,34,6811,287,110,0
2026-10-03,12,10053,1,64,14_1,34,6811,287,110,0
2026-10-03,12,10053,1,65,448_1,34,6811,287,110,0
2026-10-03,12,10053,1,66,447_1,34,6811,287,110,0
2026-10-03,12,10053,1,67,6158_1,34,7151,297,120,0
2026-10-03,12,10053,1,68,446_3,34,7151,297,120,0
2026-10-03,12,10053,1,69,6166_1,33,7418,310,111,3
2026-10-03,12,10053,1,70,6143_1,35,7525,306,99,2
2026-10-03,12,10053,1,71,6241_1,35,7522,295,106,0
2026-10-03,12,10053,1,72,9_1,35,7522,295,106,0
2026-10-03,12,10059,1,5,6074_1,1,84,84,84,0
2026-10-03,12,10059,1,6,6229_1,1,68,68,68,0
2026-10-03,12,10059,1,7,6006_1,1,68,68,68,0
2026-10-03,12,10059,1,8,6902_1,1,124,124,124,0
2026-10-03,12,10059,1,9,6170_1,1,130,130,130,0
2026-10-03,12,10059,1,10,7841_2,1,155,155,155,0
2026-10-03,12,10059,1,11,91_3,1,95,95,95,0
2026-10-03,12,10060,1,9,6205_1,2,262,142,120,0
2026-10-03,12,10060,1,10,6212_1,4,560,160,129,0
2026-10-03,12,10060,1,11,6013_1,4,520,150,119,0
2026-10-03,12,10060,1,12,94_2,4,360,110,79,0
2026-10-03,12,10060,1,13,95_1,4,410,133,64,0
2026-10-03,12,10060,1,14,6228_1,4,704,209,135,0
2026-10-03,12,10060,1,15,243_1,4,784,225,169,0
2026-10-03,12,10060,1,16,6041_1,4,891,251,197,0
2026-10-03,12,10060,1,17,6162_1,4,741,216,152,0
2026-10-03,12,10060,1,18,6160_1,4,763,217,162,0
2026-10-03,12,10060,1,19,6001_1,4,697,192,154,0
2026-10-03,12,10060,1,20,6161_1,4,843,235,189,0
2026-10-03,12,10060,1,21,446_3,4,639,184,138,0
2026-10-03,12,10060,1,22,6166_1,4,723,205,159,0
2026-10-03,12,10060,1,23,6143_1,4,683,195,149,0
2026-10-03,12,10060,1,24,6241_1,4,771,217,171,0
2026-10-03,12,10060,1,25,9_2,14,1885,183,65,0
2026-10-03,12,10060,1,26,8_3,16,1519,170,0,0
2026-10-03,12,10060,1,27,6_1,16,1723,174,24,0
2026-10-03,12,10060,1,28,902_1,17,1465,158,8,0
2026-10-03,12,10060,1,29,5_1,16,1280,142,0,0
2026-10-03,12,10060,1,30,4_1,17,1662,174,20,0
2026-10-03,12,10060,1,31,6059_1,17,2337,201,62,0
2026-10-03,12,10060,1,32,3_1,17,2337,201,62,0
2026-10-03,12,10060,1,33,73_1,18,2045,180,10,0
2026-10-03,12,10060,1,34,128_1,17,3095,246,76,0
2026-10-03,12,10060,1,35,114_5,12,403,71,0,0
2026-10-03,12,10061,0,4,114_5,1,0,0,0,0
2026-10-03,12,10061,0,5,3_3,1,41,41,41,0
2026-10-03,12,10061,0,6,4_5,1,15,15,15,0
2026-10-03,12,10061,0,7,5_3,1,31,31,31,0
2026-10-03,12,10061,0,8,902_2,2,15,11,4,0
2026-10-03,12,10061,0,9,6_2,1,0,0,0,0
2026-10-03,12,10061,0,10,8_1,1,0,0,0,0
2026-10-03,12,10061,0,11,9_5,2,0,0,0,0
2026-10-03,12,10061,0,12,6241_2,3,137,48,41,0
2026-10-03,12,10061,0,13,6143_2,4,159,48,35,0
2026-10-03,12,10061,0,14,6166_2,4,51,15,7,0
2026-10-03,12,10061,0,15,446_4,6,78,25,0,0
2026-10-03,12,10061,0,16,6161_2,4,56,28,0,0
2026-10-03,12,10061,0,17,6001_2,5,190,58,14,0
2026-10-03,12,10061,0,18,6160_2,5,85,35,1,0
2026-10-03,12,10061,0,19,6162_2,6,148,44,11,0
2026-10-03,12,10061,0,20,6041_2,6,492,99,71,0
2026-10-03,12,10061,0,21,243_2,6,366,72,44,0
2026-10-03,12,10061,0,22,6228_2,7,481,96,33,0
2026-10-03,12,10061,0,23,95_2,14,1289,199,9,0
2026-10-03,12,10061,0,24,94_3,18,1478,181,0,0
2026-10-03,12,10061,0,25,6013_2,22,1784,182,1,0
2026-10-03,12,10061,0,26,6212_2,26,2056,192,1,0
2026-10-03,12,10061,0,27,6205_2,26,2576,218,27,0
2026-10-03,12,10061,0,28,6187_3,27,2859,228,41,0
2026-10-03,12,10061,0,29,6011_4,26,3299,241,54,0
2026-10-03,12,10061,0,30,6017_2,27,4074,269,82,0
2026-10-03,12,10061,0,31,6172_2,26,3468,246,63,0
2026-10-03,12,10061,0,32,6067_2,27,3817,252,69,0
2026-10-03,12,10061,0,33,6248_2,27,3698,247,64,0
2026-10-03,12,10061,0,34,6249_2,30,4891,367,57,4
2026-10-03,12,10061,0,35,6015_2,31,3675,328,0,2
2026-10-03,12,10063,1,21,114_1,1,243,243,243,0
2026-10-03,12,10063,1,22,114_3,16,3928,390,182,2
2026-10-03,12,10063,1,23,3_1,23,5829,375,169,4
2026-10-03,12,10063,1,24,73_1,24,6500,414,154,10
2026-10-03,12,10063,1,25,72_2,23,10560,645,306,23
2026-10-03,12,10063,1,26,55_1,24,9994,559,299,23
2026-10-03,12,10063,1,27,56_1,24,10649,581,328,24
2026-10-03,12,10063,1,28,57_1,26,12180,627,329,26
2026-10-03,12,10063,1,29,59_1,25,11398,638,297,24
2026-10-03,12,10063,1,30,61_2,26,10817,623,234,24
2026-10-03,12,10064,0,5,6006_2,2,393,210,183,0
2026-10-03,12,10064,0,6,6229_2,2,395,211,184,0
2026-10-03,12,10064,0,7,6074_2,2,401,214,187,0
2026-10-03,12,10064,0,8,6169_2,2,295,161,134,0
2026-10-03,12,10064,0,9,6263_2,2,281,154,127,0
2026-10-03,12,10064,0,10,6196_2,2,261,144,117,0
2026-10-03,12,10064,0,11,6134_2,2,355,191,164,0
2026-10-03,12,10064,0,12,6106_2,2,359,193,166,0
2026-10-03,12,10064,0,13,6020_9,2,375,201,174,0
2026-10-03,12,10064,0,14,6019_1,2,141,84,57,0
2026-10-03,12,10064,0,15,6043_9,2,161,94,67,0
2026-10-03,12,10064,0,16,6188_1,2,155,91,64,0
2026-10-03,12,10064,0,17,6073_2,2,385,206,179,0
2026-10-03,12,10064,0,18,6152_1,2,363,195,168,0
2026-10-03,12,10064,0,19,6300_2,2,557,292,265,0
2026-10-03,12,10064,0,20,6289_9,2,533,280,253,0
2026-10-03,12,10064,0,21,6301_9,2,567,297,270,0
2026-10-03,12,10068,0,10,186_2,1,681,681,681,1
2026-10-03,12,10068,0,11,252_2,6,3997,792,617,6
2026-10-03,12,10068,0,12,150_2,6,3757,752,577,6
2026-10-03,12,10068,0,13,151_2,6,4069,804,629,6
2026-10-03,12,10068,0,14,152_3,6,3793,758,583,6
2026-10-03,12,10068,0,15,251_2,6,3907,777,602,6
2026-10-03,12,10068,0,16,250_2,6,3901,776,601,6
2026-10-03,12,10068,0,17,249_2,6,3565,720,545,6
2026-10-03,12,10068,0,18,606_2,6,3739,749,574,6
2026-10-03,12,10068,0,19,607_2,6,3721,746,571,6
2026-10-03,12,10068,0,20,608_2,6,3657,737,562,6
2026-10-03,12,10068,0,21,609_2,6,3542,716,541,6
2026-10-03,12,10068,0,22,610_2,7,4071,720,525,7
2026-10-03,12,10068,0,23,765_2,7,4344,755,574,7
2026-10-03,12,10068,0,24,7717_2,7,4268,744,563,7
2026-10-03,12,10068,0,25,6023_1,7,4718,803,621,7
2026-10-03,12,10068,0,26,210_2,6,4025,811,605,6
2026-10-03,12,10068,0,27,211_2,7,4584,801,595,7
2026-10-03,12,10068,0,28,212_2,7,4959,856,650,7
2026-10-03,12,10068,0,29,615_2,6,4757,936,730,6
2026-10-03,12,10068,0,30,7213_2,8,5900,882,676,8
2026-10-03,12,10068,0,31,214_2,17,10490,784,557,17
2026-10-03,12,10068,0,32,215_2,19,11650,796,501,19
2026-10-03,12,10068,0,33,216_2,27,16180,849,425,27
2026-10-03,12,10068,0,34,752_2,27,15347,814,392,27
2026-10-03,12,10068,0,35,7217_2,28,18528,937,487,28
2026-10-03,12,10068,0,36,422_1,28,21600,1044,595,28
2026-10-03,12,10068,0,37,421_1,28,21464,1031,582,28
2026-10-03,12,10068,0,38,6163_1,28,21308,1021,572,28
2026-10-03,12,10068,0,39,419_1,28,22050,1056,607,28
2026-10-03,12,10068,0,40,418_1,31,28955,1736,707,31
2026-10-03,12,10068,0,41,440_1,41,46195,1757,728,41
2026-10-03,12,10068,0,42,6236_1,47,59547,1838,809,47
2026-10-03,12,10068,0,43,6109_1,48,57114,1760,731,48
2026-10-03,12,10068,1,17,211_1,3,1544,532,487,3
2026-10-03,12,10068,1,18,210_1,6,2496,468,368,6
2026-10-03,12,10068,1,19,6023_3,13,6571,654,326,13
2026-10-03,12,10068,1,20,7717_1,14,6454,630,261,12
2026-10-03,12,10068,1,21,765_1,14,6952,664,297,13
2026-10-03,12,10068,1,22,610_1,14,5904,602,217,11
2026-10-03,12,10068,1,23,609_1,14,6262,604,252,11
2026-10-03,12,10068,1,24,608_1,14,7241,681,329,14
2026-10-03,12,10068,1,25,607_1,14,6897,659,307,14
2026-10-03,12,10068,1,26,606_1,14,6991,672,320,14
2026-10-03,12,10068,1,27,249_1,14,6753,639,287,13
2026-10-03,12,10068,1,28,250_1,14,6746,640,288,13
2026-10-03,12,10068,1,29,251_1,14,6829,647,295,13
2026-10-03,12,10068,1,30,152_2,14,6757,637,285,13
2026-10-03,12,10068,1,31,151_1,14,7461,687,335,14
2026-10-03,12,10068,1,32,150_1,14,7468,685,332,14
2026-10-03,12,10068,1,33,252_1,14,8124,730,376,14
2026-10-03,12,10068,1,34,186_1,14,7354,675,321,14
2026-10-03,12,10068,1,35,253_1,15,8265,674,343,15
2026-10-03,12,10068,1,36,53_1,20,11363,697,365,20
2026-10-03,12,10068,1,37,254_1,28,15704,703,365,28
2026-10-03,12,10068,1,38,4_4,38,19574,711,343,38
2026-10-03,12,10068,1,39,6059_1,38,19127,701,326,38
2026-10-03,12,10068,1,40,3_1,38,21407,761,386,38
2026-10-03,12,10068,1,41,73_1,39,20529,740,397,39
2026-10-03,12,10068,1,42,128_1,38,22376,806,462,38
2026-10-03,12,10068,1,43,114_5,40,19838,778,339,40
2026-10-03,12,10072,0,5,55_4,1,213,213,213,0
2026-10-03,12,10072,0,6,69_2,1,157,157,157,0
2026-10-03,12,10072,0,7,68_2,1,176,176,176,0
2026-10-03,12,10072,0,8,67_2,1,113,113,113,0
2026-10-03,12,10072,0,9,65_2,1,208,208,208,0
2026-10-03,12,10072,0,10,204_2,1,176,176,176,0
2026-10-03,12,10072,0,11,255_2,2,525,272,253,0
2026-10-03,12,10072,0,12,205_2,3,676,239,217,0
2026-10-03,12,10072,0,13,206_2,3,613,218,196,0
2026-10-03,12,10072,0,14,863_3,3,100,53,13,0
2026-10-03,12,10072,0,15,209_2,17,4920,380,105,11
2026-10-03,12,10072,0,16,210_2,18,6473,546,254,12
2026-10-03,12,10072,0,17,211_2,18,6066,524,224,11
2026-10-03,12,10072,0,18,212_2,18,6906,574,259,14
2026-10-03,12,10072,0,19,615_2,18,8573,665,362,18
2026-10-03,12,10072,0,20,7213_2,18,7813,611,332,18
2026-10-03,12,10072,0,21,214_2,18,6425,513,239,11
2026-10-03,12,10072,0,22,215_2,18,6605,525,251,13
2026-10-03,12,10072,0,23,216_2,18,7369,578,304,18
2026-10-03,12,10072,0,24,752_2,18,6787,543,269,14
2026-10-03,12,10072,0,25,7217_2,19,10381,1292,296,18
2026-10-03,12,10072,0,26,422_1,37,34621,1401,442,37
2026-10-03,12,10072,0,27,421_1,40,37775,1388,429,40
2026-10-03,12,10072,0,28,6163_1,40,37508,1378,414,40
2026-10-03,12,10072,0,29,419_1,41,39798,1413,449,41
2026-10-03,12,10072,0,30,418_1,41,43526,1513,549,41
2026-10-03,12,10072,0,31,440_1,41,44418,1534,570,41
2026-10-03,12,10072,0,32,6236_1,41,47967,1615,651,41
2026-10-03,12,10072,0,33,6109_1,39,44282,1537,646,39
2026-10-03,12,10072,1,6,6163_2,1,362,362,362,1
2026-10-03,12,10072,1,7,421_2,3,1066,385,310,3
2026-10-03,12,10072,1,8,422_2,5,1372,370,143,2
2026-10-03,12,10072,1,9,7217_1,5,1530,380,189,3
2026-10-03,12,10072,1,10,752_1,5,1512,380,183,3
2026-10-03,12,10072,1,11,216_1,5,1573,398,197,3
2026-10-03,12,10072,1,12,215_1,5,1484,366,188,3
2026-10-03,12,10072,1,13,214_1,5,1470,355,186,3
2026-10-03,12,10072,1,14,7213_1,5,1433,347,179,3
2026-10-03,12,10072,1,15,615_1,5,1712,410,224,3
2026-10-03,12,10072,1,16,212_1,5,1624,392,207,3
2026-10-03,12,10072,1,17,211_1,5,1884,444,259,4
2026-10-03,12,10072,1,18,210_1,5,1564,380,195,3
2026-10-03,12,10072,1,19,209_1,5,1883,451,248,4
2026-10-03,12,10072,1,20,863_1,5,1562,386,187,3
2026-10-03,12,10072,1,21,206_1,5,1682,410,211,3
2026-10-03,12,10072,1,22,205_1,5,1472,368,169,3
2026-10-03,12,10072,1,23,255_1,5,1622,398,199,3
2026-10-03,12,10072,1,24,204_1,6,2316,589,220,4
2026-10-03,12,10072,1,25,65_1,6,2587,550,282,5
2026-10-03,12,10072,1,26,67_1,11,5194,645,329,11
2026-10-03,12,10072,1,27,68_1,11,5624,675,379,11
2026-10-03,12,10072,1,28,69_1,11,4876,632,281,10
2026-10-03,12,10072,1,29,55_1,11,5644,710,341,11
2026-10-03,12,10072,1,30,56_1,11,5951,746,363,11
2026-10-03,12,10072,1,31,57_1,11,6311,775,409,11
2026-10-03,12,10072,1,32,59_1,11,6279,784,420,11
2026-10-03,12,10072,1,33,61_2,11,6024,686,405,11
2026-10-03,12,10082,0,8,428_1,3,793,277,255,0
2026-10-03,12,10082,0,9,427_2,6,1816,339,260,3
2026-10-03,12,10082,0,10,6168_2,6,1822,340,261,3
2026-10-03,12,10082,0,11,6112_2,6,1912,355,276,5
2026-10-03,12,10082,0,12,6180_2,6,2224,407,328,6
2026-10-03,12,10082,0,13,6035_2,6,2968,531,452,6
2026-10-03,12,10082,0,14,6079_1,6,2464,447,368,6
2026-10-03,13,10072,0,33,6109_1,3,1770,609,573,3
