date,hour,route_id,direction_id,stop_sequence,stop_id,n_obs,sum_delay,max_delay,min_delay,n_late5
2026-09-18,7,10031,0,48,6039_1,1,29,29,29,0
2026-09-18,7,10032,1,5,6176_1,1,92,92,92,0
2026-09-18,7,10032,1,6,6206_1,1,102,102,102,0
2026-09-18,7,10032,1,7,6246_1,1,118,118,118,0
2026-09-18,7,10032,1,8,6181_1,2,189,109,80,0
2026-09-18,7,10032,1,9,6225_1,3,276,117,71,0
2026-09-18,7,10032,1,10,6258_1,3,246,107,61,0
2026-09-18,7,10032,1,11,6240_1,4,324,110,64,0
2026-09-18,7,10032,1,12,6257_1,4,440,139,93,0
2026-09-18,7,10032,1,13,6244_1,4,464,145,99,0
2026-09-18,7,10032,1,14,6094_1,4,432,137,91,0
2026-09-18,7,10032,1,15,6256_1,3,277,102,85,0
2026-09-18,7,10033,1,1,7475_1,1,0,0,0,0
2026-09-18,7,10033,1,2,6260_2,1,58,58,58,0
2026-09-18,7,10033,1,3,6169_1,1,106,106,106,0
2026-09-18,7,10043,0,2,6148_2,1,22,22,22,0
2026-09-18,7,10043,0,3,6036_2,1,73,73,73,0
2026-09-18,7,10043,0,4,6150_2,1,56,56,56,0
2026-09-18,7,10043,0,5,6122_9,2,57,49,8,0
2026-09-18,7,10043,0,6,6147_2,2,55,48,7,0
2026-09-18,7,10043,0,7,6145_1,2,55,48,7,0
2026-09-18,7,10043,0,8,6144_1,2,40,40,0,0
2026-09-18,7,10047,0,5,55_2,1,343,343,343,1
2026-09-18,7,10047,0,6,72_1,2,835,432,403,2
2026-09-18,7,10047,0,7,73_2,3,1203,432,368,3
2026-09-18,7,10047,0,8,73_3,4,1550,432,347,4
2026-09-18,7,10047,0,9,3_2,4,1550,432,347,4
2026-09-18,7,10047,1,28,446_3,1,81,81,81,0
2026-09-18,7,10047,1,29,6166_1,2,263,170,93,0
2026-09-18,7,10047,1,30,6143_1,2,225,151,74,0
2026-09-18,7,10047,1,31,6241_1,2,206,145,61,0
2026-09-18,7,10047,1,32,9_2,3,289,133,49,0
2026-09-18,7,10047,1,33,6057_1,3,382,164,80,0
2026-09-18,7,10047,1,34,6069_1,3,370,160,76,0
2026-09-18,7,10047,1,35,6102_1,3,406,172,88,0
2026-09-18,7,10047,1,36,6070_2,1,38,38,38,0
2026-09-18,7,10047,1,45,57_1,1,0,0,0,0
2026-09-18,7,10047,1,46,59_1,2,33,33,0,0
2026-09-18,7,10047,1,47,61_1,1,0,0,0,0
2026-09-18,7,10049,0,3,93_1,1,167,167,167,0
2026-09-18,7,10049,0,4,94_1,2,351,184,167,0
2026-09-18,7,10049,0,5,6242_1,3,620,235,184,0
2026-09-18,7,10049,0,6,6064_1,3,526,205,152,0
2026-09-18,7,10049,0,7,6255_2,3,610,233,180,0
2026-09-18,7,10049,0,8,6256_2,4,825,240,187,0
2026-09-18,7,10049,0,9,6094_2,4,729,216,163,0
2026-09-18,7,10049,0,10,6244_2,4,657,198,145,0
2026-09-18,7,10049,0,11,6257_2,4,613,187,134,0
2026-09-18,7,10049,0,12,6240_2,4,713,212,159,0
2026-09-18,7,10049,0,13,6258_2,3,447,158,141,0
2026-09-18,7,10049,1,1,6105_2,1,79,79,79,0
2026-09-18,7,10049,1,2,6105_1,1,89,89,89,0
2026-09-18,7,10049,1,3,6141_1,1,89,89,89,0
2026-09-18,7,10049,1,4,6099_1,1,89,89,89,0
2026-09-18,7,10050,0,1,91_4,1,0,0,0,0
2026-09-18,7,10050,0,2,6016_1,2,229,139,90,0
2026-09-18,7,10050,0,3,93_1,3,379,146,112,0
2026-09-18,7,10050,0,4,6013_2,3,676,245,211,0
2026-09-18,7,10050,0,5,6212_2,4,918,249,215,0
2026-09-18,7,10050,0,6,6205_2,4,995,274,217,0
2026-09-18,7,10050,0,7,6187_3,4,1035,288,215,0
2026-09-18,7,10050,0,8,6011_2,4,957,271,198,0
2026-09-18,7,10050,0,9,6018_2,3,617,223,175,0
2026-09-18,7,10050,0,10,6190_2,1,202,202,202,0
2026-09-18,7,10050,0,11,6171_2,1,175,175,175,0
2026-09-18,7,10050,1,5,6011_3,1,35,35,35,0
2026-09-18,7,10050,1,6,6187_2,1,44,44,44,0
2026-09-18,7,10050,1,7,6205_1,2,67,38,29,0
2026-09-18,7,10050,1,8,6212_1,1,33,33,33,0
2026-09-18,7,10050,1,9,6013_1,2,60,40,20,0
2026-09-18,7,10050,1,10,93_2,3,366,130,108,0
2026-09-18,7,10050,1,11,6016_2,3,453,159,137,0
2026-09-18,7,10051,0,6,6205_2,1,299,299,299,0
2026-09-18,7,10051,0,7,6187_3,1,297,297,297,0
2026-09-18,7,10051,0,8,6011_4,2,722,385,337,2
2026-09-18,7,10051,0,9,6017_2,3,1177,435,347,3
2026-09-18,7,10051,0,10,6172_2,3,1117,415,327,3
2026-09-18,7,10051,0,11,6067_2,4,1845,509,400,4
2026-09-18,7,10051,0,12,6248_2,4,1813,501,392,4
2026-09-18,7,10051,0,13,6249_2,4,1773,491,382,4
2026-09-18,7,10051,0,14,6015_2,4,1329,380,271,3
2026-09-18,7,10051,1,2,6249_1,1,49,49,49,0
2026-09-18,7,10051,1,3,6248_1,1,54,54,54,0
2026-09-18,7,10051,1,4,6067_1,2,6,6,0,0
2026-09-18,7,10051,1,5,6172_1,3,52,26,10,0
2026-09-18,7,10051,1,6,6017_1,3,61,29,13,0
2026-09-18,7,10051,1,7,6011_1,3,43,23,7,0
2026-09-18,7,10051,1,8,6187_2,3,175,67,51,0
2026-09-18,7,10051,1,9,6205_1,2,115,59,56,0
2026-09-18,7,10053,0,24,7475_3,1,0,0,0,0
2026-09-18,7,10053,0,25,6260_2,2,70,53,17,0
2026-09-18,7,10053,0,26,6263_2,3,263,117,55,0
2026-09-18,7,10053,0,27,6196_2,3,209,99,37,0
2026-09-18,7,10053,0,28,6134_2,4,364,128,46,0
2026-09-18,7,10053,0,29,6106_2,4,468,154,72,0
2026-09-18,7,10053,0,30,6020_9,4,484,158,76,0
2026-09-18,7,10053,0,31,6043_9,4,724,218,136,0
2026-09-18,7,10055,0,1,9_1,1,0,0,0,0
2026-09-18,7,10055,0,2,6241_2,2,102,55,47,0
2026-09-18,7,10055,0,3,6143_2,2,42,25,17,0
2026-09-18,7,10055,0,4,6166_2,2,36,22,14,0
2026-09-18,7,10059,0,9,6260_1,1,338,338,338,1
2026-09-18,7,10059,0,10,7475_1,2,495,258,237,0
2026-09-18,7,10059,1,6,6229_1,1,234,234,234,0
2026-09-18,7,10059,1,7,6006_1,2,556,287,269,0
2026-09-18,7,10059,1,8,6902_1,2,706,362,344,2
2026-09-18,7,10059,1,9,6170_1,3,1044,357,339,3
2026-09-18,7,10059,1,10,7841_2,4,1654,439,396,4
2026-09-18,7,10059,1,11,91_3,4,1174,319,276,1
2026-09-18,7,10060,0,2,73_1,1,257,257,257,0
2026-09-18,7,10060,0,3,128_1,2,432,248,184,0
2026-09-18,7,10060,0,4,114_5,1,5,5,5,0
2026-09-18,7,10060,0,7,6102_2,1,486,486,486,1
2026-09-18,7,10060,0,8,6069_2,1,479,479,479,1
2026-09-18,7,10060,0,9,6057_2,2,1008,553,455,2
2026-09-18,7,10060,0,10,9_5,3,1511,551,431,3
2026-09-18,7,10060,0,11,6241_2,3,1805,649,529,3
2026-09-18,7,10060,0,12,6143_2,3,1715,619,499,3
2026-09-18,7,10060,0,13,6166_2,3,1706,616,496,3
2026-09-18,7,10060,0,14,446_4,1,458,458,458,1
2026-09-18,7,10060,0,15,6161_2,1,464,464,464,1
2026-09-18,7,10060,1,1,6015_1,1,0,0,0,0
2026-09-18,7,10060,1,2,6249_1,1,40,40,40,0
2026-09-18,7,10060,1,3,6248_1,2,88,49,39,0
2026-09-18,7,10060,1,4,6067_1,2,16,16,0,0
2026-09-18,7,10060,1,5,6172_1,2,36,26,10,0
2026-09-18,7,10060,1,6,6017_1,2,42,29,13,0
2026-09-18,7,10060,1,9,6205_1,1,84,84,84,0
2026-09-18,7,10060,1,10,6212_1,1,79,79,79,0
2026-09-18,7,10060,1,11,6013_1,2,156,90,66,0
2026-09-18,7,10060,1,12,94_2,3,147,67,28,0
2026-09-18,7,10060,1,13,95_1,3,141,65,26,0
2026-09-18,7,10060,1,14,6228_1,3,216,90,51,0
2026-09-18,7,10060,1,15,243_1,3,219,91,52,0
2026-09-18,7,10060,1,16,6041_1,3,357,137,98,0
2026-09-18,7,10060,1,17,6162_1,3,243,99,60,0
2026-09-18,7,10060,1,18,6160_1,1,21,21,21,0
2026-09-18,7,10060,1,19,6001_1,1,4,4,4,0
2026-09-18,7,10060,1,20,6161_1,1,54,54,54,0
2026-09-18,7,10060,1,21,446_3,2,2,2,0,0
2026-09-18,7,10060,1,22,6166_1,3,32,14,6,0
2026-09-18,7,10060,1,23,6143_1,2,19,19,0,0
2026-09-18,7,10060,1,24,6241_1,3,176,172,0,0
2026-09-18,7,10060,1,25,9_2,3,328,168,0,0
2026-09-18,7,10060,1,26,8_3,3,717,245,235,0
2026-09-18,7,10060,1,27,6_1,4,929,259,170,0
2026-09-18,7,10060,1,28,902_1,4,849,239,150,0
2026-09-18,7,10060,1,29,5_1,4,805,228,139,0
2026-09-18,7,10060,1,30,4_1,1,189,189,189,0
2026-09-18,7,10060,1,31,6059_1,1,259,259,259,0
2026-09-18,7,10060,1,32,3_1,2,437,238,199,0
2026-09-18,7,10060,1,33,73_1,2,347,193,154,0
2026-09-18,7,10060,1,34,128_1,2,329,184,145,0
2026-09-18,7,10060,1,35,114_5,2,5,5,0,0
2026-09-18,7,10062,0,2,7841_4,1,412,412,412,1
2026-09-18,7,10062,0,3,6170_2,2,842,439,403,2
2026-09-18,7,10062,0,4,6902_2,3,1211,431,385,3
2026-09-18,7,10062,0,5,6006_2,3,1313,465,419,3
2026-09-18,7,10062,0,6,6229_2,3,1388,490,444,3
2026-09-18,7,10062,0,7,6074_2,3,1337,473,427,3
2026-09-18,7,10062,0,8,6169_2,3,1232,438,392,3
2026-09-18,7,10062,0,9,6263_2,2,812,411,401,2
2026-09-18,7,10062,1,4,6134_1,1,39,39,39,0
2026-09-18,7,10062,1,5,6196_1,1,102,102,102,0
2026-09-18,7,10062,1,6,6263_1,1,91,91,91,0
2026-09-18,7,10062,1,7,6169_1,2,20,20,0,0
2026-09-18,7,10062,1,8,6405_1,2,114,67,47,0
2026-09-18,7,10062,1,9,6074_1,3,202,82,58,0
2026-09-18,7,10062,1,10,6229_1,4,321,87,75,0
2026-09-18,7,10062,1,11,6006_1,4,446,121,101,0
2026-09-18,7,10062,1,12,6902_1,4,688,185,160,0
2026-09-18,7,10062,1,13,6170_1,4,685,180,162,0
2026-09-18,7,10068,0,10,418_1,1,258,258,258,0
2026-09-18,7,10068,0,11,440_1,2,500,266,234,0
2026-09-18,7,10068,0,12,6236_1,3,1040,372,328,3
2026-09-18,7,10068,0,13,6109_1,4,1114,316,242,1
2026-09-18,7,10068,0,26,210_2,2,521,269,252,0
2026-09-18,7,10068,0,27,211_2,2,521,269,252,0
2026-09-18,7,10068,0,28,212_2,3,739,269,218,0
2026-09-18,7,10068,0,29,615_2,3,769,279,228,0
2026-09-18,7,10068,0,30,7213_2,4,1337,388,288,3
2026-09-18,7,10068,0,31,214_2,4,1337,388,288,3
2026-09-18,7,10068,0,32,215_2,3,949,339,288,2
2026-09-18,7,10068,1,10,752_1,1,284,284,284,0
2026-09-18,7,10068,1,11,216_1,1,322,322,322,1
2026-09-18,7,10068,1,12,215_1,2,607,305,302,2
2026-09-18,7,10068,1,13,214_1,3,916,315,299,2
2026-09-18,7,10068,1,14,7213_1,3,922,317,301,3
2026-09-18,7,10068,1,15,615_1,4,1543,411,371,4
2026-09-18,7,10068,1,16,212_1,4,1335,359,319,4
2026-09-18,7,10068,1,17,211_1,4,1527,407,367,4
2026-09-18,7,10068,1,18,210_1,4,1267,342,302,4
2026-09-18,7,10068,1,29,251_1,1,0,0,0,0
2026-09-18,7,10068,1,30,152_2,1,4,4,4,0
2026-09-18,7,10068,1,31,151_1,1,56,56,56,0
2026-09-18,7,10068,1,32,150_1,2,73,47,26,0
2026-09-18,7,10068,1,33,252_1,3,327,122,92,0
2026-09-18,7,10068,1,34,186_1,3,37,23,0,0
2026-09-18,7,10068,1,35,253_1,1,0,0,0,0
2026-09-18,7,10070,0,5,3_3,1,24,24,24,0
2026-09-18,7,10070,0,6,4_3,2,23,21,2,0
2026-09-18,7,10070,0,7,254_2,3,249,122,54,0
2026-09-18,7,10070,0,8,53_3,4,275,109,41,0
2026-09-18,7,10070,0,9,253_2,4,423,146,78,0
2026-09-18,7,10070,0,10,186_2,3,298,109,85,0
2026-09-18,7,10072,0,5,55_4,1,130,130,130,0
2026-09-18,7,10072,0,6,69_2,2,341,211,130,0
2026-09-18,7,10072,0,7,68_2,2,341,211,130,0
2026-09-18,7,10072,0,8,67_2,3,357,151,70,0
2026-09-18,7,10072,0,9,65_2,3,357,151,70,0
2026-09-18,7,10075,1,1,421_3,1,0,0,0,0
2026-09-18,7,10075,1,2,422_2,2,47,24,23,0
2026-09-18,7,10075,1,3,7217_1,1,0,0,0,0
2026-09-18,7,10075,1,4,752_1,1,44,44,44,0
2026-09-18,7,10075,1,17,255_1,1,144,144,144,0
2026-09-18,7,10075,1,18,204_1,1,161,161,161,0
2026-09-18,7,10075,1,19,65_1,2,175,120,55,0
2026-09-18,7,10075,1,20,67_1,2,227,146,81,0
2026-09-18,7,10075,1,21,68_1,3,514,221,114,0
2026-09-18,7,10075,1,22,69_1,3,164,103,0,0
2026-09-18,7,10075,1,25,57_1,1,136,136,136,0
2026-09-18,7,10075,1,26,59_1,2,332,210,122,0
2026-09-18,7,10075,1,27,61_2,3,190,104,16,0
2026-09-18,7,10080,1,8,424_1,1,247,247,247,0
2026-09-18,7,10080,1,9,423_1,1,171,171,171,0
2026-09-18,7,10080,1,10,422_1,2,415,243,172,0
2026-09-18,7,10080,1,11,421_3,3,570,239,130,0
2026-09-18,7,10081,0,1,421_3,1,19,19,19,0
2026-09-18,7,10081,0,2,422_2,1,42,42,42,0
2026-09-18,7,10081,0,3,423_2,1,78,78,78,0
2026-09-18,8,10032,1,15,6256_1,1,131,131,131,0
2026-09-18,8,10032,1,16,6255_1,4,188,76,30,0
2026-09-18,8,10032,1,17,6064_2,4,348,116,70,0
2026-09-18,8,10032,1,18,6242_2,4,296,103,57,0
2026-09-18,8,10032,1,19,94_4,4,176,73,27,0
2026-09-18,8,10032,1,20,93_2,4,216,83,37,0
2026-09-18,8,10032,1,21,6016_2,4,332,112,66,0
2026-09-18,8,10032,1,22,91_4,4,332,112,66,0
2026-09-18,8,10032,1,23,6016_1,4,632,202,126,0
2026-09-18,8,10032,1,24,93_1,4,709,224,144,0
2026-09-18,8,10032,1,25,94_2,4,640,180,144,0
2026-09-18,8,10032,1,26,95_1,4,632,178,142,0
2026-09-18,8,10032,1,27,6228_1,4,732,203,167,0
2026-09-18,8,10032,1,28,243_1,4,736,204,168,0
2026-09-18,8,10032,1,29,6041_1,4,920,250,214,0
2026-09-18,8,10032,1,30,6162_1,4,768,212,176,0
2026-09-18,8,10032,1,31,6160_1,4,769,210,174,0
2026-09-18,8,10032,1,32,6001_1,4,716,198,162,0
2026-09-18,8,10032,1,33,6161_1,4,841,227,187,0
2026-09-18,8,10032,1,34,446_3,4,772,217,160,0
2026-09-18,8,10032,1,35,6166_1,4,796,229,172,0
2026-09-18,8,10032,1,36,6143_1,4,738,210,153,0
2026-09-18,8,10032,1,37,6241_1,4,689,204,140,0
2026-09-18,8,10032,1,38,9_2,4,623,192,128,0
2026-09-18,8,10032,1,39,6057_1,4,747,223,159,0
2026-09-18,8,10032,1,40,6069_1,4,731,219,155,0
2026-09-18,8,10032,1,41,6102_1,4,779,231,167,0
2026-09-18,8,10032,1,42,6070_2,4,579,181,117,0
2026-09-18,8,10032,1,43,393_1,4,867,253,189,0
2026-09-18,8,10032,1,44,114_1,4,551,174,110,0
2026-09-18,8,10032,1,45,114_3,4,675,205,141,0
2026-09-18,8,10032,1,46,3_1,4,799,236,172,0
2026-09-18,8,10032,1,47,73_1,4,562,191,108,0
2026-09-18,8,10032,1,48,72_2,4,622,206,123,0
2026-09-18,8,10032,1,49,55_1,4,662,216,133,0
2026-09-18,8,10032,1,50,56_1,4,674,219,136,0
2026-09-18,8,10032,1,51,57_1,4,711,246,111,0
2026-09-18,8,10032,1,52,59_1,4,657,232,97,0
2026-09-18,8,10033,1,4,6405_1,1,136,136,136,0
2026-09-18,8,10033,1,5,6074_1,1,141,141,141,0
2026-09-18,8,10033,1,6,6401_1,1,93,93,93,0
2026-09-18,8,10033,1,7,6400_1,1,124,124,124,0
2026-09-18,8,10033,1,8,6033_2,1,137,137,137,0
2026-09-18,8,10033,1,9,6211_2,1,128,128,128,0
2026-09-18,8,10033,1,10,6170_1,1,138,138,138,0
2026-09-18,8,10033,1,11,7841_2,1,195,195,195,0
2026-09-18,8,10033,1,12,91_3,1,15,15,15,0
2026-09-18,8,10043,0,9,6149_1,2,26,26,0,0
2026-09-18,8,10043,0,10,6149_9,2,17,17,0,0
2026-09-18,8,10047,0,10,114_4,4,2270,612,527,4
2026-09-18,8,10047,0,11,393_2,4,2294,618,533,4
2026-09-18,8,10047,0,12,6070_3,4,2330,627,542,4
2026-09-18,8,10047,0,13,6102_2,3,1801,624,574,3
2026-09-18,8,10047,0,14,6069_2,4,2362,610,567,4
2026-09-18,8,10047,0,15,6057_2,4,2278,586,543,4
2026-09-18,8,10047,0,16,9_5,4,2184,562,519,4
2026-09-18,8,10047,0,17,6241_2,4,2576,660,617,4
2026-09-18,8,10047,0,18,6143_2,4,2456,630,587,4
2026-09-18,8,10047,0,19,6166_2,4,2444,627,584,4
2026-09-18,8,10047,0,20,446_4,4,2292,589,546,4
2026-09-18,8,10047,0,21,6161_2,4,2316,595,552,4
2026-09-18,8,10047,0,22,6001_2,4,2456,630,587,4
2026-09-18,8,10047,0,23,6160_2,4,2376,610,567,4
2026-09-18,8,10047,0,24,6162_2,4,2316,595,552,4
2026-09-18,8,10047,0,25,6041_2,4,2464,632,589,4
2026-09-18,8,10047,0,26,243_2,4,2432,624,581,4
2026-09-18,8,10047,0,27,6228_2,4,2444,627,584,4
2026-09-18,8,10047,0,28,95_2,4,2292,589,546,4
2026-09-18,8,10047,0,29,94_3,4,2428,623,580,4
2026-09-18,8,10047,0,30,6242_1,4,2428,623,580,4
2026-09-18,8,10047,0,31,6064_1,4,2305,593,548,4
2026-09-18,8,10047,0,32,6255_2,4,2405,621,576,4
2026-09-18,8,10047,0,33,6256_2,4,2433,628,583,4
2026-09-18,8,10047,0,34,6094_2,4,2337,604,559,4
2026-09-18,8,10047,0,35,6244_2,4,2265,586,541,4
2026-09-18,8,10047,0,36,6257_2,4,2221,575,530,4
2026-09-18,8,10047,0,37,6240_2,4,2321,600,555,4
2026-09-18,8,10047,0,38,6258_2,4,2249,582,537,4
2026-09-18,8,10047,0,39,6225_2,4,2165,561,516,4
2026-09-18,8,10047,0,40,6181_2,4,2085,541,496,4
2026-09-18,8,10047,0,41,6246_2,4,2193,568,523,4
2026-09-18,8,10047,0,42,6206_2,4,2269,587,542,4
2026-09-18,8,10047,0,43,6176_2,4,2289,592,547,4
2026-09-18,8,10047,0,44,6200_3,4,2437,629,584,4
2026-09-18,8,10047,0,45,6042_2,4,2285,591,546,4
2026-09-18,8,10047,0,46,6031_2,4,2185,566,521,4
2026-09-18,8,10047,0,47,6039_1,4,1907,495,456,4
2026-09-18,8,10047,1,36,6070_2,2,218,122,96,0
2026-09-18,8,10047,1,37,393_1,3,472,194,110,0
2026-09-18,8,10047,1,38,114_1,3,235,115,31,0
2026-09-18,8,10047,1,39,114_3,3,328,146,62,0
2026-09-18,8,10047,1,40,3_1,3,421,177,93,0
2026-09-18,8,10047,1,41,73_1,4,335,132,48,0
2026-09-18,8,10047,1,42,72_2,4,395,147,63,0
2026-09-18,8,10047,1,43,55_1,4,435,157,73,0
2026-09-18,8,10047,1,44,56_1,4,447,160,76,0
2026-09-18,8,10047,1,45,57_1,4,484,187,32,0
2026-09-18,8,10047,1,46,59_1,4,430,173,18,0
2026-09-18,8,10047,1,47,61_1,3,135,80,0,0
2026-09-18,8,10049,0,13,6258_2,1,194,194,194,0
2026-09-18,8,10049,0,14,6225_2,4,557,173,120,0
2026-09-18,8,10049,0,15,6181_2,4,477,153,100,0
2026-09-18,8,10049,0,16,6246_2,4,585,180,127,0
2026-09-18,8,10049,0,17,6206_2,4,661,199,146,0
2026-09-18,8,10049,0,18,6176_2,4,681,204,151,0
2026-09-18,8,10049,0,19,6200_3,4,829,241,188,0
2026-09-18,8,10049,0,20,6042_2,4,677,203,150,0
2026-09-18,8,10049,0,21,6031_2,4,577,178,125,0
2026-09-18,8,10049,0,22,6039_1,4,299,107,54,0
2026-09-18,8,10049,1,5,6022_1,1,89,89,89,0
2026-09-18,8,10049,1,6,6040_1,1,89,89,89,0
2026-09-18,8,10049,1,7,6039_1,1,89,89,89,0
2026-09-18,8,10049,1,8,6031_1,1,166,166,166,0
2026-09-18,8,10049,1,9,6042_1,1,144,144,144,0
2026-09-18,8,10049,1,10,6200_1,1,139,139,139,0
2026-09-18,8,10049,1,11,6176_1,1,150,150,150,0
2026-09-18,8,10049,1,12,6206_1,1,147,147,147,0
2026-09-18,8,10049,1,13,6246_1,1,161,161,161,0
2026-09-18,8,10049,1,14,6181_1,1,137,137,137,0
2026-09-18,8,10049,1,15,6225_1,1,146,146,146,0
2026-09-18,8,10049,1,16,6258_1,1,137,137,137,0
2026-09-18,8,10049,1,17,6240_1,1,140,140,140,0
2026-09-18,8,10049,1,18,6257_1,1,169,169,169,0
2026-09-18,8,10049,1,19,6244_1,1,175,175,175,0
2026-09-18,8,10049,1,20,6094_1,1,167,167,167,0
2026-09-18,8,10049,1,21,6256_1,1,161,161,161,0
2026-09-18,8,10049,1,22,6255_1,1,106,106,106,0
2026-09-18,8,10049,1,23,6064_2,1,146,146,146,0
2026-09-18,8,10049,1,24,6242_2,1,133,133,133,0
2026-09-18,8,10049,1,25,94_4,1,103,103,103,0
2026-09-18,8,10049,1,26,93_2,1,113,113,113,0
2026-09-18,8,10049,1,27,6016_2,1,142,142,142,0
2026-09-18,8,10049,1,28,91_1,1,121,121,121,0
2026-09-18,8,10050,0,9,6018_2,1,248,248,248,0
2026-09-18,8,10050,0,10,6190_2,3,771,275,246,0
2026-09-18,8,10050,0,11,6171_2,3,690,248,219,0
2026-09-18,8,10050,0,12,6014_3,4,329,114,41,0
2026-09-18,8,10050,1,12,91_4,3,453,159,137,0
2026-09-18,8,10051,1,9,6205_1,1,72,72,72,0
2026-09-18,8,10051,1,10,6212_1,2,142,79,63,0
2026-09-18,8,10051,1,11,6013_1,3,191,79,50,0
2026-09-18,8,10051,1,12,93_2,3,455,167,138,0
2026-09-18,8,10051,1,13,6016_2,3,542,196,167,0
2026-09-18,8,10051,1,14,91_4,3,182,76,47,0
2026-09-18,8,10053,0,32,6188_1,4,964,278,196,0
2026-09-18,8,10053,0,33,6073_2,4,1204,338,256,2
2026-09-18,8,10053,0,34,6152_1,4,1204,338,256,2
2026-09-18,8,10053,0,35,6300_2,4,1204,338,256,2
2026-09-18,8,10053,0,36,6289_9,4,1204,338,256,2
2026-09-18,8,10053,0,37,6301_9,4,1204,338,256,2
2026-09-18,8,10053,0,38,6355_9,4,1204,338,256,2
2026-09-18,8,10053,0,39,6353_1,4,1204,338,256,2
2026-09-18,8,10053,0,40,6332_1,4,1204,338,256,2
2026-09-18,8,10053,0,41,6367_9,4,1204,338,256,2
2026-09-18,8,10053,0,42,6347_9,4,1204,338,256,2
2026-09-18,8,10053,0,43,6294_1,4,1204,338,256,2
2026-09-18,8,10053,0,44,6357_1,4,1204,338,256,2
2026-09-18,8,10053,0,45,6360_1,4,1204,338,256,2
2026-09-18,8,10053,0,46,6345_1,4,1204,338,256,2
2026-09-18,8,10053,0,47,6358_9,4,1244,348,266,3
2026-09-18,8,10053,0,48,6346_9,4,1244,348,266,3
2026-09-18,8,10053,0,49,6375_1,4,1284,358,276,3
2026-09-18,8,10053,0,50,6356_9,4,1284,358,276,3
2026-09-18,8,10053,0,51,6368_9,4,1284,358,276,3
2026-09-18,8,10053,0,52,6366_9,4,1284,358,276,3
2026-09-18,8,10053,0,53,6329_1,4,1284,358,276,3
2026-09-18,8,10053,0,54,6275_1,4,1284,358,276,3
2026-09-18,8,10053,0,55,6277_1,4,1284,358,276,3
2026-09-18,8,10053,0,56,6348_9,4,1284,358,276,3
2026-09-18,8,10053,0,57,6370_9,4,1284,358,276,3
2026-09-18,8,10053,0,58,6371_1,4,1284,358,276,3
2026-09-18,8,10053,0,59,6282_1,4,1284,358,276,3
2026-09-18,8,10053,0,60,6344_9,4,1284,358,276,3
2026-09-18,8,10053,0,61,6369_1,4,1284,358,276,3
2026-09-18,8,10053,0,62,6297_1,4,1284,358,276,3
2026-09-18,8,10053,0,63,6327_9,1,276,276,276,0
2026-09-18,8,10055,0,5,446_4,1,0,0,0,0
2026-09-18,8,10055,0,6,6158_2,1,9,9,9,0
2026-09-18,8,10055,0,7,447_2,1,0,0,0,0
2026-09-18,8,10055,0,8,448_2,1,10,10,10,0
2026-09-18,8,10055,0,9,14_3,1,24,24,24,0
2026-09-18,8,10055,0,10,15_2,1,8,8,8,0
2026-09-18,8,10055,0,11,16_2,1,16,16,16,0
2026-09-18,8,10055,0,12,17_2,1,21,21,21,0
2026-09-18,8,10055,0,13,18_2,1,36,36,36,0
2026-09-18,8,10055,0,14,44_2,1,15,15,15,0
2026-09-18,8,10055,0,15,43_2,1,14,14,14,0
2026-09-18,8,10055,0,16,42_2,1,29,29,29,0
2026-09-18,8,10055,0,17,21_2,1,21,21,21,0
2026-09-18,8,10055,0,18,40_2,1,19,19,19,0
2026-09-18,8,10055,0,19,39_2,1,31,31,31,0
2026-09-18,8,10055,0,20,7471_2,1,65,65,65,0
2026-09-18,8,10055,0,21,472_2,1,55,55,55,0
2026-09-18,8,10055,0,22,473_2,1,95,95,95,0
2026-09-18,8,10055,0,23,474_2,1,76,76,76,0
2026-09-18,8,10055,0,24,7475_3,2,17,17,0,0
2026-09-18,8,10055,0,25,6260_2,3,106,55,17,0
2026-09-18,8,10055,0,26,6263_2,3,220,93,55,0
2026-09-18,8,10055,0,27,6196_2,4,258,92,37,0
2026-09-18,8,10055,0,28,6134_2,4,294,101,46,0
2026-09-18,8,10055,0,29,6106_2,4,398,127,72,0
2026-09-18,8,10055,0,30,6290_1,4,398,127,72,0
2026-09-18,8,10055,0,31,6020_9,4,398,127,72,0
2026-09-18,8,10055,0,32,6019_1,3,33,25,0,0
2026-09-18,8,10055,0,33,6148_2,3,81,33,20,0
2026-09-18,8,10055,0,34,6036_2,3,220,79,70,0
2026-09-18,8,10055,0,35,6150_2,3,166,62,50,0
2026-09-18,8,10055,0,36,6122_9,3,145,55,43,0
2026-09-18,8,10055,0,37,6147_2,3,142,54,42,0
2026-09-18,8,10055,0,38,6145_1,3,142,54,42,0
2026-09-18,8,10055,0,39,6144_1,3,118,46,34,0
2026-09-18,8,10055,0,40,6149_1,3,76,32,20,0
2026-09-18,8,10055,0,41,6149_9,3,49,23,11,0
2026-09-18,8,10060,0,4,114_5,1,69,69,69,0
2026-09-18,8,10060,0,5,393_2,2,214,139,75,0
2026-09-18,8,10060,0,6,6070_3,2,232,148,84,0
2026-09-18,8,10060,0,7,6102_2,2,354,209,145,0
2026-09-18,8,10060,0,8,6069_2,2,326,195,131,0
2026-09-18,8,10060,0,9,6057_2,2,290,171,119,0
2026-09-18,8,10060,0,10,9_5,2,244,147,97,0
2026-09-18,8,10060,0,11,6241_2,2,440,245,195,0
2026-09-18,8,10060,0,12,6143_2,2,380,215,165,0
2026-09-18,8,10060,0,13,6166_2,2,374,212,162,0
2026-09-18,8,10060,0,14,446_4,4,1432,578,124,2
2026-09-18,8,10060,0,15,6161_2,4,1456,584,130,2
2026-09-18,8,10060,0,16,6001_2,5,2095,619,165,3
2026-09-18,8,10060,0,17,6160_2,5,1995,599,145,3
2026-09-18,8,10060,0,18,6162_2,5,1920,584,130,3
2026-09-18,8,10060,0,19,6041_2,5,2105,621,167,3
2026-09-18,8,10060,0,20,243_2,5,2065,613,159,3
2026-09-18,8,10060,0,21,6228_2,5,2080,616,162,3
2026-09-18,8,10060,0,22,95_2,5,1890,578,124,3
2026-09-18,8,10060,0,23,94_3,5,2060,612,158,3
2026-09-18,8,10060,0,24,6013_2,5,1995,599,145,3
2026-09-18,8,10060,0,25,6212_2,5,2015,603,149,3
2026-09-18,8,10060,0,26,6205_2,6,2625,628,174,4
2026-09-18,8,10060,0,27,6187_3,6,2693,642,188,4
2026-09-18,8,10060,0,28,6011_4,6,3069,716,262,5
2026-09-18,8,10060,0,29,6017_2,6,3125,724,270,5
2026-09-18,8,10060,0,30,6172_2,6,3043,723,269,5
2026-09-18,8,10060,0,31,6067_2,6,3481,796,342,6
2026-09-18,8,10060,0,32,6248_2,6,3433,788,334,6
2026-09-18,8,10060,0,33,6249_2,6,3373,778,324,6
2026-09-18,8,10060,0,34,6015_2,6,2707,667,213,4
2026-09-18,8,10060,1,7,6011_1,2,30,23,7,0
2026-09-18,8,10060,1,8,6187_2,2,118,67,51,0
2026-09-18,8,10060,1,9,6205_1,2,128,72,56,0
2026-09-18,8,10060,1,10,6212_1,2,142,79,63,0
2026-09-18,8,10060,1,11,6013_1,2,141,79,62,0
2026-09-18,8,10060,1,12,94_2,2,65,41,24,0
2026-09-18,8,10060,1,13,95_1,2,61,39,22,0
2026-09-18,8,10060,1,14,6228_1,2,111,64,47,0
2026-09-18,8,10060,1,15,243_1,2,113,65,48,0
2026-09-18,8,10060,1,16,6041_1,2,205,111,94,0
2026-09-18,8,10060,1,17,6162_1,2,129,73,56,0
2026-09-18,8,10060,1,18,6160_1,5,371,97,54,0
2026-09-18,8,10060,1,19,6001_1,5,306,85,42,0
2026-09-18,8,10060,1,20,6161_1,5,456,110,67,0
2026-09-18,8,10060,1,21,446_3,5,389,112,33,0
2026-09-18,8,10060,1,22,6166_1,6,525,118,45,0
2026-09-18,8,10060,1,23,6143_1,6,447,108,26,0
2026-09-18,8,10060,1,24,6241_1,6,368,93,13,0
2026-09-18,8,10060,1,25,9_2,6,260,72,1,0
2026-09-18,8,10060,1,26,8_3,8,672,141,9,0
2026-09-18,8,10060,1,27,6_1,8,784,155,23,0
2026-09-18,8,10060,1,28,902_1,8,624,135,3,0
2026-09-18,8,10060,1,29,5_1,8,544,124,0,0
2026-09-18,8,10060,1,30,4_1,12,2074,288,60,0
2026-09-18,8,10060,1,31,6059_1,13,3448,392,164,4
2026-09-18,8,10060,1,32,3_1,13,2668,332,104,2
2026-09-18,8,10060,1,33,73_1,13,1855,287,2,0
2026-09-18,8,10060,1,34,128_1,13,1745,278,0,0
2026-09-18,8,10060,1,35,114_5,13,1067,219,0,0
2026-09-18,8,10062,0,9,6263_2,1,447,447,447,1
2026-09-18,8,10062,0,10,6196_2,3,1222,429,393,3
2026-09-18,8,10062,0,11,6134_2,3,1249,438,402,3
2026-09-18,8,10062,0,12,6106_2,3,1327,464,428,3
2026-09-18,8,10062,0,13,6290_1,3,1327,464,428,3
2026-09-18,8,10062,0,14,6020_9,3,1327,464,428,3
2026-09-18,8,10062,0,15,6019_1,3,1021,362,326,3
2026-09-18,8,10062,1,14,7841_2,4,913,237,219,0
2026-09-18,8,10062,1,15,91_2,4,577,153,135,0
2026-09-18,8,10068,0,32,215_2,1,388,388,388,1
2026-09-18,8,10068,0,33,216_2,4,1533,437,337,4
2026-09-18,8,10068,0,34,752_2,4,1673,472,372,4
2026-09-18,8,10068,0,35,7217_2,4,1633,462,362,4
2026-09-18,8,10068,0,36,422_1,4,1661,469,369,4
2026-09-18,8,10068,0,37,421_1,4,1905,530,430,4
2026-09-18,8,10068,0,38,6163_1,4,1945,540,440,4
2026-09-18,8,10068,0,39,419_1,4,1933,537,437,4
2026-09-18,8,10068,0,40,418_1,4,2251,611,511,4
2026-09-18,8,10068,0,41,440_1,4,2267,611,511,4
2026-09-18,8,10068,0,42,6236_1,4,2671,698,617,4
2026-09-18,8,10068,0,43,6109_1,4,2447,642,561,4
2026-09-18,8,10068,1,19,6023_3,4,1427,382,342,4
2026-09-18,8,10068,1,20,7717_1,4,1279,345,305,4
2026-09-18,8,10068,1,21,765_1,4,1551,413,373,4
2026-09-18,8,10068,1,22,610_1,4,1223,331,291,2
2026-09-18,8,10068,1,23,609_1,4,1235,334,294,2
2026-09-18,8,10068,1,24,608_1,4,1459,390,350,4
2026-09-18,8,10068,1,25,607_1,4,1375,369,329,4
2026-09-18,8,10068,1,26,606_1,4,1383,371,331,4
2026-09-18,8,10068,1,27,249_1,4,1031,283,243,0
2026-09-18,8,10068,1,28,250_1,4,1071,293,253,0
2026-09-18,8,10068,1,29,251_1,4,967,272,212,0
2026-09-18,8,10068,1,30,152_2,4,959,268,216,0
2026-09-18,8,10068,1,31,151_1,4,1159,316,268,1
2026-09-18,8,10068,1,32,150_1,4,1102,306,259,1
2026-09-18,8,10068,1,33,252_1,4,1366,372,325,4
2026-09-18,8,10068,1,34,186_1,4,970,273,226,0
2026-09-18,8,10068,1,35,253_1,4,874,249,202,0
2026-09-18,8,10068,1,36,53_1,5,949,264,15,0
2026-09-18,8,10068,1,37,254_1,5,1019,278,29,0
2026-09-18,8,10068,1,38,4_4,5,1104,295,46,0
2026-09-18,8,10068,1,39,6059_1,5,1004,275,26,0
2026-09-18,8,10068,1,40,3_1,5,1004,275,26,0
2026-09-18,8,10068,1,41,73_1,5,741,198,0,0
2026-09-18,8,10068,1,42,128_1,5,705,189,0,0
2026-09-18,8,10068,1,43,114_5,5,229,70,0,0
2026-09-18,8,10070,0,10,186_2,1,153,153,153,0
2026-09-18,8,10070,0,11,252_2,4,787,237,169,0
2026-09-18,8,10070,0,12,150_2,4,751,228,160,0
2026-09-18,8,10070,0,13,151_2,4,759,230,162,0
2026-09-18,8,10070,0,14,152_3,4,535,174,106,0
2026-09-18,8,10070,0,15,251_2,4,499,165,97,0
2026-09-18,8,10070,0,16,250_2,4,431,148,80,0
2026-09-18,8,10070,0,17,249_2,4,435,149,81,0
2026-09-18,8,10070,0,18,606_2,4,555,179,111,0
2026-09-18,8,10070,0,19,607_2,4,679,210,142,0
2026-09-18,8,10070,0,20,608_2,4,619,195,127,0
2026-09-18,8,10070,0,21,609_2,4,499,165,97,0
2026-09-18,8,10070,0,22,610_2,4,479,160,92,0
2026-09-18,8,10070,0,23,765_2,4,647,202,134,0
2026-09-18,8,10070,0,24,7717_2,4,495,164,96,0
2026-09-18,8,10070,0,25,6023_1,4,739,225,157,0
2026-09-18,8,10070,0,26,210_2,4,696,212,140,0
2026-09-18,8,10070,0,27,211_2,4,614,176,127,0
2026-09-18,8,10070,0,28,212_2,4,664,177,140,0
2026-09-18,8,10070,0,29,615_2,4,748,231,150,0
2026-09-18,8,10070,0,30,7213_2,4,988,291,210,0
2026-09-18,8,10070,0,31,214_2,4,988,291,210,0
2026-09-18,8,10070,0,32,215_2,4,988,291,210,0
2026-09-18,8,10070,0,33,216_2,4,1184,340,259,1
2026-09-18,8,10070,0,34,752_2,4,1324,375,294,3
2026-09-18,8,10070,0,35,7217_2,4,1284,365,284,3
2026-09-18,8,10070,0,36,422_1,4,1312,372,291,3
2026-09-18,8,10070,0,37,421_3,4,1365,371,309,4
2026-09-18,8,10072,0,10,204_2,3,357,151,70,0
2026-09-18,8,10072,0,11,255_2,3,357,151,70,0
2026-09-18,8,10072,0,12,205_2,3,177,91,10,0
2026-09-18,8,10072,0,13,206_2,3,177,91,10,0
2026-09-18,8,10072,0,14,863_3,3,357,151,70,0
2026-09-18,8,10072,0,15,209_2,3,357,151,70,0
2026-09-18,8,10072,0,16,210_2,3,357,151,70,0
2026-09-18,8,10072,0,17,211_2,4,426,151,70,0
2026-09-18,8,10072,0,18,212_2,4,476,151,70,0
2026-09-18,8,10072,0,19,615_2,4,560,199,80,0
2026-09-18,8,10072,0,20,7213_2,4,800,259,140,0
2026-09-18,8,10072,0,21,214_2,4,800,259,140,0
2026-09-18,8,10072,0,22,215_2,4,800,259,140,0
2026-09-18,8,10072,0,23,216_2,4,996,308,189,1
2026-09-18,8,10072,0,24,752_2,4,1136,343,224,2
2026-09-18,8,10072,0,25,7217_2,4,1096,333,214,1
2026-09-18,8,10072,0,26,422_1,4,1124,340,221,2
2026-09-18,8,10072,0,27,421_1,4,1368,401,282,3
2026-09-18,8,10072,0,28,6163_1,4,1408,411,292,3
2026-09-18,8,10072,0,29,419_1,4,1396,408,289,3
2026-09-18,8,10072,0,30,418_1,4,1714,482,385,4
2026-09-18,8,10072,0,31,440_1,4,1730,482,393,4
2026-09-18,8,10072,0,32,6236_1,4,2134,568,499,4
2026-09-18,8,10072,0,33,6109_1,4,1910,512,443,4
2026-09-18,8,10075,1,5,216_1,1,82,82,82,0
2026-09-18,8,10075,1,6,215_1,1,67,67,67,0
2026-09-18,8,10075,1,7,214_1,2,138,74,64,0
2026-09-18,8,10075,1,8,7213_1,2,146,80,66,0
2026-09-18,8,10075,1,9,615_1,2,286,150,136,0
2026-09-18,8,10075,1,10,212_1,2,182,98,84,0
2026-09-18,8,10075,1,11,211_1,2,278,146,132,0
2026-09-18,8,10075,1,12,210_1,2,148,81,67,0
2026-09-18,8,10075,1,13,209_1,2,234,124,110,0
2026-09-18,8,10075,1,14,863_1,2,132,73,59,0
2026-09-18,8,10075,1,15,206_1,2,162,88,74,0
2026-09-18,8,10075,1,16,205_1,2,114,64,50,0
2026-09-18,8,10075,1,17,255_1,2,184,99,85,0
2026-09-18,8,10075,1,18,204_1,2,82,48,34,0
2026-09-18,8,10075,1,19,65_1,2,81,81,0,0
2026-09-18,8,10075,1,20,67_1,2,145,119,26,0
2026-09-18,8,10075,1,21,68_1,2,211,152,59,0
2026-09-18,8,10075,1,22,69_1,2,34,34,0,0
2026-09-18,8,10075,1,23,55_1,5,308,125,22,0
2026-09-18,8,10075,1,24,56_1,5,323,128,25,0
2026-09-18,8,10075,1,25,57_1,5,387,155,42,0
2026-09-18,8,10075,1,26,59_1,6,359,142,28,0
2026-09-18,8,10075,1,27,61_2,4,91,80,0,0
2026-09-18,8,10081,0,4,424_2,1,82,82,82,0
2026-09-18,8,10081,0,5,425_1,1,181,181,181,0
2026-09-18,8,10081,0,6,426_2,1,171,171,171,0
2026-09-18,8,10081,0,7,6168_2,1,154,154,154,0
2026-09-18,8,10081,0,8,6112_2,1,163,163,163,0
2026-09-18,8,10081,0,9,6180_2,1,157,157,157,0
2026-09-18,8,10081,0,10,6035_2,1,157,157,157,0
2026-09-18,8,10081,0,11,6079_1,1,40,40,40,0
2026-09-18,9,10002,0,1,61_3,1,0,0,0,0
2026-09-18,9,10032,0,17,6241_2,1,470,470,470,1
2026-09-18,9,10032,0,18,6143_2,1,461,461,461,1
2026-09-18,9,10032,0,19,6166_2,2,863,439,424,2
2026-09-18,9,10032,0,20,446_4,2,791,403,388,2
2026-09-18,9,10032,0,21,6161_2,3,1147,404,364,3
2026-09-18,9,10032,0,22,6001_2,3,1234,433,393,3
2026-09-18,9,10032,0,23,6160_2,3,1174,413,373,3
2026-09-18,9,10032,1,8,6181_1,1,142,142,142,0
2026-09-18,9,10032,1,9,6225_1,1,124,124,124,0
2026-09-18,9,10032,1,10,6258_1,1,105,105,105,0
2026-09-18,9,10032,1,11,6240_1,2,218,120,98,0
2026-09-18,9,10032,1,12,6257_1,2,282,152,130,0
2026-09-18,9,10032,1,13,6244_1,3,480,184,137,0
2026-09-18,9,10032,1,14,6094_1,3,408,160,113,0
2026-09-18,9,10032,1,15,6256_1,1,114,114,114,0
2026-09-18,9,10032,1,48,72_2,1,604,604,604,1
2026-09-18,9,10032,1,53,61_1,4,230,139,2,0
2026-09-18,9,10033,0,10,6260_1,1,53,53,53,0
2026-09-18,9,10033,0,11,7475_1,1,0,0,0,0
2026-09-18,9,10033,1,11,7841_2,1,171,171,171,0
2026-09-18,9,10038,0,1,91_3,1,0,0,0,0
2026-09-18,9,10047,0,3,57_2,1,28,28,28,0
2026-09-18,9,10047,0,4,56_2,3,441,168,132,0
2026-09-18,9,10047,0,5,55_2,3,759,274,238,0
2026-09-18,9,10047,1,25,6160_1,1,229,229,229,0
2026-09-18,9,10047,1,26,6001_1,1,198,198,198,0
2026-09-18,9,10047,1,27,6161_1,2,476,261,215,0
2026-09-18,9,10047,1,28,446_3,3,618,226,180,0
2026-09-18,9,10047,1,29,6166_1,2,424,228,196,0
2026-09-18,9,10049,0,18,6176_2,1,86,86,86,0
2026-09-18,9,10049,0,19,6200_3,1,136,136,136,0
2026-09-18,9,10049,0,20,6042_2,1,104,104,104,0
2026-09-18,9,10049,0,21,6031_2,2,90,62,28,0
2026-09-18,9,10049,0,22,6039_1,2,4,4,0,0
2026-09-18,9,10051,0,6,6205_2,1,233,233,233,0
2026-09-18,9,10051,0,7,6187_3,1,240,240,240,0
2026-09-18,9,10051,0,8,6011_4,2,418,218,200,0
2026-09-18,9,10051,0,9,6017_2,2,472,245,227,0
2026-09-18,9,10051,0,10,6172_2,3,651,227,209,0
2026-09-18,9,10051,0,11,6067_2,3,855,295,277,0
2026-09-18,9,10051,1,9,6205_1,1,75,75,75,0
2026-09-18,9,10051,1,10,6212_1,1,95,95,95,0
2026-09-18,9,10051,1,11,6013_1,2,170,96,74,0
2026-09-18,9,10051,1,12,93_2,3,338,125,103,0
2026-09-18,9,10051,1,13,6016_2,3,311,116,94,0
2026-09-18,9,10053,0,63,6327_9,3,1008,358,312,3
2026-09-18,9,10053,0,64,6349_9,4,1284,358,276,3
2026-09-18,9,10053,0,65,6265_9,4,1324,368,286,3
2026-09-18,9,10053,0,66,6316_9,4,1324,368,286,3
2026-09-18,9,10053,0,67,6291_9,4,1324,368,286,3
2026-09-18,9,10053,0,68,6340_1,4,1324,368,286,3
2026-09-18,9,10053,0,69,6309_9,4,1324,368,286,3
2026-09-18,9,10053,0,70,6321_9,4,1324,368,286,3
2026-09-18,9,10053,0,71,6278_9,4,1324,368,286,3
2026-09-18,9,10053,0,72,6350_1,4,1324,368,286,3
2026-09-18,9,10053,1,9,6349_1,1,88,88,88,0
2026-09-18,9,10053,1,10,6327_1,2,210,122,88,0
2026-09-18,9,10053,1,11,6297_9,2,125,88,37,0
2026-09-18,9,10053,1,12,6369_9,1,37,37,37,0
2026-09-18,9,10054,1,1,6292_1,1,138,138,138,0
2026-09-18,9,10054,1,2,6271_1,2,468,275,193,0
2026-09-18,9,10054,1,3,6402_1,2,462,272,190,0
2026-09-18,9,10054,1,4,6403_1,3,999,371,273,2
2026-09-18,9,10054,1,5,6293_1,2,370,226,144,0
2026-09-18,9,10058,0,1,9_1,2,0,0,0,0
2026-09-18,9,10060,1,2,6249_1,1,44,44,44,0
2026-09-18,9,10060,1,3,6248_1,1,39,39,39,0
2026-09-18,9,10060,1,4,6067_1,2,17,16,1,0
2026-09-18,9,10060,1,5,6172_1,2,17,16,1,0
2026-09-18,9,10060,1,6,6017_1,3,87,38,23,0
2026-09-18,9,10060,1,12,94_2,1,173,173,173,0
2026-09-18,9,10060,1,13,95_1,1,169,169,169,0
2026-09-18,9,10060,1,14,6228_1,2,514,292,222,0
2026-09-18,9,10060,1,15,243_1,1,236,236,236,0
2026-09-18,9,10060,1,26,8_3,1,22,22,22,0
2026-09-18,9,10060,1,27,6_1,2,219,134,85,0
2026-09-18,9,10060,1,28,902_1,2,175,112,63,0
2026-09-18,9,10061,0,2,73_1,1,219,219,219,0
2026-09-18,9,10061,0,3,128_1,2,368,198,170,0
2026-09-18,9,10061,0,7,5_3,2,967,488,479,2
2026-09-18,9,10061,0,8,902_2,3,1551,530,506,3
2026-09-18,9,10061,0,9,6_2,3,2114,1079,508,3
2026-09-18,9,10061,0,10,8_1,2,2070,1044,1026,2
2026-09-18,9,10061,0,11,9_5,3,2730,917,899,3
2026-09-18,9,10061,0,12,6241_2,1,959,959,959,1
2026-09-18,9,10061,0,35,6015_2,1,161,161,161,0
2026-09-18,9,10064,0,8,6169_2,1,149,149,149,0
2026-09-18,9,10064,0,9,6263_2,2,320,161,159,0
2026-09-18,9,10064,0,10,6196_2,2,268,135,133,0
2026-09-18,9,10064,0,11,6134_2,3,440,156,141,0
2026-09-18,9,10064,0,12,6106_2,3,458,162,147,0
2026-09-18,9,10064,1,12,6196_1,1,85,85,85,0
2026-09-18,9,10064,1,13,6263_1,1,117,117,117,0
2026-09-18,9,10064,1,14,6169_1,2,101,79,22,0
2026-09-18,9,10064,1,15,6405_1,2,125,91,34,0
2026-09-18,9,10064,1,16,6074_1,3,210,99,42,0
2026-09-18,9,10064,1,17,6229_1,2,65,46,19,0
2026-09-18,9,10068,0,8,53_3,1,471,471,471,1
2026-09-18,9,10068,0,9,253_2,1,476,476,476,1
2026-09-18,9,10068,0,10,186_2,2,879,446,433,2
2026-09-18,9,10068,0,24,7717_2,1,856,856,856,1
2026-09-18,9,10068,0,25,6023_1,2,2012,1026,986,2
2026-09-18,9,10068,0,26,210_2,1,943,943,943,1
2026-09-18,9,10068,0,43,6109_1,1,1168,1168,1168,1
2026-09-18,9,10068,1,1,6109_1,1,0,0,0,0
2026-09-18,9,10068,1,2,6236_2,2,46,46,0,0
2026-09-18,9,10068,1,16,212_1,1,431,431,431,1
2026-09-18,9,10068,1,17,211_1,2,978,499,479,2
2026-09-18,9,10068,1,36,53_1,1,411,411,411,1
2026-09-18,9,10068,1,37,254_1,1,464,464,464,1
2026-09-18,9,10068,1,38,4_4,2,783,421,362,2
2026-09-18,9,10068,1,39,6059_1,2,624,318,306,2
2026-09-18,9,10072,0,2,59_4,1,3,3,3,0
2026-09-18,9,10072,0,3,57_2,1,0,0,0,0
2026-09-18,9,10072,0,14,863_3,1,172,172,172,0
2026-09-18,9,10072,0,15,209_2,1,150,150,150,0
2026-09-18,9,10072,1,8,422_2,1,20,20,20,0
2026-09-18,9,10072,1,9,7217_1,2,40,29,11,0
2026-09-18,9,10072,1,10,752_1,3,51,32,5,0
2026-09-18,9,10075,1,19,65_1,1,394,394,394,1
2026-09-18,9,10082,0,6,426_2,1,162,162,162,0
2026-09-18,9,10082,0,7,427_1,2,311,162,149,0
2026-09-18,9,10082,0,8,428_1,3,532,221,149,0
2026-09-18,9,10082,0,9,427_2,2,311,162,149,0
2026-09-18,10,10002,0,2,59_2,2,33,24,9,0
2026-09-18,10,10002,0,3,534_1,2,3,3,0,0
2026-09-18,10,10002,0,4,256_1,2,101,52,49,0
2026-09-18,10,10002,0,5,910_1,2,123,63,60,0
2026-09-18,10,10002,0,6,122_2,2,83,43,40,0
2026-09-18,10,10002,0,7,123_2,2,191,97,94,0
2026-09-18,10,10002,0,8,124_2,2,369,186,183,0
2026-09-18,10,10002,0,9,125_2,2,515,259,256,0
2026-09-18,10,10002,0,10,126_2,2,495,249,246,0
2026-09-18,10,10002,0,11,127_2,2,423,213,210,0
2026-09-18,10,10002,0,12,203_2,2,373,188,185,0
2026-09-18,10,10002,0,13,113_4,2,477,240,237,0
2026-09-18,10,10002,0,14,905_3,2,477,240,237,0
2026-09-18,10,10002,0,15,456_2,2,477,240,237,0
2026-09-18,10,10002,0,16,455_2,2,477,240,237,0
2026-09-18,10,10002,0,17,699_1,2,377,190,187,0
2026-09-18,10,10002,0,18,454_2,2,377,190,187,0
2026-09-18,10,10002,0,19,453_2,2,497,250,247,0
2026-09-18,10,10002,0,20,75_3,2,277,140,137,0
2026-09-18,10,10002,0,21,906_2,2,177,90,87,0
2026-09-18,10,10002,0,22,452_2,1,0,0,0,0
2026-09-18,10,10002,0,23,451_2,1,0,0,0,0
2026-09-18,10,10002,0,24,445_3,1,0,0,0,0
2026-09-18,10,10002,0,25,446_2,1,0,0,0,0
2026-09-18,10,10032,0,24,6162_2,4,1540,413,366,4
2026-09-18,10,10032,0,25,6041_2,4,1656,442,395,4
2026-09-18,10,10032,0,26,243_2,4,1560,418,371,4
2026-09-18,10,10032,0,27,6228_2,4,1520,408,361,4
2026-09-18,10,10032,0,28,95_2,4,1316,357,310,4
2026-09-18,10,10032,0,29,94_3,4,1524,409,362,4
2026-09-18,10,10032,0,30,93_2,4,1508,405,358,4
2026-09-18,10,10032,0,31,6016_2,4,1472,396,349,4
2026-09-18,10,10032,0,32,91_1,4,924,259,212,0
2026-09-18,10,10032,0,33,6016_1,4,1108,305,258,1
2026-09-18,10,10032,0,34,93_1,4,1200,328,281,2
2026-09-18,10,10032,0,35,94_1,4,1328,360,313,4
2026-09-18,10,10032,0,36,6242_1,4,1276,347,300,4
2026-09-18,10,10032,0,37,6064_1,4,1204,329,282,2
2026-09-18,10,10032,0,38,6255_2,4,1420,383,336,4
2026-09-18,10,10032,0,39,6256_2,4,1456,392,345,4
2026-09-18,10,10032,0,40,6094_2,4,1384,374,327,4
2026-09-18,10,10032,0,41,6244_2,4,1240,338,291,2
2026-09-18,10,10032,0,42,6257_2,4,1160,318,271,1
2026-09-18,10,10032,0,43,6240_2,4,1252,341,294,3
2026-09-18,10,10032,0,44,6258_2,4,1320,358,311,4
2026-09-18,10,10032,0,45,6225_2,4,1272,346,299,3
2026-09-18,10,10032,0,46,6181_2,4,1204,329,282,2
2026-09-18,10,10032,0,47,6246_2,4,1268,345,298,3
2026-09-18,10,10032,0,48,6206_2,4,1228,335,288,2
2026-09-18,10,10032,0,49,6176_2,4,1218,333,286,2
2026-09-18,10,10032,0,50,6200_3,4,1340,357,310,4
2026-09-18,10,10032,0,51,6042_2,4,1221,328,281,3
2026-09-18,10,10032,0,52,6031_2,4,1063,291,244,0
2026-09-18,10,10032,0,53,6039_1,4,805,220,173,0
2026-09-18,10,10032,1,15,6256_1,3,456,161,136,0
2026-09-18,10,10032,1,16,6255_1,4,382,114,67,0
2026-09-18,10,10032,1,17,6064_2,4,702,194,147,0
2026-09-18,10,10032,1,18,6242_2,4,702,194,147,0
2026-09-18,10,10032,1,19,94_4,4,898,243,196,0
2026-09-18,10,10032,1,20,93_2,4,974,262,215,0
2026-09-18,10,10032,1,21,6016_2,4,938,253,206,0
2026-09-18,10,10032,1,22,91_4,4,126,50,3,0
2026-09-18,10,10032,1,23,6016_1,4,422,124,77,0
2026-09-18,10,10032,1,24,93_1,4,514,147,100,0
2026-09-18,10,10032,1,25,94_2,4,494,142,95,0
2026-09-18,10,10032,1,26,95_1,4,454,126,91,0
2026-09-18,10,10032,1,27,6228_1,4,641,179,144,0
2026-09-18,10,10032,1,28,243_1,4,697,193,158,0
2026-09-18,10,10032,1,29,6041_1,4,857,233,198,0
2026-09-18,10,10032,1,30,6162_1,4,753,207,172,0
2026-09-18,10,10032,1,31,6160_1,4,826,222,195,0
2026-09-18,10,10032,1,32,6001_1,4,684,185,158,0
2026-09-18,10,10032,1,33,6161_1,4,887,237,208,0
2026-09-18,10,10032,1,34,446_3,4,744,202,172,0
2026-09-18,10,10032,1,35,6166_1,4,793,218,173,0
2026-09-18,10,10032,1,36,6143_1,4,829,227,182,0
2026-09-18,10,10032,1,37,6241_1,4,853,233,188,0
2026-09-18,10,10032,1,38,9_2,4,517,149,104,0
2026-09-18,10,10032,1,39,6057_1,4,505,146,101,0
2026-09-18,10,10032,1,40,6069_1,4,525,151,106,0
2026-09-18,10,10032,1,41,6102_1,4,733,203,158,0
2026-09-18,10,10032,1,42,6070_2,4,505,146,101,0
2026-09-18,10,10032,1,43,393_1,4,465,136,91,0
2026-09-18,10,10032,1,44,114_1,4,301,95,50,0
2026-09-18,10,10032,1,45,114_3,4,621,175,130,0
2026-09-18,10,10032,1,46,3_1,4,1641,430,385,4
2026-09-18,10,10032,1,47,73_1,4,1422,383,326,4
2026-09-18,10,10032,1,48,72_2,4,1620,484,324,4
2026-09-18,10,10032,1,49,55_1,5,2559,669,323,5
2026-09-18,10,10032,1,50,56_1,5,2742,671,325,5
2026-09-18,10,10032,1,51,57_1,4,2473,685,563,4
2026-09-18,10,10032,1,52,59_1,4,2477,686,564,4
2026-09-18,10,10032,1,53,61_1,4,1737,501,379,4
2026-09-18,10,10033,1,12,91_3,1,0,0,0,0
2026-09-18,10,10038,0,2,7475_1,2,0,0,0,0
2026-09-18,10,10047,0,5,55_2,1,303,303,303,1
2026-09-18,10,10047,0,6,72_1,4,1050,300,235,1
2026-09-18,10,10047,0,7,73_2,4,1082,308,243,1
2026-09-18,10,10047,0,8,73_3,4,1122,318,253,1
2026-09-18,10,10047,0,9,3_2,4,1342,373,308,4
2026-09-18,10,10047,0,10,114_4,4,990,285,220,0
2026-09-18,10,10047,0,11,393_2,4,1198,337,272,2
2026-09-18,10,10047,0,12,6070_3,4,1178,332,267,2
2026-09-18,10,10047,0,13,6102_2,4,1082,308,243,1
2026-09-18,10,10047,0,14,6069_2,4,1054,301,236,1
2026-09-18,10,10047,0,15,6057_2,4,906,264,199,0
2026-09-18,10,10047,0,16,9_5,4,954,276,211,0
2026-09-18,10,10047,0,17,6241_2,4,1218,344,279,2
2026-09-18,10,10047,0,18,6143_2,3,914,336,271,2
2026-09-18,10,10047,0,19,6166_2,3,861,328,234,1
2026-09-18,10,10047,0,20,446_4,3,739,285,198,0
2026-09-18,10,10047,0,21,6161_2,3,655,249,174,0
2026-09-18,10,10047,0,22,6001_2,3,734,270,203,0
2026-09-18,10,10047,0,23,6160_2,3,661,241,183,0
2026-09-18,10,10047,0,24,6162_2,3,661,241,183,0
2026-09-18,10,10047,0,25,6041_2,3,748,270,212,0
2026-09-18,10,10047,0,26,243_2,3,676,246,188,0
2026-09-18,10,10047,0,27,6228_2,3,646,236,178,0
2026-09-18,10,10047,0,28,95_2,3,493,185,127,0
2026-09-18,10,10047,0,29,94_3,3,469,177,119,0
2026-09-18,10,10047,0,30,6242_1,3,457,173,115,0
2026-09-18,10,10047,0,31,6064_1,3,403,155,97,0
2026-09-18,10,10047,0,32,6255_2,3,565,209,151,0
2026-09-18,10,10047,0,33,6256_2,3,592,218,160,0
2026-09-18,10,10047,0,34,6094_2,3,538,200,142,0
2026-09-18,10,10047,0,35,6244_2,3,430,164,106,0
2026-09-18,10,10047,0,36,6257_2,3,370,144,86,0
2026-09-18,10,10047,0,37,6240_2,3,439,167,109,0
2026-09-18,10,10047,0,38,6258_2,3,490,184,126,0
2026-09-18,10,10047,0,39,6225_2,3,454,172,114,0
2026-09-18,10,10047,0,40,6181_2,3,403,155,97,0
2026-09-18,10,10047,0,41,6246_2,3,451,171,113,0
2026-09-18,10,10047,0,42,6206_2,3,421,161,103,0
2026-09-18,10,10047,0,43,6176_2,4,514,159,99,0
2026-09-18,10,10047,0,44,6200_3,4,636,183,125,0
2026-09-18,10,10047,0,45,6042_2,4,517,154,96,0
2026-09-18,10,10047,0,46,6031_2,4,359,117,54,0
2026-09-18,10,10047,0,47,6039_1,4,105,46,0,0
2026-09-18,10,10047,1,29,6166_1,1,242,242,242,0
2026-09-18,10,10047,1,30,6143_1,4,916,251,205,0
2026-09-18,10,10047,1,31,6241_1,4,940,257,211,0
2026-09-18,10,10047,1,32,9_2,4,604,173,127,0
2026-09-18,10,10047,1,33,6057_1,4,592,170,124,0
2026-09-18,10,10047,1,34,6069_1,4,612,175,129,0
2026-09-18,10,10047,1,35,6102_1,4,820,227,181,0
2026-09-18,10,10047,1,36,6070_2,4,592,170,124,0
2026-09-18,10,10047,1,37,393_1,4,552,160,114,0
2026-09-18,10,10047,1,38,114_1,4,388,119,73,0
2026-09-18,10,10047,1,39,114_3,4,708,199,153,0
2026-09-18,10,10047,1,40,3_1,4,1728,454,408,4
2026-09-18,10,10047,1,41,73_1,4,1509,412,349,4
2026-09-18,10,10047,1,42,72_2,4,1707,513,365,4
2026-09-18,10,10047,1,43,55_1,4,1694,491,364,4
2026-09-18,10,10047,1,44,56_1,4,1702,493,366,4
2026-09-18,10,10047,1,45,57_1,4,1758,507,380,4
2026-09-18,10,10047,1,46,59_1,4,1762,508,381,4
2026-09-18,10,10047,1,47,61_1,4,1022,323,196,1
2026-09-18,10,10050,0,1,91_4,1,0,0,0,0
2026-09-18,10,10050,0,2,6016_1,1,74,74,74,0
2026-09-18,10,10050,0,3,93_1,1,97,97,97,0
2026-09-18,10,10050,0,4,6013_2,1,98,98,98,0
2026-09-18,10,10050,0,5,6212_2,1,137,137,137,0
2026-09-18,10,10050,0,6,6205_2,1,156,156,156,0
2026-09-18,10,10050,0,7,6187_3,1,148,148,148,0
2026-09-18,10,10050,0,8,6011_2,1,161,161,161,0
2026-09-18,10,10050,0,9,6018_2,1,191,191,191,0
2026-09-18,10,10050,0,10,6190_2,1,237,237,237,0
2026-09-18,10,10050,0,11,6171_2,1,209,209,209,0
2026-09-18,10,10050,0,12,6014_3,1,89,89,89,0
2026-09-18,10,10051,0,12,6248_2,4,1140,298,276,0
2026-09-18,10,10051,0,13,6249_2,4,1084,284,262,0
2026-09-18,10,10051,0,14,6015_2,4,619,170,145,0
2026-09-18,10,10051,1,14,91_4,1,0,0,0,0
2026-09-18,10,10053,1,11,6297_9,1,122,122,122,0
2026-09-18,10,10053,1,12,6369_9,2,210,122,88,0
2026-09-18,10,10053,1,13,6344_1,4,311,122,37,0
2026-09-18,10,10053,1,14,6282_9,4,311,122,37,0
2026-09-18,10,10053,1,15,6371_9,4,311,122,37,0
2026-09-18,10,10053,1,16,6370_1,4,311,122,37,0
2026-09-18,10,10053,1,17,6348_1,4,311,122,37,0
2026-09-18,10,10053,1,18,6277_9,4,311,122,37,0
2026-09-18,10,10053,1,19,6275_9,4,311,122,37,0
2026-09-18,10,10053,1,20,6329_9,4,311,122,37,0
2026-09-18,10,10053,1,21,6366_1,4,311,122,37,0
2026-09-18,10,10053,1,22,6368_1,4,311,122,37,0
2026-09-18,10,10053,1,23,6356_1,4,311,122,37,0
2026-09-18,10,10053,1,24,6375_9,4,311,122,37,0
2026-09-18,10,10053,1,25,6346_1,4,311,122,37,0
2026-09-18,10,10053,1,26,6358_1,4,311,122,37,0
2026-09-18,10,10053,1,27,6345_9,4,351,132,47,0
2026-09-18,10,10053,1,28,6360_9,4,351,132,47,0
2026-09-18,10,10053,1,29,6357_9,4,351,132,47,0
2026-09-18,10,10053,1,30,6294_9,4,351,132,47,0
2026-09-18,10,10053,1,31,6347_1,4,351,132,47,0
2026-09-18,10,10053,1,32,6367_1,4,351,132,47,0
2026-09-18,10,10053,1,33,6332_9,4,351,132,47,0
2026-09-18,10,10053,1,34,6353_9,4,351,132,47,0
2026-09-18,10,10053,1,35,6355_1,4,351,132,47,0
2026-09-18,10,10053,1,36,6301_1,4,351,132,47,0
2026-09-18,10,10053,1,37,6289_1,4,515,173,88,0
2026-09-18,10,10053,1,38,6300_1,4,319,124,39,0
2026-09-18,10,10053,1,39,6152_9,4,487,166,81,0
2026-09-18,10,10053,1,40,6073_1,4,607,196,111,0
2026-09-18,10,10053,1,41,6188_9,4,679,214,129,0
2026-09-18,10,10053,1,42,6043_1,3,558,211,160,0
2026-09-18,10,10054,1,5,6293_1,1,242,242,242,0
2026-09-18,10,10058,0,1,9_1,1,0,0,0,0
2026-09-18,10,10058,0,2,478_2,3,0,0,0,0
2026-09-18,10,10058,0,3,589_2,3,0,0,0,0
2026-09-18,10,10058,0,4,708_2,3,0,0,0,0
2026-09-18,10,10058,0,5,38_3,3,0,0,0,0
2026-09-18,10,10058,0,6,7471_2,3,0,0,0,0
2026-09-18,10,10058,0,7,472_2,3,0,0,0,0
2026-09-18,10,10058,0,8,473_2,3,0,0,0,0
2026-09-18,10,10058,0,9,474_2,3,0,0,0,0
2026-09-18,10,10058,0,10,7475_2,3,0,0,0,0
2026-09-18,10,10059,0,2,7841_4,1,28,28,28,0
2026-09-18,10,10059,0,3,6170_2,1,52,52,52,0
2026-09-18,10,10059,0,4,6902_2,1,71,71,71,0
2026-09-18,10,10059,0,5,6006_2,1,110,110,110,0
2026-09-18,10,10059,0,6,6229_2,1,114,114,114,0
2026-09-18,10,10059,0,7,6074_2,1,100,100,100,0
2026-09-18,10,10059,0,8,6169_2,1,59,59,59,0
2026-09-18,10,10059,0,9,6260_1,1,102,102,102,0
2026-09-18,10,10059,0,10,7475_1,1,0,0,0,0
2026-09-18,10,10059,1,1,7475_1,1,0,0,0,0
2026-09-18,10,10059,1,2,6260_2,1,68,68,68,0
2026-09-18,10,10059,1,3,6169_1,1,89,89,89,0
2026-09-18,10,10059,1,4,6405_1,1,110,110,110,0
2026-09-18,10,10059,1,5,6074_1,1,122,122,122,0
2026-09-18,10,10059,1,6,6229_1,1,122,122,122,0
2026-09-18,10,10059,1,7,6006_1,1,144,144,144,0
2026-09-18,10,10059,1,8,6902_1,1,187,187,187,0
2026-09-18,10,10059,1,9,6170_1,1,207,207,207,0
2026-09-18,10,10059,1,10,7841_2,1,261,261,261,0
2026-09-18,10,10059,1,11,91_3,1,141,141,141,0
2026-09-18,10,10060,1,7,6011_1,4,106,41,10,0
2026-09-18,10,10060,1,8,6187_2,4,258,79,48,0
2026-09-18,10,10060,1,9,6205_1,4,252,76,42,0
2026-09-18,10,10060,1,10,6212_1,4,323,96,59,0
2026-09-18,10,10060,1,11,6013_1,4,335,97,64,0
2026-09-18,10,10060,1,12,94_2,4,183,81,17,0
2026-09-18,10,10060,1,13,95_1,4,143,65,13,0
2026-09-18,10,10060,1,14,6228_1,4,330,118,66,0
2026-09-18,10,10060,1,15,243_1,6,970,306,80,1
2026-09-18,10,10060,1,16,6041_1,7,1486,346,120,2
2026-09-18,10,10060,1,17,6162_1,7,1304,320,94,1
2026-09-18,10,10060,1,18,6160_1,8,1700,335,109,2
2026-09-18,10,10060,1,19,6001_1,8,1416,298,72,0
2026-09-18,10,10060,1,20,6161_1,8,1822,350,108,3
2026-09-18,10,10060,1,21,446_3,8,1536,315,73,1
2026-09-18,10,10060,1,22,6166_1,8,1634,331,89,1
2026-09-18,10,10060,1,23,6143_1,8,1706,340,98,2
2026-09-18,10,10060,1,24,6241_1,8,1754,346,104,3
2026-09-18,10,10060,1,25,9_2,8,1082,262,20,0
2026-09-18,10,10060,1,26,8_3,8,907,257,0,0
2026-09-18,10,10060,1,27,6_1,8,1375,320,63,1
2026-09-18,10,10060,1,28,902_1,8,1201,298,41,0
2026-09-18,10,10060,1,29,5_1,11,1236,278,21,0
2026-09-18,10,10060,1,30,4_1,11,1841,333,76,1
2026-09-18,10,10060,1,31,6059_1,11,2886,428,171,4
2026-09-18,10,10060,1,32,3_1,11,2886,428,171,4
2026-09-18,10,10060,1,33,73_1,10,1965,369,112,2
2026-09-18,10,10060,1,34,128_1,12,2668,451,91,2
2026-09-18,10,10060,1,35,114_5,12,1254,330,0,1
2026-09-18,10,10061,0,4,114_5,3,205,188,0,0
2026-09-18,10,10061,0,5,3_3,3,1012,457,269,1
2026-09-18,10,10061,0,6,4_5,3,823,394,206,1
2026-09-18,10,10061,0,7,5_3,4,1276,463,265,1
2026-09-18,10,10061,0,8,902_2,4,1383,489,292,3
2026-09-18,10,10061,0,9,6_2,5,1933,542,302,5
2026-09-18,10,10061,0,10,8_1,8,3028,482,249,5
2026-09-18,10,10061,0,11,9_5,8,2066,355,122,5
2026-09-18,10,10061,0,12,6241_2,11,5574,1013,182,8
2026-09-18,10,10061,0,13,6143_2,12,6434,1005,173,9
2026-09-18,10,10061,0,14,6166_2,12,6164,997,136,9
2026-09-18,10,10061,0,15,446_4,12,5690,954,100,9
2026-09-18,10,10061,0,16,6161_2,12,5366,918,76,7
2026-09-18,10,10061,0,17,6001_2,12,5690,939,105,9
2026-09-18,10,10061,0,18,6160_2,12,5411,908,85,7
2026-09-18,10,10061,0,19,6162_2,12,5411,908,85,7
2026-09-18,10,10061,0,20,6041_2,12,5759,937,114,9
2026-09-18,10,10061,0,21,243_2,12,5471,913,90,7
2026-09-18,10,10061,0,22,6228_2,12,5351,903,80,7
2026-09-18,10,10061,0,23,95_2,12,4739,852,29,4
2026-09-18,10,10061,0,24,94_3,12,4883,904,21,4
2026-09-18,10,10061,0,25,6013_2,12,4565,877,0,4
2026-09-18,10,10061,0,26,6212_2,12,5033,916,39,4
2026-09-18,10,10061,0,27,6205_2,12,5267,935,60,5
2026-09-18,10,10061,0,28,6187_3,12,5216,927,55,5
2026-09-18,10,10061,0,29,6011_4,12,5048,921,33,5
2026-09-18,10,10061,0,30,6017_2,12,5294,935,60,5
2026-09-18,10,10061,0,31,6172_2,12,5102,923,42,4
2026-09-18,10,10061,0,32,6067_2,12,5141,925,50,5
2026-09-18,10,10061,0,33,6248_2,12,5177,928,53,5
2026-09-18,10,10061,0,34,6249_2,12,5009,914,39,4
2026-09-18,10,10061,0,35,6015_2,11,4355,857,0,4
2026-09-18,10,10064,0,13,6020_9,4,607,176,138,0
2026-09-18,10,10064,0,14,6019_1,4,307,101,63,0
2026-09-18,10,10064,0,15,6073_2,4,121,58,6,0
2026-09-18,10,10064,0,16,6152_1,4,129,60,8,0
2026-09-18,10,10064,0,17,6300_2,3,29,26,0,0
2026-09-18,10,10064,0,18,6289_9,2,3,3,0,0
2026-09-18,10,10064,0,19,6301_9,2,3,3,0,0
2026-09-18,10,10064,1,17,6229_1,1,76,76,76,0
2026-09-18,10,10064,1,18,6006_1,4,309,102,41,0
2026-09-18,10,10064,1,19,6902_1,4,481,145,84,0
2026-09-18,10,10064,1,20,6170_1,4,561,165,104,0
2026-09-18,10,10064,1,21,7841_2,3,562,219,158,0
2026-09-18,10,10064,1,22,91_2,1,0,0,0,0
2026-09-18,10,10068,0,11,252_2,3,1708,579,558,3
2026-09-18,10,10068,0,12,150_2,4,2089,535,513,4
2026-09-18,10,10068,0,13,151_2,4,2161,553,531,4
2026-09-18,10,10068,0,14,152_3,4,1881,483,461,4
2026-09-18,10,10068,0,15,251_2,4,1877,482,460,4
2026-09-18,10,10068,0,16,250_2,4,1853,476,454,4
2026-09-18,10,10068,0,17,249_2,4,1505,389,367,4
2026-09-18,10,10068,0,18,606_2,4,1493,386,364,4
2026-09-18,10,10068,0,19,607_2,4,1473,381,359,4
2026-09-18,10,10068,0,20,608_2,4,1341,348,326,4
2026-09-18,10,10068,0,21,609_2,4,1273,331,309,4
2026-09-18,10,10068,0,22,610_2,4,1281,333,311,4
2026-09-18,10,10068,0,23,765_2,4,1477,382,360,4
2026-09-18,10,10068,0,24,7717_2,4,1309,348,308,4
2026-09-18,10,10068,0,25,6023_1,4,1759,457,421,4
2026-09-18,10,10068,0,26,210_2,6,3551,984,379,6
2026-09-18,10,10068,0,27,211_2,7,4305,957,352,7
2026-09-18,10,10068,0,28,212_2,7,4445,977,372,7
2026-09-18,10,10068,0,29,615_2,7,4942,1048,443,7
2026-09-18,10,10068,0,30,7213_2,7,4452,978,373,7
2026-09-18,10,10068,0,31,214_2,7,3612,858,253,3
2026-09-18,10,10068,0,32,215_2,7,3570,852,247,3
2026-09-18,10,10068,0,33,216_2,7,3969,909,304,7
2026-09-18,10,10068,0,34,752_2,7,3724,874,269,5
2026-09-18,10,10068,0,35,7217_2,7,3682,868,263,3
2026-09-18,10,10068,0,36,422_1,7,3962,908,303,7
2026-09-18,10,10068,0,37,421_1,7,3815,887,282,6
2026-09-18,10,10068,0,38,6163_1,7,3815,887,282,6
2026-09-18,10,10068,0,39,419_1,7,3836,890,285,6
2026-09-18,10,10068,0,40,418_1,7,4270,952,347,7
2026-09-18,10,10068,0,41,440_1,7,4564,994,389,7
2026-09-18,10,10068,0,42,6236_1,7,4942,1048,443,7
2026-09-18,10,10068,0,43,6109_1,7,4347,963,358,7
2026-09-18,10,10068,1,2,6236_2,1,63,63,63,0
2026-09-18,10,10068,1,3,440_2,4,183,69,6,0
2026-09-18,10,10068,1,4,418_2,4,359,113,50,0
2026-09-18,10,10068,1,5,419_2,4,319,103,40,0
2026-09-18,10,10068,1,6,6163_2,4,303,99,36,0
2026-09-18,10,10068,1,7,421_2,4,423,129,66,0
2026-09-18,10,10068,1,8,422_2,4,239,79,16,0
2026-09-18,10,10068,1,9,7217_1,4,265,87,25,0
2026-09-18,10,10068,1,10,752_1,4,278,90,28,0
2026-09-18,10,10068,1,11,216_1,4,286,92,30,0
2026-09-18,10,10068,1,12,215_1,4,426,127,65,0
2026-09-18,10,10068,1,13,214_1,4,458,135,73,0
2026-09-18,10,10068,1,14,7213_1,4,534,154,92,0
2026-09-18,10,10068,1,15,615_1,4,818,225,163,0
2026-09-18,10,10068,1,16,212_1,4,696,193,135,0
2026-09-18,10,10068,1,17,211_1,4,912,253,183,0
2026-09-18,10,10068,1,18,210_1,7,2922,594,256,6
2026-09-18,10,10068,1,19,6023_3,8,3974,652,314,8
2026-09-18,10,10068,1,20,7717_1,8,3710,619,281,7
2026-09-18,10,10068,1,21,765_1,8,3862,638,300,8
2026-09-18,10,10068,1,22,610_1,8,3214,557,219,4
2026-09-18,10,10068,1,23,609_1,8,3238,560,222,4
2026-09-18,10,10068,1,24,608_1,8,3734,622,284,7
2026-09-18,10,10068,1,25,607_1,8,3646,611,273,7
2026-09-18,10,10068,1,26,606_1,8,3590,604,266,7
2026-09-18,10,10068,1,27,249_1,8,3358,575,237,5
2026-09-18,10,10068,1,28,250_1,8,3206,556,218,4
2026-09-18,10,10068,1,29,251_1,8,3334,572,234,5
2026-09-18,10,10068,1,30,152_2,8,3494,592,254,7
2026-09-18,10,10068,1,31,151_1,8,3838,635,297,7
2026-09-18,10,10068,1,32,150_1,8,4150,674,336,8
2026-09-18,10,10068,1,33,252_1,8,5062,788,450,8
2026-09-18,10,10068,1,34,186_1,8,4966,776,438,8
2026-09-18,10,10068,1,35,253_1,8,4598,730,392,8
2026-09-18,10,10068,1,36,53_1,8,4612,732,394,8
2026-09-18,10,10068,1,37,254_1,8,4700,742,391,8
2026-09-18,10,10068,1,38,4_4,8,4384,699,348,8
2026-09-18,10,10068,1,39,6059_1,6,3212,667,292,5
2026-09-18,10,10068,1,40,3_1,8,4400,727,366,8
2026-09-18,10,10068,1,41,73_1,8,3962,668,307,8
2026-09-18,10,10068,1,42,128_1,8,4126,813,286,6
2026-09-18,10,10068,1,43,114_5,7,1736,512,0,3
2026-09-18,10,10072,0,4,56_2,3,443,176,113,0
2026-09-18,10,10072,0,5,55_4,3,599,228,165,0
2026-09-18,10,10072,0,6,69_2,3,320,135,72,0
2026-09-18,10,10072,0,7,68_2,3,551,212,149,0
2026-09-18,10,10072,0,8,67_2,3,380,155,92,0
2026-09-18,10,10072,0,9,65_2,3,491,192,129,0
2026-09-18,10,10072,0,10,204_2,3,335,140,77,0
2026-09-18,10,10072,0,11,255_2,3,461,182,119,0
2026-09-18,10,10072,0,12,205_2,3,395,160,97,0
2026-09-18,10,10072,0,13,206_2,3,281,122,59,0
2026-09-18,10,10072,0,14,863_3,4,173,83,0,0
2026-09-18,10,10072,0,15,209_2,5,743,254,82,0
2026-09-18,10,10072,0,16,210_2,7,1206,279,107,0
2026-09-18,10,10072,0,17,211_2,7,1017,252,80,0
2026-09-18,10,10072,0,18,212_2,7,1157,272,100,0
2026-09-18,10,10072,0,19,615_2,7,1654,343,171,1
2026-09-18,10,10072,0,20,7213_2,7,1164,273,101,0
2026-09-18,10,10072,0,21,214_2,7,343,153,0,0
2026-09-18,10,10072,0,22,215_2,7,307,147,0,0
2026-09-18,10,10072,0,23,216_2,7,706,204,57,0
2026-09-18,10,10072,0,24,752_2,7,461,169,22,0
2026-09-18,10,10072,0,25,7217_2,7,419,163,16,0
2026-09-18,10,10072,0,26,422_1,7,699,203,56,0
2026-09-18,10,10072,0,27,421_1,7,552,182,35,0
2026-09-18,10,10072,0,28,6163_1,7,552,182,35,0
2026-09-18,10,10072,0,29,419_1,7,573,185,38,0
2026-09-18,10,10072,0,30,418_1,7,1007,247,100,0
2026-09-18,10,10072,0,31,440_1,7,1301,289,142,0
2026-09-18,10,10072,0,32,6236_1,7,1679,343,196,1
2026-09-18,10,10072,0,33,6109_1,7,1084,258,111,0
2026-09-18,10,10072,1,11,216_1,4,65,34,7,0
2026-09-18,10,10072,1,12,215_1,4,205,69,42,0
2026-09-18,10,10072,1,13,214_1,4,237,77,50,0
2026-09-18,10,10072,1,14,7213_1,4,313,96,69,0
2026-09-18,10,10072,1,15,615_1,4,597,167,140,0
2026-09-18,10,10072,1,16,212_1,4,475,129,112,0
2026-09-18,10,10072,1,17,211_1,4,691,177,169,0
2026-09-18,10,10072,1,18,210_1,4,983,250,242,0
2026-09-18,10,10072,1,19,209_1,4,1427,361,353,4
2026-09-18,10,10072,1,20,863_1,4,1183,300,292,1
2026-09-18,10,10072,1,21,206_1,4,1331,337,329,4
2026-09-18,10,10072,1,22,205_1,4,1355,343,335,4
2026-09-18,10,10072,1,23,255_1,4,1335,338,330,4
2026-09-18,10,10072,1,24,204_1,4,1259,319,311,4
2026-09-18,10,10072,1,25,65_1,4,1601,409,388,4
2026-09-18,10,10072,1,26,67_1,4,2069,526,505,4
2026-09-18,10,10072,1,27,68_1,4,2217,563,542,4
2026-09-18,10,10072,1,28,69_1,4,1865,475,454,4
2026-09-18,10,10072,1,29,55_1,4,2025,515,494,4
2026-09-18,10,10072,1,30,56_1,4,2033,517,496,4
2026-09-18,10,10072,1,31,57_1,4,2089,531,510,4
2026-09-18,10,10072,1,32,59_1,4,2093,532,511,4
2026-09-18,10,10072,1,33,61_2,4,1613,412,391,4
2026-09-18,10,10075,1,20,67_1,2,1055,544,511,2
2026-09-18,10,10075,1,21,68_1,2,1129,581,548,2
2026-09-18,10,10075,1,22,69_1,2,953,493,460,2
2026-09-18,10,10075,1,23,55_1,2,1033,533,500,2
2026-09-18,10,10075,1,24,56_1,2,1037,535,502,2
2026-09-18,10,10075,1,25,57_1,2,1065,549,516,2
2026-09-18,10,10075,1,26,59_1,2,1067,550,517,2
2026-09-18,10,10075,1,27,61_2,2,827,430,397,2
2026-09-18,10,10082,0,9,427_2,2,437,221,216,0
2026-09-18,10,10082,0,10,6168_2,4,748,221,149,0
2026-09-18,10,10082,0,11,6112_2,4,748,221,149,0
2026-09-18,10,10082,0,12,6180_2,4,822,236,149,0
2026-09-18,10,10082,0,13,6035_2,4,994,322,216,1
2026-09-18,10,10082,0,14,6079_1,4,736,236,135,0
2026-09-18,11,10032,1,49,55_1,2,910,462,448,2
2026-09-18,11,10032,1,50,56_1,3,1290,464,376,3
2026-09-18,11,10032,1,51,57_1,4,1671,478,339,4
2026-09-18,11,10032,1,52,59_1,4,1675,479,340,4
2026-09-18,11,10032,1,53,61_1,4,935,294,155,0
2026-09-18,11,10053,1,42,6043_1,1,245,245,245,0
2026-09-18,11,10053,1,43,6020_1,4,803,245,160,0
2026-09-18,11,10053,1,44,6106_1,4,895,268,183,0
2026-09-18,11,10053,1,45,6134_1,4,851,257,172,0
2026-09-18,11,10053,1,46,6196_1,4,985,290,205,0
2026-09-18,11,10053,1,47,6263_1,4,1026,293,208,0
2026-09-18,11,10053,1,48,6260_1,4,1026,293,208,0
2026-09-18,11,10053,1,49,7475_2,4,1026,293,208,0
2026-09-18,11,10053,1,50,474_1,4,1026,293,208,0
2026-09-18,11,10053,1,51,473_1,4,1026,293,208,0
2026-09-18,11,10053,1,52,472_1,4,1026,293,208,0
2026-09-18,11,10053,1,53,7471_1,4,1026,293,208,0
2026-09-18,11,10053,1,54,39_1,4,1026,293,208,0
2026-09-18,11,10053,1,55,40_1,4,1026,293,208,0
2026-09-18,11,10053,1,56,21_1,4,1026,293,208,0
2026-09-18,11,10053,1,57,42_1,4,1026,293,208,0
2026-09-18,11,10053,1,58,43_1,4,1026,293,208,0
2026-09-18,11,10053,1,59,44_1,4,1026,293,208,0
2026-09-18,11,10053,1,60,18_1,4,1026,293,208,0
2026-09-18,11,10053,1,61,17_1,4,1026,293,208,0
2026-09-18,11,10053,1,62,16_1,4,1026,293,208,0
2026-09-18,11,10053,1,63,15_1,4,1026,293,208,0
2026-09-18,11,10053,1,64,14_1,4,1026,293,208,0
2026-09-18,11,10053,1,65,448_1,4,1026,293,208,0
2026-09-18,11,10053,1,66,447_1,4,1026,293,208,0
2026-09-18,11,10053,1,67,6158_1,4,1066,303,218,2
2026-09-18,11,10053,1,68,446_3,4,1066,303,218,2
2026-09-18,11,10053,1,69,6166_1,4,1115,319,234,2
2026-09-18,11,10053,1,70,6143_1,4,1151,328,243,2
2026-09-18,11,10053,1,71,6241_1,4,1175,334,249,2
2026-09-18,11,10053,1,72,9_1,4,1175,334,249,2
2026-09-18,11,10068,1,39,6059_1,3,1155,399,369,3
2026-09-18,11,10068,1,40,3_1,4,1687,459,352,4
2026-09-18,11,10068,1,41,73_1,4,1468,417,293,3
2026-09-18,11,10068,1,42,128_1,4,1550,533,272,3
2026-09-18,11,10068,1,43,114_5,4,375,232,0,0
2026-09-18,14,10002,0,2,59_2,1,0,0,0,0
2026-09-18,14,10002,0,3,534_1,1,0,0,0,0
2026-09-18,14,10002,0,4,256_1,1,0,0,0,0
2026-09-18,14,10002,0,5,910_1,2,173,113,60,0
2026-09-18,14,10002,0,6,122_2,2,53,53,0,0
2026-09-18,14,10002,0,7,123_2,1,0,0,0,0
2026-09-18,14,10002,0,8,124_2,1,60,60,60,0
2026-09-18,14,10002,0,9,125_2,1,120,120,120,0
2026-09-18,14,10002,0,10,126_2,2,223,120,103,0
2026-09-18,14,10002,0,11,127_2,3,229,93,60,0
2026-09-18,14,10002,0,12,203_2,4,79,60,0,0
2026-09-18,14,10002,0,13,113_4,3,97,44,26,0
2026-09-18,14,10002,1,10,456_1,1,0,0,0,0
2026-09-18,14,10002,1,11,905_2,2,2,2,0,0
2026-09-18,14,10002,1,12,113_2,3,174,62,52,0
2026-09-18,14,10002,1,13,203_1,3,174,62,52,0
2026-09-18,14,10002,1,14,127_1,4,415,122,61,0
2026-09-18,14,10002,1,15,126_1,4,239,78,17,0
2026-09-18,14,10002,1,16,125_1,4,259,83,22,0
2026-09-18,14,10002,1,17,124_1,4,395,117,56,0
2026-09-18,14,10002,1,18,123_1,4,515,147,86,0
2026-09-18,14,10002,1,19,122_1,4,539,153,92,0
2026-09-18,14,10002,1,20,910_2,4,475,137,76,0
2026-09-18,14,10002,1,21,256_2,2,61,56,5,0
2026-09-18,14,10032,0,7,73_2,1,347,347,347,1
2026-09-18,14,10032,0,8,73_3,2,723,387,336,2
2026-09-18,14,10032,0,9,3_2,4,2298,629,507,4
2026-09-18,14,10032,0,10,114_4,4,1194,353,231,2
2026-09-18,14,10032,0,11,393_2,4,1202,355,233,2
2026-09-18,14,10032,0,12,6070_3,4,1202,355,233,2
2026-09-18,14,10032,0,13,6102_2,4,1094,328,206,2
2026-09-18,14,10032,0,14,6069_2,4,1094,328,206,2
2026-09-18,14,10032,0,15,6057_2,4,1014,308,186,1
2026-09-18,14,10032,0,16,9_5,4,990,302,180,1
2026-09-18,14,10032,0,17,6241_2,4,1281,368,273,2
2026-09-18,14,10032,0,18,6143_2,4,1241,360,261,2
2026-09-18,14,10032,0,19,6166_2,3,895,355,258,1
2026-09-18,14,10032,0,20,446_4,1,237,237,237,0
2026-09-18,14,10032,1,1,6039_1,1,0,0,0,0
2026-09-18,14,10032,1,2,6031_1,1,94,94,94,0
2026-09-18,14,10032,1,3,6042_1,1,59,59,59,0
2026-09-18,14,10032,1,4,6200_1,1,42,42,42,0
2026-09-18,14,10032,1,5,6176_1,1,42,42,42,0
2026-09-18,14,10032,1,6,6206_1,1,70,70,70,0
2026-09-18,14,10032,1,7,6246_1,1,148,148,148,0
2026-09-18,14,10032,1,8,6181_1,1,86,86,86,0
2026-09-18,14,10032,1,9,6225_1,1,85,85,85,0
2026-09-18,14,10032,1,10,6258_1,1,64,64,64,0
2026-09-18,14,10032,1,11,6240_1,1,61,61,61,0
2026-09-18,14,10032,1,12,6257_1,1,82,82,82,0
2026-09-18,14,10032,1,13,6244_1,1,76,76,76,0
2026-09-18,14,10032,1,14,6094_1,1,71,71,71,0
2026-09-18,14,10032,1,15,6256_1,1,72,72,72,0
2026-09-18,14,10032,1,42,6070_2,1,151,151,151,0
2026-09-18,14,10032,1,43,393_1,2,294,156,138,0
2026-09-18,14,10032,1,44,114_1,3,434,193,105,0
2026-09-18,14,10032,1,45,114_3,4,990,301,184,1
2026-09-18,14,10032,1,46,3_1,4,1602,454,337,4
2026-09-18,14,10032,1,47,73_1,4,1686,475,358,4
2026-09-18,14,10033,1,1,7475_1,1,8,8,8,0
2026-09-18,14,10033,1,2,6260_2,1,90,90,90,0
2026-09-18,14,10033,1,3,6169_1,1,134,134,134,0
2026-09-18,14,10033,1,4,6405_1,1,159,159,159,0
2026-09-18,14,10033,1,5,6074_1,1,153,153,153,0
2026-09-18,14,10033,1,6,6401_1,1,89,89,89,0
2026-09-18,14,10033,1,7,6400_1,1,90,90,90,0
2026-09-18,14,10033,1,8,6033_2,1,113,113,113,0
2026-09-18,14,10033,1,9,6211_2,1,86,86,86,0
2026-09-18,14,10033,1,10,6170_1,1,84,84,84,0
2026-09-18,14,10033,1,11,7841_2,1,134,134,134,0
2026-09-18,14,10035,0,16,6148_2,1,0,0,0,0
2026-09-18,14,10035,0,17,6036_2,1,10,10,10,0
2026-09-18,14,10035,0,18,6150_2,2,72,62,10,0
2026-09-18,14,10035,0,19,6122_9,2,72,62,10,0
2026-09-18,14,10035,0,20,6147_2,4,164,67,10,0
2026-09-18,14,10035,0,21,6145_1,4,164,67,10,0
2026-09-18,14,10035,0,22,6144_1,4,133,67,0,0
2026-09-18,14,10035,0,23,6149_1,3,129,67,0,0
2026-09-18,14,10035,0,24,6149_9,3,108,67,0,0
2026-09-18,14,10047,0,31,6064_1,1,115,115,115,0
2026-09-18,14,10047,0,32,6255_2,2,335,176,159,0
2026-09-18,14,10047,0,33,6256_2,3,585,202,185,0
2026-09-18,14,10047,0,34,6094_2,3,504,175,158,0
2026-09-18,14,10047,0,35,6244_2,3,393,138,121,0
2026-09-18,14,10047,0,36,6257_2,3,348,123,106,0
2026-09-18,14,10047,0,37,6240_2,3,450,157,140,0
2026-09-18,14,10047,0,38,6258_2,3,495,172,155,0
2026-09-18,14,10047,0,39,6225_2,3,432,151,134,0
2026-09-18,14,10047,0,40,6181_2,3,399,140,123,0
2026-09-18,14,10047,0,41,6246_2,3,474,165,148,0
2026-09-18,14,10047,0,42,6206_2,3,387,136,119,0
2026-09-18,14,10047,0,43,6176_2,3,366,129,112,0
2026-09-18,14,10047,0,44,6200_3,3,468,163,146,0
2026-09-18,14,10047,0,45,6042_2,3,360,127,110,0
2026-09-18,14,10047,0,46,6031_2,3,267,96,79,0
2026-09-18,14,10047,0,47,6039_1,3,108,43,26,0
2026-09-18,14,10047,1,13,6244_1,1,49,49,49,0
2026-09-18,14,10047,1,14,6094_1,1,26,26,26,0
2026-09-18,14,10047,1,15,6256_1,2,41,33,8,0
2026-09-18,14,10047,1,16,6255_1,3,63,43,0,0
2026-09-18,14,10047,1,17,6064_2,4,406,169,58,0
2026-09-18,14,10047,1,18,6242_2,4,454,181,70,0
2026-09-18,14,10047,1,19,94_2,4,382,163,52,0
2026-09-18,14,10047,1,20,95_1,4,302,141,38,0
2026-09-18,14,10047,1,21,6228_1,4,455,211,63,0
2026-09-18,14,10047,1,22,243_1,4,438,194,63,0
2026-09-18,14,10047,1,23,6041_1,4,546,212,93,0
2026-09-18,14,10047,1,24,6162_1,4,441,194,64,0
2026-09-18,14,10047,1,25,6160_1,4,461,199,69,0
2026-09-18,14,10047,1,26,6001_1,4,397,183,53,0
2026-09-18,14,10047,1,27,6161_1,4,637,243,113,0
2026-09-18,14,10047,1,28,446_3,4,445,195,65,0
2026-09-18,14,10047,1,29,6166_1,4,577,228,98,0
2026-09-18,14,10047,1,30,6143_1,3,313,129,86,0
2026-09-18,14,10047,1,31,6241_1,2,180,96,84,0
2026-09-18,14,10047,1,44,56_1,1,884,884,884,1
2026-09-18,14,10047,1,45,57_1,3,2809,948,917,3
2026-09-18,14,10047,1,46,59_1,4,3836,1027,917,4
2026-09-18,14,10047,1,47,61_1,4,3076,837,727,4
2026-09-18,14,10049,0,1,91_1,1,0,0,0,0
2026-09-18,14,10049,0,2,6016_1,1,26,26,26,0
2026-09-18,14,10049,0,3,93_1,2,54,30,24,0
2026-09-18,14,10049,0,4,94_1,3,185,77,51,0
2026-09-18,14,10049,0,5,6242_1,4,218,114,24,0
2026-09-18,14,10049,0,6,6064_1,4,399,162,61,0
2026-09-18,14,10049,0,7,6255_2,4,563,200,105,0
2026-09-18,14,10049,0,8,6256_2,4,674,233,131,0
2026-09-18,14,10049,0,9,6094_2,4,564,204,104,0
2026-09-18,14,10049,0,10,6244_2,4,413,164,67,0
2026-09-18,14,10049,0,11,6257_2,4,353,149,52,0
2026-09-18,14,10049,0,12,6240_2,4,489,183,86,0
2026-09-18,14,10049,0,13,6258_2,4,549,198,101,0
2026-09-18,14,10049,0,14,6225_2,4,465,177,80,0
2026-09-18,14,10049,0,15,6181_2,4,421,166,69,0
2026-09-18,14,10049,0,16,6246_2,4,521,191,94,0
2026-09-18,14,10049,0,17,6206_2,4,405,162,65,0
2026-09-18,14,10049,0,18,6176_2,4,377,155,58,0
2026-09-18,14,10049,0,19,6200_3,3,324,123,92,0
2026-09-18,14,10049,0,20,6042_2,3,216,87,56,0
2026-09-18,14,10049,0,21,6031_2,3,123,56,25,0
2026-09-18,14,10050,0,6,6205_2,1,70,70,70,0
2026-09-18,14,10050,0,7,6187_3,1,82,82,82,0
2026-09-18,14,10050,0,8,6011_2,2,220,131,89,0
2026-09-18,14,10050,0,9,6018_2,3,398,152,102,0
2026-09-18,14,10050,0,10,6190_2,3,494,184,134,0
2026-09-18,14,10050,0,11,6171_2,3,428,162,112,0
2026-09-18,14,10050,0,12,6014_3,4,103,42,0,0
2026-09-18,14,10050,1,6,6187_2,1,44,44,44,0
2026-09-18,14,10050,1,7,6205_1,1,50,50,50,0
2026-09-18,14,10050,1,8,6212_1,1,57,57,57,0
2026-09-18,14,10050,1,9,6013_1,2,49,49,0,0
2026-09-18,14,10050,1,10,93_2,2,205,127,78,0
2026-09-18,14,10050,1,11,6016_2,3,337,134,85,0
2026-09-18,14,10050,1,12,91_4,1,0,0,0,0
2026-09-18,14,10054,0,2,6402_9,1,39,39,39,0
2026-09-18,14,10054,0,3,6271_9,1,109,109,109,0
2026-09-18,14,10054,0,4,6292_1,2,49,49,0,0
2026-09-18,14,10054,1,1,6292_1,1,6,6,6,0
2026-09-18,14,10054,1,2,6271_1,1,74,74,74,0
2026-09-18,14,10054,1,3,6402_1,2,157,90,67,0
2026-09-18,14,10054,1,4,6403_1,2,307,165,142,0
2026-09-18,14,10054,1,5,6293_1,2,63,43,20,0
2026-09-18,14,10056,0,11,473_2,1,56,56,56,0
2026-09-18,14,10056,0,12,474_2,1,47,47,47,0
2026-09-18,14,10056,0,13,7475_3,3,98,48,3,0
2026-09-18,14,10056,0,14,6260_2,3,98,48,3,0
2026-09-18,14,10056,0,15,6263_2,4,130,48,3,0
2026-09-18,14,10056,0,16,6196_2,4,94,37,0,0
2026-09-18,14,10056,0,17,6134_2,4,118,43,6,0
2026-09-18,14,10056,0,18,6106_2,4,88,35,0,0
2026-09-18,14,10056,0,19,6020_9,4,88,35,0,0
2026-09-18,14,10056,0,20,6019_1,1,0,0,0,0
2026-09-18,14,10058,1,1,7475_2,1,0,0,0,0
2026-09-18,14,10058,1,2,474_1,1,0,0,0,0
2026-09-18,14,10058,1,3,473_1,1,0,0,0,0
2026-09-18,14,10058,1,4,472_1,1,0,0,0,0
2026-09-18,14,10058,1,5,7471_1,1,0,0,0,0
2026-09-18,14,10058,1,6,38_2,1,0,0,0,0
2026-09-18,14,10058,1,7,708_1,1,0,0,0,0
2026-09-18,14,10058,1,8,589_1,1,0,0,0,0
2026-09-18,14,10058,1,11,8_1,1,0,0,0,0
2026-09-18,14,10058,1,12,9_5,1,0,0,0,0
2026-09-18,14,10059,0,7,6074_2,1,151,151,151,0
2026-09-18,14,10059,0,8,6169_2,1,83,83,83,0
2026-09-18,14,10059,0,9,6260_1,2,252,156,96,0
2026-09-18,14,10059,0,10,7475_1,3,114,62,0,0
2026-09-18,14,10059,1,6,6229_1,1,166,166,166,0
2026-09-18,14,10059,1,7,6006_1,2,314,161,153,0
2026-09-18,14,10059,1,8,6902_1,3,671,241,211,0
2026-09-18,14,10059,1,9,6170_1,3,686,246,216,0
2026-09-18,14,10059,1,10,7841_2,4,1240,404,266,1
2026-09-18,14,10059,1,11,91_3,2,99,99,0,0
2026-09-18,14,10060,1,1,6015_1,1,3,3,3,0
2026-09-18,14,10060,1,2,6249_1,1,42,42,42,0
2026-09-18,14,10060,1,3,6248_1,2,86,56,30,0
2026-09-18,14,10060,1,4,6067_1,2,16,16,0,0
2026-09-18,14,10060,1,5,6172_1,3,57,33,4,0
2026-09-18,14,10060,1,6,6017_1,4,157,70,14,0
2026-09-18,14,10060,1,7,6011_1,4,277,100,44,0
2026-09-18,14,10060,1,8,6187_2,4,405,132,76,0
2026-09-18,14,10060,1,9,6205_1,4,360,115,75,0
2026-09-18,14,10060,1,10,6212_1,4,382,120,80,0
2026-09-18,14,10060,1,11,6013_1,4,393,155,72,0
2026-09-18,14,10060,1,12,94_2,5,322,144,7,0
2026-09-18,14,10060,1,13,95_1,5,235,122,0,0
2026-09-18,14,10060,1,14,6228_1,7,651,192,25,0
2026-09-18,14,10060,1,15,243_1,7,634,175,25,0
2026-09-18,14,10060,1,16,6041_1,7,832,193,55,0
2026-09-18,14,10060,1,17,6162_1,7,640,175,26,0
2026-09-18,14,10060,1,18,6160_1,7,660,165,31,0
2026-09-18,14,10060,1,19,6001_1,7,548,149,15,0
2026-09-18,14,10060,1,20,6161_1,4,644,209,97,0
2026-09-18,14,10060,1,21,446_3,4,452,161,49,0
2026-09-18,14,10060,1,22,6166_1,4,584,194,82,0
2026-09-18,14,10060,1,23,6143_1,4,536,182,70,0
2026-09-18,14,10060,1,24,6241_1,4,528,180,68,0
2026-09-18,14,10060,1,25,9_2,4,468,165,53,0
2026-09-18,14,10060,1,26,8_3,5,588,194,28,0
2026-09-18,14,10060,1,27,6_1,3,525,197,155,0
2026-09-18,14,10060,1,28,902_1,3,458,160,142,0
2026-09-18,14,10060,1,29,5_1,3,560,194,176,0
2026-09-18,14,10060,1,30,4_1,3,668,230,212,0
2026-09-18,14,10060,1,31,6059_1,3,815,279,261,0
2026-09-18,14,10060,1,32,3_1,3,815,279,261,0
2026-09-18,14,10060,1,33,73_1,3,878,300,282,1
2026-09-18,14,10060,1,34,128_1,2,682,350,332,2
2026-09-18,14,10061,0,2,73_1,1,418,418,418,1
2026-09-18,14,10061,0,3,128_1,2,977,491,486,2
2026-09-18,14,10061,0,4,114_5,3,870,304,267,1
2026-09-18,14,10061,0,5,3_3,3,1410,484,447,3
2026-09-18,14,10061,0,6,4_5,3,1425,489,452,3
2026-09-18,14,10061,0,7,5_3,3,1455,499,462,3
2026-09-18,14,10061,0,8,902_2,3,1452,498,461,3
2026-09-18,14,10061,0,9,6_2,3,1434,492,455,3
2026-09-18,14,10061,0,10,8_1,3,1257,433,396,3
2026-09-18,14,10061,0,11,9_5,1,266,266,266,0
2026-09-18,14,10061,0,12,6241_2,1,273,273,273,0
2026-09-18,14,10061,0,13,6143_2,2,470,261,209,0
2026-09-18,14,10061,0,14,6166_2,2,464,258,206,0
2026-09-18,14,10061,0,15,446_4,3,642,237,185,0
2026-09-18,14,10061,0,16,6161_2,3,630,233,181,0
2026-09-18,14,10061,0,17,6001_2,3,732,267,215,0
2026-09-18,14,10061,0,18,6160_2,3,681,250,198,0
2026-09-18,14,10061,0,19,6162_2,3,723,264,212,0
2026-09-18,14,10061,0,20,6041_2,3,789,286,234,0
2026-09-18,14,10061,0,21,243_2,3,783,284,232,0
2026-09-18,14,10061,0,22,6228_2,3,789,286,234,0
2026-09-18,14,10061,0,23,95_2,3,711,260,208,0
2026-09-18,14,10061,0,24,94_3,3,639,236,184,0
2026-09-18,14,10061,0,25,6013_2,3,639,236,184,0
2026-09-18,14,10061,0,26,6212_2,3,630,233,181,0
2026-09-18,14,10061,0,27,6205_2,3,748,265,230,0
2026-09-18,14,10061,0,28,6187_3,4,1153,361,246,1
2026-09-18,14,10061,0,29,6011_4,5,1747,429,293,3
2026-09-18,14,10061,0,30,6017_2,2,903,460,443,2
2026-09-18,14,10061,0,31,6172_2,3,1250,443,381,3
2026-09-18,14,10061,0,32,6067_2,3,1235,438,376,3
2026-09-18,14,10061,0,33,6248_2,4,1572,423,361,4
2026-09-18,14,10061,0,34,6249_2,4,1576,424,362,4
2026-09-18,14,10061,0,35,6015_2,4,1360,370,308,4
2026-09-18,14,10064,0,2,7841_4,1,75,75,75,0
2026-09-18,14,10064,0,3,6170_2,2,177,98,79,0
2026-09-18,14,10064,0,4,6902_2,2,197,108,89,0
2026-09-18,14,10064,0,5,6006_2,3,433,162,126,0
2026-09-18,14,10064,0,6,6229_2,3,532,195,159,0
2026-09-18,14,10064,0,7,6074_2,3,577,210,174,0
2026-09-18,14,10064,0,8,6169_2,3,385,146,110,0
2026-09-18,14,10064,0,9,6263_2,3,425,160,123,0
2026-09-18,14,10064,0,10,6196_2,3,392,149,112,0
2026-09-18,14,10064,0,11,6134_2,3,410,155,118,0
2026-09-18,14,10064,0,12,6106_2,3,386,147,110,0
2026-09-18,14,10064,0,13,6020_9,3,386,147,110,0
2026-09-18,14,10064,0,14,6019_1,3,281,112,75,0
2026-09-18,14,10064,1,2,6289_1,1,33,33,33,0
2026-09-18,14,10064,1,3,6300_1,1,0,0,0,0
2026-09-18,14,10064,1,4,6152_9,2,57,30,27,0
2026-09-18,14,10064,1,5,6073_1,3,152,58,39,0
2026-09-18,14,10064,1,6,6188_9,3,152,58,39,0
2026-09-18,14,10064,1,7,6043_1,3,152,58,39,0
2026-09-18,14,10064,1,8,6019_1,1,0,0,0,0
2026-09-18,14,10064,1,9,6020_1,1,0,0,0,0
2026-09-18,14,10064,1,10,6106_1,1,1,1,1,0
2026-09-18,14,10064,1,11,6134_1,1,0,0,0,0
2026-09-18,14,10064,1,12,6196_1,1,20,20,20,0
2026-09-18,14,10064,1,13,6263_1,1,15,15,15,0
2026-09-18,14,10064,1,14,6169_1,1,16,16,16,0
2026-09-18,14,10064,1,15,6405_1,1,41,41,41,0
2026-09-18,14,10064,1,16,6074_1,1,35,35,35,0
2026-09-18,14,10064,1,17,6229_1,2,48,26,22,0
2026-09-18,14,10068,0,2,73_1,2,2119,1083,1036,2
2026-09-18,14,10068,0,3,128_1,2,2223,1119,1104,2
2026-09-18,14,10068,0,4,114_5,2,1489,752,737,2
2026-09-18,14,10068,0,5,3_3,2,1849,932,917,2
2026-09-18,14,10068,0,6,4_3,2,2081,1048,1033,2
2026-09-18,14,10068,0,17,249_2,1,332,332,332,1
2026-09-18,14,10068,0,18,606_2,1,332,332,332,1
2026-09-18,14,10068,0,19,607_2,2,650,327,323,2
2026-09-18,14,10068,0,20,608_2,2,670,337,333,2
2026-09-18,14,10068,0,21,609_2,3,941,316,312,3
2026-09-18,14,10068,0,22,610_2,3,935,314,310,3
2026-09-18,14,10068,0,23,765_2,4,1510,392,371,4
2026-09-18,14,10068,0,24,7717_2,4,1362,355,334,4
2026-09-18,14,10068,0,25,6023_1,4,1790,462,441,4
2026-09-18,14,10068,0,26,210_2,4,1966,506,485,4
2026-09-18,14,10068,0,27,211_2,4,1814,468,447,4
2026-09-18,14,10068,0,28,212_2,4,2138,549,528,4
2026-09-18,14,10068,0,29,615_2,4,2338,599,578,4
2026-09-18,14,10068,0,30,7213_2,4,2134,548,527,4
2026-09-18,14,10068,0,31,214_2,4,1942,500,479,4
2026-09-18,14,10068,0,39,419_1,1,427,427,427,1
2026-09-18,14,10068,0,40,418_1,2,909,474,435,2
2026-09-18,14,10068,0,41,440_1,2,929,484,445,2
2026-09-18,14,10068,0,42,6236_1,3,1566,565,481,3
2026-09-18,14,10068,0,43,6109_1,4,1725,465,379,4
2026-09-18,14,10068,1,8,422_2,1,50,50,50,0
2026-09-18,14,10068,1,9,7217_1,2,313,179,134,0
2026-09-18,14,10068,1,10,752_1,2,349,197,152,0
2026-09-18,14,10068,1,11,216_1,3,556,210,165,0
2026-09-18,14,10068,1,12,215_1,3,559,211,166,0
2026-09-18,14,10068,1,13,214_1,3,526,200,155,0
2026-09-18,14,10068,1,14,7213_1,3,524,204,152,0
2026-09-18,14,10068,1,15,615_1,3,734,292,213,0
2026-09-18,14,10068,1,16,212_1,4,925,302,192,1
2026-09-18,14,10068,1,17,211_1,4,1059,348,213,1
2026-09-18,14,10068,1,18,210_1,4,1587,480,345,4
2026-09-18,14,10068,1,19,6023_3,2,906,461,445,2
2026-09-18,14,10068,1,24,608_1,1,634,634,634,1
2026-09-18,14,10068,1,25,607_1,1,615,615,615,1
2026-09-18,14,10068,1,26,606_1,2,1210,618,592,2
2026-09-18,14,10068,1,27,249_1,3,1754,610,559,3
2026-09-18,14,10068,1,28,250_1,4,2326,621,542,4
2026-09-18,14,10068,1,29,251_1,4,2184,584,507,4
2026-09-18,14,10068,1,30,152_2,4,2684,709,632,4
2026-09-18,14,10068,1,31,151_1,4,2840,748,671,4
2026-09-18,14,10068,1,32,150_1,4,3048,800,723,4
2026-09-18,14,10068,1,33,252_1,4,3344,874,797,4
2026-09-18,14,10068,1,34,186_1,4,3320,868,791,4
2026-09-18,14,10068,1,35,253_1,2,1634,830,804,2
2026-09-18,14,10068,1,39,6059_1,1,955,955,955,1
2026-09-18,14,10068,1,40,3_1,1,1015,1015,1015,1
2026-09-18,14,10068,1,41,73_1,1,1036,1036,1036,1
2026-09-18,14,10068,1,42,128_1,1,1104,1104,1104,1
2026-09-18,14,10068,1,43,114_5,1,737,737,737,1
2026-09-18,14,10072,0,6,69_2,1,344,344,344,1
2026-09-18,14,10072,0,7,68_2,2,792,428,364,2
2026-09-18,14,10072,0,8,67_2,2,688,376,312,2
2026-09-18,14,10072,0,9,65_2,2,798,431,367,2
2026-09-18,14,10072,0,10,204_2,2,754,409,345,2
2026-09-18,14,10072,0,11,255_2,2,852,458,394,2
2026-09-18,14,10072,0,12,205_2,2,786,425,361,2
2026-09-18,14,10072,0,13,206_2,2,740,402,338,2
2026-09-18,14,10072,0,14,863_3,2,516,290,226,0
2026-09-18,14,10072,0,22,215_2,1,135,135,135,0
2026-09-18,14,10072,0,23,216_2,1,198,198,198,0
2026-09-18,14,10072,0,24,752_2,2,337,193,144,0
2026-09-18,14,10072,0,25,7217_2,2,285,167,118,0
2026-09-18,14,10072,0,26,422_1,3,564,233,147,0
2026-09-18,14,10072,0,27,421_1,4,851,275,161,0
2026-09-18,14,10072,0,28,6163_1,4,975,306,192,1
2026-09-18,14,10072,0,29,419_1,4,1001,296,204,0
2026-09-18,14,10072,0,30,418_1,4,1103,304,247,1
2026-09-18,14,10072,0,31,440_1,3,860,314,259,1
2026-09-18,14,10072,0,32,6236_1,3,967,350,294,2
2026-09-18,14,10072,0,33,6109_1,3,661,248,192,0
2026-09-18,14,10072,1,14,7213_1,1,284,284,284,0
2026-09-18,14,10072,1,15,615_1,1,372,372,372,1
2026-09-18,14,10072,1,16,212_1,2,724,382,342,2
2026-09-18,14,10072,1,17,211_1,2,816,428,388,2
2026-09-18,14,10072,1,18,210_1,3,1508,560,428,3
2026-09-18,14,10072,1,19,209_1,3,1829,667,535,3
2026-09-18,14,10072,1,20,863_1,3,1679,617,485,3
2026-09-18,14,10072,1,21,206_1,3,1658,610,478,3
2026-09-18,14,10072,1,22,205_1,3,1703,625,493,3
2026-09-18,14,10072,1,23,255_1,3,1775,649,517,3
2026-09-18,14,10072,1,24,204_1,1,570,570,570,1
2026-09-18,14,10072,1,29,55_1,1,699,699,699,1
2026-09-18,14,10072,1,30,56_1,3,2082,708,683,3
2026-09-18,14,10072,1,31,57_1,4,2962,768,716,4
2026-09-18,14,10072,1,32,59_1,4,2961,767,716,4
2026-09-18,14,10072,1,33,61_2,4,2873,745,694,4
2026-09-18,14,10080,1,13,422_1,1,171,171,171,0
2026-09-18,14,10080,1,14,421_3,2,266,162,104,0
2026-09-18,14,10082,0,2,422_2,1,44,44,44,0
2026-09-18,14,10082,0,3,423_2,1,99,99,99,0
2026-09-18,14,10082,0,4,424_2,1,170,170,170,0
2026-09-18,14,10082,0,5,425_1,1,138,138,138,0
2026-09-18,14,10082,0,6,426_2,1,135,135,135,0
2026-09-18,14,10082,0,7,427_1,1,188,188,188,0
2026-09-18,14,10082,0,8,428_1,1,168,168,168,0
2026-09-18,15,10002,0,13,113_4,1,86,86,86,0
2026-09-18,15,10002,0,14,905_3,4,183,86,26,0
2026-09-18,15,10002,0,15,456_2,4,183,86,26,0
2026-09-18,15,10002,0,16,455_2,4,183,86,26,0
2026-09-18,15,10002,0,17,699_1,2,36,36,0,0
2026-09-18,15,10002,0,18,454_2,2,36,36,0,0
2026-09-18,15,10002,0,19,453_2,2,156,96,60,0
2026-09-18,15,10002,0,20,75_3,1,0,0,0,0
2026-09-18,15,10002,0,21,906_2,1,0,0,0,0
2026-09-18,15,10002,0,22,452_2,1,0,0,0,0
2026-09-18,15,10002,0,23,451_2,1,0,0,0,0
2026-09-18,15,10002,0,24,445_3,1,0,0,0,0
2026-09-18,15,10002,0,25,446_2,1,0,0,0,0
2026-09-18,15,10002,1,21,256_2,2,130,66,64,0
2026-09-18,15,10002,1,22,534_2,4,683,189,128,0
2026-09-18,15,10002,1,23,59_3,4,783,214,153,0
2026-09-18,15,10002,1,24,61_3,4,168,60,0,0
2026-09-18,15,10032,0,19,6166_2,1,380,380,380,1
2026-09-18,15,10032,0,20,446_4,3,954,359,261,2
2026-09-18,15,10032,0,21,6161_2,4,1175,355,233,2
2026-09-18,15,10032,0,22,6001_2,4,1311,389,267,2
2026-09-18,15,10032,0,23,6160_2,4,1243,372,250,2
2026-09-18,15,10032,0,24,6162_2,4,1299,386,264,2
2026-09-18,15,10032,0,25,6041_2,4,1387,408,286,3
2026-09-18,15,10032,0,26,243_2,4,1379,406,284,3
2026-09-18,15,10032,0,27,6228_2,4,1387,408,286,3
2026-09-18,15,10032,0,28,95_2,4,1283,382,260,2
2026-09-18,15,10032,0,29,94_3,4,1187,358,236,2
2026-09-18,15,10032,0,30,93_2,4,1199,361,239,2
2026-09-18,15,10032,0,31,6016_2,4,1227,368,246,2
2026-09-18,15,10032,0,32,91_1,4,971,304,182,1
2026-09-18,15,10032,0,33,6016_1,4,1066,327,208,2
2026-09-18,15,10032,0,34,93_1,4,1088,340,206,2
2026-09-18,15,10032,0,35,94_1,4,1234,405,233,2
2026-09-18,15,10032,0,36,6242_1,4,1144,396,206,2
2026-09-18,15,10032,0,37,6064_1,4,1325,444,243,2
2026-09-18,15,10032,0,38,6255_2,4,1489,482,287,3
2026-09-18,15,10032,0,39,6256_2,4,1600,515,313,4
2026-09-18,15,10032,0,40,6094_2,4,1490,486,286,3
2026-09-18,15,10032,0,41,6244_2,4,1339,446,249,2
2026-09-18,15,10032,0,42,6257_2,4,1279,431,234,2
2026-09-18,15,10032,0,43,6240_2,4,1415,465,268,3
2026-09-18,15,10032,0,44,6258_2,4,1475,480,283,3
2026-09-18,15,10032,0,45,6225_2,4,1391,459,262,2
2026-09-18,15,10032,0,46,6181_2,4,1347,448,251,2
2026-09-18,15,10032,0,47,6246_2,4,1447,473,276,3
2026-09-18,15,10032,0,48,6206_2,4,1331,444,247,2
2026-09-18,15,10032,0,49,6176_2,4,1303,437,240,2
2026-09-18,15,10032,0,50,6200_3,4,1439,471,274,3
2026-09-18,15,10032,0,51,6042_2,4,1295,435,238,2
2026-09-18,15,10032,0,52,6031_2,4,1171,404,207,2
2026-09-18,15,10032,0,53,6039_1,4,959,351,154,1
2026-09-18,15,10032,1,16,6255_1,1,116,116,116,0
2026-09-18,15,10032,1,17,6064_2,1,174,174,174,0
2026-09-18,15,10032,1,18,6242_2,1,186,186,186,0
2026-09-18,15,10032,1,19,94_4,1,234,234,234,0
2026-09-18,15,10032,1,20,93_2,1,227,227,227,0
2026-09-18,15,10032,1,21,6016_2,1,234,234,234,0
2026-09-18,15,10032,1,22,91_4,1,0,0,0,0
2026-09-18,15,10032,1,23,6016_1,1,63,63,63,0
2026-09-18,15,10032,1,24,93_1,1,76,76,76,0
2026-09-18,15,10032,1,25,94_2,1,47,47,47,0
2026-09-18,15,10032,1,26,95_1,1,25,25,25,0
2026-09-18,15,10032,1,27,6228_1,1,95,95,95,0
2026-09-18,15,10032,1,28,243_1,1,78,78,78,0
2026-09-18,15,10032,1,29,6041_1,1,96,96,96,0
2026-09-18,15,10032,1,30,6162_1,1,78,78,78,0
2026-09-18,15,10032,1,31,6160_1,1,83,83,83,0
2026-09-18,15,10032,1,32,6001_1,1,67,67,67,0
2026-09-18,15,10032,1,33,6161_1,1,127,127,127,0
2026-09-18,15,10032,1,34,446_3,1,79,79,79,0
2026-09-18,15,10032,1,35,6166_1,1,112,112,112,0
2026-09-18,15,10032,1,36,6143_1,1,100,100,100,0
2026-09-18,15,10032,1,37,6241_1,1,98,98,98,0
2026-09-18,15,10032,1,38,9_2,1,83,83,83,0
2026-09-18,15,10032,1,39,6057_1,1,103,103,103,0
2026-09-18,15,10032,1,40,6069_1,1,100,100,100,0
2026-09-18,15,10032,1,41,6102_1,1,113,113,113,0
2026-09-18,15,10032,1,42,6070_2,1,63,63,63,0
2026-09-18,15,10032,1,43,393_1,1,88,88,88,0
2026-09-18,15,10032,1,44,114_1,1,77,77,77,0
2026-09-18,15,10032,1,45,114_3,1,174,174,174,0
2026-09-18,15,10032,1,46,3_1,1,267,267,267,0
2026-09-18,15,10032,1,47,73_1,1,288,288,288,0
2026-09-18,15,10032,1,48,72_2,4,3114,832,715,4
2026-09-18,15,10032,1,49,55_1,4,2994,802,685,4
2026-09-18,15,10032,1,50,56_1,4,3005,811,669,4
2026-09-18,15,10032,1,51,57_1,4,3177,888,702,4
2026-09-18,15,10032,1,52,59_1,4,3176,887,702,4
2026-09-18,15,10032,1,53,61_1,4,2416,697,512,4
2026-09-18,15,10033,1,12,91_3,1,0,0,0,0
2026-09-18,15,10047,1,30,6143_1,1,216,216,216,0
2026-09-18,15,10047,1,31,6241_1,2,341,214,127,0
2026-09-18,15,10047,1,32,9_2,4,461,199,69,0
2026-09-18,15,10047,1,33,6057_1,4,541,219,89,0
2026-09-18,15,10047,1,34,6069_1,4,529,216,86,0
2026-09-18,15,10047,1,35,6102_1,4,581,229,99,0
2026-09-18,15,10047,1,36,6070_2,4,367,179,35,0
2026-09-18,15,10047,1,37,393_1,4,391,204,22,0
2026-09-18,15,10047,1,38,114_1,4,318,193,0,0
2026-09-18,15,10047,1,39,114_3,4,670,290,79,0
2026-09-18,15,10047,1,40,3_1,4,1042,383,172,1
2026-09-18,15,10047,1,41,73_1,4,1126,404,193,2
2026-09-18,15,10047,1,42,72_2,4,2554,761,550,4
2026-09-18,15,10047,1,43,55_1,4,2434,731,520,4
2026-09-18,15,10047,1,44,56_1,4,2445,740,504,4
2026-09-18,15,10047,1,45,57_1,4,2617,817,537,4
2026-09-18,15,10047,1,46,59_1,4,2616,816,537,4
2026-09-18,15,10047,1,47,61_1,4,1616,566,287,3
2026-09-18,15,10049,0,19,6200_3,1,189,189,189,0
2026-09-18,15,10049,0,20,6042_2,1,153,153,153,0
2026-09-18,15,10049,0,21,6031_2,1,122,122,122,0
2026-09-18,15,10049,0,22,6039_1,3,72,69,0,0
2026-09-18,15,10049,0,23,6040_2,3,72,69,0,0
2026-09-18,15,10049,0,24,6022_9,3,72,69,0,0
2026-09-18,15,10049,0,25,6099_9,3,72,69,0,0
2026-09-18,15,10049,0,26,6141_2,3,72,69,0,0
2026-09-18,15,10049,0,27,6105_2,3,72,69,0,0
2026-09-18,15,10049,0,28,6105_1,3,102,79,10,0
2026-09-18,15,10049,0,29,6141_1,3,102,79,10,0
2026-09-18,15,10049,0,30,6039_1,3,282,139,70,0
2026-09-18,15,10058,1,9,17_1,1,0,0,0,0
2026-09-18,15,10058,1,10,478_1,1,0,0,0,0
2026-09-18,15,10058,1,11,8_1,1,0,0,0,0
2026-09-18,15,10058,1,12,9_5,1,0,0,0,0
2026-09-18,15,10060,1,18,6160_1,1,180,180,180,0
2026-09-18,15,10060,1,19,6001_1,1,164,164,164,0
2026-09-18,15,10060,1,20,6161_1,4,548,224,75,0
2026-09-18,15,10060,1,21,446_3,4,356,176,27,0
2026-09-18,15,10060,1,22,6166_1,4,488,209,60,0
2026-09-18,15,10060,1,23,6143_1,4,440,197,48,0
2026-09-18,15,10060,1,24,6241_1,4,432,195,46,0
2026-09-18,15,10060,1,25,9_2,4,372,180,31,0
2026-09-18,15,10060,1,26,8_3,4,464,209,48,0
2026-09-18,15,10060,1,27,6_1,7,1823,326,175,2
2026-09-18,15,10060,1,28,902_1,8,1916,313,162,1
2026-09-18,15,10060,1,29,5_1,8,2188,347,196,3
2026-09-18,15,10060,1,30,4_1,8,2476,383,232,5
2026-09-18,15,10060,1,31,6059_1,8,2868,432,281,7
2026-09-18,15,10060,1,32,3_1,8,2868,432,281,7
2026-09-18,15,10060,1,33,73_1,8,3036,453,302,8
2026-09-18,15,10060,1,34,128_1,9,3884,489,368,9
2026-09-18,15,10060,1,35,114_5,11,2029,242,123,0
2026-09-18,15,10061,0,11,9_5,2,623,320,303,2
2026-09-18,15,10061,0,12,6241_2,3,1114,413,332,3
2026-09-18,15,10061,0,13,6143_2,4,1443,401,324,4
2026-09-18,15,10061,0,14,6166_2,4,1477,398,344,4
2026-09-18,15,10061,0,15,446_4,4,1393,377,323,4
2026-09-18,15,10061,0,16,6161_2,4,1377,373,319,4
2026-09-18,15,10061,0,17,6001_2,4,1513,407,353,4
2026-09-18,15,10061,0,18,6160_2,4,1445,390,336,4
2026-09-18,15,10061,0,19,6162_2,4,1501,404,350,4
2026-09-18,15,10061,0,20,6041_2,4,1589,426,372,4
2026-09-18,15,10061,0,21,243_2,4,1581,424,370,4
2026-09-18,15,10061,0,22,6228_2,4,1589,426,372,4
2026-09-18,15,10061,0,23,95_2,4,1485,400,346,4
2026-09-18,15,10061,0,24,94_3,4,1389,376,322,4
2026-09-18,15,10061,0,25,6013_2,4,1389,376,322,4
2026-09-18,15,10061,0,26,6212_2,4,1377,373,319,4
2026-09-18,15,10061,0,27,6205_2,4,1544,405,368,4
2026-09-18,15,10061,0,28,6187_3,4,1604,421,384,4
2026-09-18,15,10061,0,29,6011_4,4,1730,456,396,4
2026-09-18,15,10061,0,30,6017_2,7,2826,487,315,7
2026-09-18,15,10061,0,31,6172_2,8,3035,470,298,7
2026-09-18,15,10061,0,32,6067_2,8,2995,465,293,7
2026-09-18,15,10061,0,33,6248_2,8,2875,450,278,5
2026-09-18,15,10061,0,34,6249_2,8,2883,451,279,5
2026-09-18,15,10061,0,35,6015_2,8,2451,397,225,4
2026-09-18,15,10064,0,15,6073_2,3,425,160,123,0
2026-09-18,15,10064,0,16,6152_1,3,347,134,97,0
2026-09-18,15,10064,0,17,6300_2,3,260,105,68,0
2026-09-18,15,10064,0,18,6289_9,3,170,75,38,0
2026-09-18,15,10064,0,19,6301_9,3,377,144,107,0
2026-09-18,15,10064,1,18,6006_1,3,99,61,17,0
2026-09-18,15,10064,1,19,6902_1,4,392,142,75,0
2026-09-18,15,10064,1,20,6170_1,4,421,156,80,0
2026-09-18,15,10064,1,21,7841_2,4,621,206,130,0
2026-09-18,15,10064,1,22,91_2,2,31,31,0,0
2026-09-18,15,10068,0,7,254_2,2,1979,997,982,2
2026-09-18,15,10068,0,8,53_3,2,1847,931,916,2
2026-09-18,15,10068,0,9,253_2,2,1793,904,889,2
2026-09-18,15,10068,0,10,186_2,2,1791,903,888,2
2026-09-18,15,10068,0,11,252_2,2,2007,1011,996,2
2026-09-18,15,10068,0,12,150_2,2,1859,937,922,2
2026-09-18,15,10068,0,13,151_2,2,1875,945,930,2
2026-09-18,15,10068,0,14,152_3,2,1801,908,893,2
2026-09-18,15,10068,0,15,251_2,2,1771,893,878,2
2026-09-18,15,10068,0,16,250_2,2,1729,872,857,2
2026-09-18,15,10068,0,17,249_2,2,1591,803,788,2
2026-09-18,15,10068,0,18,606_2,2,1563,789,774,2
2026-09-18,15,10068,0,19,607_2,2,1533,774,759,2
2026-09-18,15,10068,0,20,608_2,2,1571,793,778,2
2026-09-18,15,10068,0,21,609_2,2,1529,772,757,2
2026-09-18,15,10068,0,22,610_2,2,1542,787,755,2
2026-09-18,15,10068,0,23,765_2,2,1664,848,816,2
2026-09-18,15,10068,0,24,7717_2,2,1590,811,779,2
2026-09-18,15,10068,0,25,6023_1,2,1804,918,886,2
2026-09-18,15,10068,0,26,210_2,2,1892,962,930,2
2026-09-18,15,10068,0,27,211_2,2,1816,924,892,2
2026-09-18,15,10068,0,28,212_2,2,1978,1005,973,2
2026-09-18,15,10068,0,29,615_2,2,2078,1055,1023,2
2026-09-18,15,10068,0,30,7213_2,2,1976,1004,972,2
2026-09-18,15,10068,0,31,214_2,2,1880,956,924,2
2026-09-18,15,10068,0,32,215_2,6,3883,965,488,6
2026-09-18,15,10068,0,33,216_2,6,4156,1007,530,6
2026-09-18,15,10068,0,34,752_2,6,4162,1011,525,6
2026-09-18,15,10068,0,35,7217_2,6,3838,943,467,6
2026-09-18,15,10068,0,36,422_1,6,4184,984,528,6
2026-09-18,15,10068,0,37,421_1,6,4436,1026,570,6
2026-09-18,15,10068,0,38,6163_1,6,4622,1057,601,6
2026-09-18,15,10068,0,39,419_1,6,4672,1069,613,6
2026-09-18,15,10068,0,40,418_1,6,4860,1112,656,6
2026-09-18,15,10068,0,41,440_1,5,4260,1124,668,5
2026-09-18,15,10068,0,42,6236_1,6,5142,1159,703,6
2026-09-18,15,10068,0,43,6109_1,6,4530,1057,601,6
2026-09-18,15,10068,1,19,6023_3,2,1081,580,501,2
2026-09-18,15,10068,1,20,7717_1,4,2007,585,450,4
2026-09-18,15,10068,1,21,765_1,4,2123,614,479,4
2026-09-18,15,10068,1,22,610_1,4,1803,534,399,4
2026-09-18,15,10068,1,23,609_1,4,1847,545,410,4
2026-09-18,15,10068,1,24,608_1,4,2078,614,464,4
2026-09-18,15,10068,1,25,607_1,4,2002,595,445,4
2026-09-18,15,10068,1,26,606_1,4,2029,598,461,4
2026-09-18,15,10068,1,27,249_1,4,1961,565,450,4
2026-09-18,15,10068,1,28,250_1,4,1897,548,435,4
2026-09-18,15,10068,1,29,251_1,4,1755,513,400,4
2026-09-18,15,10068,1,30,152_2,4,2255,638,525,4
2026-09-18,15,10068,1,31,151_1,4,2411,677,564,4
2026-09-18,15,10068,1,32,150_1,4,2619,729,616,4
2026-09-18,15,10068,1,33,252_1,4,2915,803,690,4
2026-09-18,15,10068,1,34,186_1,4,2891,797,684,4
2026-09-18,15,10068,1,35,253_1,6,4681,881,697,6
2026-09-18,15,10068,1,36,53_1,8,6635,921,737,8
2026-09-18,15,10068,1,37,254_1,8,6691,928,744,8
2026-09-18,15,10068,1,38,4_4,8,6395,891,707,8
2026-09-18,15,10068,1,39,6059_1,8,6419,908,704,8
2026-09-18,15,10068,1,40,3_1,8,6899,968,764,8
2026-09-18,15,10068,1,41,73_1,8,7067,989,785,8
2026-09-18,15,10068,1,42,128_1,8,7547,1033,853,8
2026-09-18,15,10068,1,43,114_5,8,4611,666,486,8
2026-09-18,15,10072,0,15,209_2,2,696,380,316,2
2026-09-18,15,10072,0,16,210_2,2,770,417,353,2
2026-09-18,15,10072,0,17,211_2,2,694,379,315,2
2026-09-18,15,10072,0,18,212_2,2,856,460,396,2
2026-09-18,15,10072,0,19,615_2,2,956,510,446,2
2026-09-18,15,10072,0,20,7213_2,2,854,459,395,2
2026-09-18,15,10072,0,21,214_2,2,758,411,347,2
2026-09-18,15,10072,0,22,215_2,3,1139,420,356,3
2026-09-18,15,10072,0,23,216_2,3,1286,462,398,3
2026-09-18,15,10072,0,24,752_2,4,1682,466,393,4
2026-09-18,15,10072,0,25,7217_2,4,1494,398,334,4
2026-09-18,15,10072,0,26,422_1,4,1733,461,400,4
2026-09-18,15,10072,0,27,421_1,4,1901,503,442,4
2026-09-18,15,10072,0,28,6163_1,4,2025,534,473,4
2026-09-18,15,10072,0,29,419_1,3,1527,524,485,3
2026-09-18,15,10072,0,30,418_1,4,2153,567,526,4
2026-09-18,15,10072,0,31,440_1,4,2197,579,536,4
2026-09-18,15,10072,0,32,6236_1,4,2340,614,572,4
2026-09-18,15,10072,0,33,6109_1,4,1932,512,470,4
2026-09-18,15,10072,1,24,204_1,2,1364,702,662,2
2026-09-18,15,10072,1,25,65_1,3,2213,795,663,3
2026-09-18,15,10072,1,26,67_1,3,2522,898,766,3
2026-09-18,15,10072,1,27,68_1,3,2603,925,793,3
2026-09-18,15,10072,1,28,69_1,3,2306,826,694,3
2026-09-18,15,10072,1,29,55_1,4,3236,889,741,4
2026-09-18,15,10072,1,30,56_1,4,3247,873,750,4
2026-09-18,15,10072,1,31,57_1,4,3419,906,795,4
2026-09-18,15,10072,1,32,59_1,4,3418,906,795,4
2026-09-18,15,10072,1,33,61_2,4,3330,884,773,4
2026-09-18,15,10082,0,9,427_2,1,250,250,250,0
2026-09-18,15,10082,0,10,6168_2,1,259,259,259,0
2026-09-18,15,10082,0,11,6112_2,1,261,261,261,0
2026-09-18,15,10082,0,12,6180_2,1,342,342,342,1
2026-09-18,15,10082,0,13,6035_2,1,525,525,525,1
2026-09-18,15,10082,0,14,6079_1,1,445,445,445,1
2026-09-18,16,10032,1,48,72_2,1,645,645,645,1
2026-09-18,16,10032,1,49,55_1,1,615,615,615,1
2026-09-18,16,10032,1,50,56_1,1,624,624,624,1
2026-09-18,16,10032,1,51,57_1,1,701,701,701,1
2026-09-18,16,10032,1,52,59_1,1,700,700,700,1
2026-09-18,16,10032,1,53,61_1,1,450,450,450,1
2026-09-18,19,10002,0,13,113_4,1,0,0,0,0
2026-09-18,19,10002,0,14,905_3,2,25,25,0,0
2026-09-18,19,10002,0,15,456_2,2,25,25,0,0
2026-09-18,19,10002,0,16,455_2,3,40,25,0,0
2026-09-18,19,10002,0,17,699_1,1,0,0,0,0
2026-09-18,19,10002,0,18,454_2,1,0,0,0,0
2026-09-18,19,10002,0,19,453_2,1,60,60,60,0
2026-09-18,19,10002,0,20,75_3,1,10,10,10,0
2026-09-18,19,10002,0,21,906_2,1,0,0,0,0
2026-09-18,19,10002,0,22,452_2,1,0,0,0,0
2026-09-18,19,10002,0,23,451_2,1,0,0,0,0
2026-09-18,19,10002,0,24,445_3,1,0,0,0,0
2026-09-18,19,10002,0,25,446_2,1,0,0,0,0
2026-09-18,19,10032,0,2,59_4,1,127,127,127,0
2026-09-18,19,10032,0,3,57_2,2,228,155,73,0
2026-09-18,19,10032,0,4,56_2,3,489,197,105,0
2026-09-18,19,10032,0,5,55_2,3,537,213,121,0
2026-09-18,19,10032,0,6,72_1,3,471,191,99,0
2026-09-18,19,10032,0,7,73_2,4,1775,482,373,4
2026-09-18,19,10032,0,8,73_3,4,1879,508,399,4
2026-09-18,19,10032,0,9,3_2,4,2339,623,514,4
2026-09-18,19,10032,0,10,114_4,4,2227,595,486,4
2026-09-18,19,10032,0,11,393_2,4,2203,589,480,4
2026-09-18,19,10032,0,12,6070_3,4,2243,599,490,4
2026-09-18,19,10032,0,13,6102_2,4,2091,561,452,4
2026-09-18,19,10032,0,14,6069_2,4,2179,583,474,4
2026-09-18,19,10032,0,15,6057_2,4,2063,554,445,4
2026-09-18,19,10032,0,16,9_5,4,1979,533,424,4
2026-09-18,19,10032,0,17,6241_2,4,2227,591,509,4
2026-09-18,19,10032,0,18,6143_2,5,2736,603,486,5
2026-09-18,19,10032,0,19,6166_2,5,2737,603,499,5
2026-09-18,19,10032,0,20,446_4,6,3213,582,478,6
2026-09-18,19,10032,0,21,6161_2,6,3711,659,549,6
2026-09-18,19,10032,0,22,6001_2,7,4576,706,583,7
2026-09-18,19,10032,0,23,6160_2,8,5106,691,568,8
2026-09-18,19,10032,0,24,6162_2,8,5202,703,580,8
2026-09-18,19,10032,0,25,6041_2,8,5506,741,618,8
2026-09-18,19,10032,0,26,243_2,8,5434,732,609,8
2026-09-18,19,10032,0,27,6228_2,8,5530,744,621,8
2026-09-18,19,10032,0,28,95_2,8,5442,733,610,8
2026-09-18,19,10032,0,29,94_3,8,5402,728,605,8
2026-09-18,19,10032,0,30,93_2,8,5546,746,623,8
2026-09-18,19,10032,0,31,6016_2,8,5826,781,658,8
2026-09-18,19,10032,0,32,91_1,7,3104,548,341,7
2026-09-18,19,10032,0,33,6016_1,7,3405,591,384,7
2026-09-18,19,10032,0,34,93_1,4,1623,424,368,4
2026-09-18,19,10032,0,35,94_1,4,1943,504,448,4
2026-09-18,19,10032,0,36,6242_1,4,1915,497,441,4
2026-09-18,19,10032,0,37,6064_1,4,1923,499,443,4
2026-09-18,19,10032,0,38,6255_2,4,2047,530,474,4
2026-09-18,19,10032,0,39,6256_2,4,2107,545,489,4
2026-09-18,19,10032,0,40,6094_2,4,2043,529,473,4
2026-09-18,19,10032,0,41,6244_2,4,2003,519,463,4
2026-09-18,19,10032,0,42,6257_2,4,1939,503,447,4
2026-09-18,19,10032,0,43,6240_2,4,2059,533,477,4
2026-09-18,19,10032,0,44,6258_2,4,2147,554,498,4
2026-09-18,19,10032,0,45,6225_2,4,2072,537,481,4
2026-09-18,19,10032,0,46,6181_2,4,2022,531,475,4
2026-09-18,19,10032,0,47,6246_2,4,2113,550,509,4
2026-09-18,19,10032,0,48,6206_2,4,2001,522,481,4
2026-09-18,19,10032,0,49,6176_2,4,1977,516,475,4
2026-09-18,19,10032,0,50,6200_3,4,2053,535,494,4
2026-09-18,19,10032,0,51,6042_2,4,1925,503,462,4
2026-09-18,19,10032,0,52,6031_2,4,1761,462,421,4
2026-09-18,19,10032,0,53,6039_1,4,1501,397,356,4
2026-09-18,19,10049,0,13,6258_2,1,249,249,249,0
2026-09-18,19,10049,0,14,6225_2,1,225,225,225,0
2026-09-18,19,10049,0,15,6181_2,2,424,218,206,0
2026-09-18,19,10049,0,16,6246_2,3,715,253,225,0
2026-09-18,19,10049,0,17,6206_2,4,883,252,197,0
2026-09-18,19,10049,0,18,6176_2,4,859,246,191,0
2026-09-18,19,10049,0,19,6200_3,4,935,265,210,0
2026-09-18,19,10049,0,20,6042_2,4,807,233,178,0
2026-09-18,19,10049,0,21,6031_2,4,643,192,137,0
2026-09-18,19,10049,0,22,6039_1,4,383,127,72,0
2026-09-18,19,10049,1,4,6200_1,1,36,36,36,0
2026-09-18,19,10049,1,5,6176_1,1,40,40,40,0
2026-09-18,19,10049,1,6,6206_1,2,231,128,103,0
2026-09-18,19,10049,1,7,6246_1,3,373,146,106,0
2026-09-18,19,10049,1,8,6181_1,4,389,119,79,0
2026-09-18,19,10049,1,9,6225_1,4,357,111,71,0
2026-09-18,19,10049,1,10,6258_1,4,245,83,43,0
2026-09-18,19,10049,1,11,6240_1,4,301,97,57,0
2026-09-18,19,10049,1,12,6257_1,4,477,141,101,0
2026-09-18,19,10049,1,13,6244_1,4,421,127,87,0
2026-09-18,19,10049,1,14,6094_1,4,325,103,63,0
2026-09-18,19,10049,1,15,6256_1,4,321,102,62,0
2026-09-18,19,10049,1,16,6255_1,4,226,79,39,0
2026-09-18,19,10049,1,17,6064_2,4,379,118,78,0
2026-09-18,19,10049,1,18,6242_2,4,415,127,87,0
2026-09-18,19,10049,1,19,94_4,4,363,114,74,0
2026-09-18,19,10049,1,20,93_2,4,551,161,121,0
2026-09-18,19,10049,1,21,6016_2,4,691,196,156,0
2026-09-18,19,10049,1,22,91_1,4,595,172,132,0
2026-09-18,19,10051,0,5,6212_2,1,82,82,82,0
2026-09-18,19,10051,0,6,6205_2,2,338,190,148,0
2026-09-18,19,10051,0,7,6187_3,3,671,256,201,0
2026-09-18,19,10051,0,8,6011_4,3,728,275,220,0
2026-09-18,19,10051,0,9,6017_2,4,967,295,179,0
2026-09-18,19,10051,0,10,6172_2,4,979,298,182,0
2026-09-18,19,10051,0,11,6067_2,4,1055,317,201,1
2026-09-18,19,10051,0,12,6248_2,4,1055,317,201,1
2026-09-18,19,10051,0,13,6249_2,4,1083,324,208,1
2026-09-18,19,10051,0,14,6015_2,4,923,281,165,0
2026-09-18,19,10051,1,3,6248_1,1,57,57,57,0
2026-09-18,19,10051,1,4,6067_1,1,77,77,77,0
2026-09-18,19,10051,1,5,6172_1,2,169,88,81,0
2026-09-18,19,10051,1,6,6017_1,3,260,91,84,0
2026-09-18,19,10051,1,7,6011_1,3,242,85,78,0
2026-09-18,19,10051,1,8,6187_2,4,396,109,82,0
2026-09-18,19,10051,1,9,6205_1,4,382,110,77,0
2026-09-18,19,10051,1,10,6212_1,4,403,128,78,0
2026-09-18,19,10051,1,11,6013_1,4,348,118,63,0
2026-09-18,19,10051,1,12,93_2,4,452,144,89,0
2026-09-18,19,10051,1,13,6016_2,4,592,179,124,0
2026-09-18,19,10051,1,14,91_4,4,496,155,100,0
2026-09-18,19,10053,1,52,472_1,1,77,77,77,0
2026-09-18,19,10053,1,53,7471_1,1,77,77,77,0
2026-09-18,19,10053,1,54,39_1,2,119,77,42,0
2026-09-18,19,10053,1,55,40_1,3,279,160,42,0
2026-09-18,19,10053,1,56,21_1,3,279,160,42,0
2026-09-18,19,10053,1,57,42_1,3,279,160,42,0
2026-09-18,19,10053,1,58,43_1,3,279,160,42,0
2026-09-18,19,10053,1,59,44_1,3,279,160,42,0
2026-09-18,19,10053,1,60,18_1,3,279,160,42,0
2026-09-18,19,10053,1,61,17_1,3,279,160,42,0
2026-09-18,19,10053,1,62,16_1,3,279,160,42,0
2026-09-18,19,10053,1,63,15_1,3,279,160,42,0
2026-09-18,19,10053,1,64,14_1,3,279,160,42,0
2026-09-18,19,10053,1,65,448_1,3,279,160,42,0
2026-09-18,19,10053,1,66,447_1,3,279,160,42,0
2026-09-18,19,10053,1,67,6158_1,3,309,170,52,0
2026-09-18,19,10053,1,68,446_3,3,309,170,52,0
2026-09-18,19,10053,1,69,6166_1,3,380,193,75,0
2026-09-18,19,10053,1,70,6143_1,4,397,178,60,0
2026-09-18,19,10053,1,71,6241_1,4,335,161,43,0
2026-09-18,19,10053,1,72,9_1,4,335,161,43,0
2026-09-18,19,10059,1,5,6134_1,1,31,31,31,0
2026-09-18,19,10059,1,6,6196_1,1,68,68,68,0
2026-09-18,19,10059,1,6,6229_1,1,183,183,183,0
2026-09-18,19,10059,1,7,6263_1,2,62,32,30,0
2026-09-18,19,10059,1,7,6006_1,2,370,188,182,0
2026-09-18,19,10059,1,8,6260_1,2,14,8,6,0
2026-09-18,19,10059,1,8,6902_1,2,478,242,236,0
2026-09-18,19,10059,1,9,7475_1,3,199,77,60,0
2026-09-18,19,10059,1,9,6170_1,3,695,235,229,0
2026-09-18,19,10059,1,10,6260_2,3,388,140,123,0
2026-09-18,19,10059,1,10,7841_2,3,740,250,244,0
2026-09-18,19,10059,1,11,6169_1,3,445,159,142,0
2026-09-18,19,10059,1,11,91_3,1,0,0,0,0
2026-09-18,19,10059,1,12,6405_1,3,511,181,164,0
2026-09-18,19,10059,1,13,6074_1,3,496,176,159,0
2026-09-18,19,10059,1,14,6229_1,3,535,188,171,0
2026-09-18,19,10059,1,15,6006_1,3,564,207,176,0
2026-09-18,19,10059,1,16,6902_1,3,713,248,230,0
2026-09-18,19,10059,1,17,6170_1,4,953,261,223,0
2026-09-18,19,10059,1,18,7841_2,4,1014,277,238,0
2026-09-18,19,10059,1,19,91_3,4,298,98,59,0
2026-09-18,19,10060,1,9,6205_1,1,42,42,42,0
2026-09-18,19,10060,1,10,6212_1,1,60,60,60,0
2026-09-18,19,10060,1,11,6013_1,1,50,50,50,0
2026-09-18,19,10060,1,12,94_2,2,105,72,33,0
2026-09-18,19,10060,1,13,95_1,2,63,51,12,0
2026-09-18,19,10060,1,14,6228_1,2,137,88,49,0
2026-09-18,19,10060,1,15,243_1,2,191,115,76,0
2026-09-18,19,10060,1,16,6041_1,2,271,155,116,0
2026-09-18,19,10060,1,17,6162_1,2,207,123,84,0
2026-09-18,19,10060,1,18,6160_1,2,211,125,86,0
2026-09-18,19,10060,1,19,6001_1,2,247,143,104,0
2026-09-18,19,10060,1,20,6161_1,2,325,182,143,0
2026-09-18,19,10060,1,21,446_3,3,571,284,141,0
2026-09-18,19,10060,1,22,6166_1,3,644,309,166,1
2026-09-18,19,10060,1,23,6143_1,5,1105,349,152,1
2026-09-18,19,10060,1,24,6241_1,5,1032,335,137,1
2026-09-18,19,10060,1,25,9_2,5,1002,329,131,1
2026-09-18,19,10060,1,26,8_3,5,1332,395,197,2
2026-09-18,19,10060,1,27,6_1,5,1362,401,203,2
2026-09-18,19,10060,1,28,902_1,5,1382,405,207,2
2026-09-18,19,10060,1,29,5_1,5,1237,376,178,2
2026-09-18,19,10060,1,30,4_1,5,1347,398,200,2
2026-09-18,19,10060,1,31,6059_1,5,1772,483,285,2
2026-09-18,19,10060,1,32,3_1,5,1772,483,285,2
2026-09-18,19,10060,1,33,73_1,5,1997,528,330,5
2026-09-18,19,10060,1,34,128_1,8,4339,722,347,8
2026-09-18,19,10060,1,35,114_5,8,3891,670,306,8
2026-09-18,19,10061,0,3,128_1,3,1084,458,280,2
2026-09-18,19,10061,0,4,114_5,4,1312,406,242,3
2026-09-18,19,10061,0,5,3_3,4,2300,653,489,4
2026-09-18,19,10061,0,6,4_5,4,2360,668,504,4
2026-09-18,19,10061,0,7,5_3,4,2368,670,506,4
2026-09-18,19,10061,0,8,902_2,4,2260,643,479,4
2026-09-18,19,10061,0,9,6_2,4,2200,628,464,4
2026-09-18,19,10061,0,10,8_1,4,1948,565,401,4
2026-09-18,19,10061,0,11,9_5,5,2081,543,242,4
2026-09-18,19,10061,0,12,6241_2,6,2767,628,327,6
2026-09-18,19,10061,0,13,6143_2,6,2641,605,318,6
2026-09-18,19,10061,0,14,6166_2,6,2655,618,318,6
2026-09-18,19,10061,0,15,446_4,7,2722,597,189,5
2026-09-18,19,10061,0,16,6161_2,8,3403,668,222,6
2026-09-18,19,10061,0,17,6001_2,8,3753,715,256,7
2026-09-18,19,10061,0,18,6160_2,8,3633,700,241,6
2026-09-18,19,10061,0,19,6162_2,8,3729,712,253,7
2026-09-18,19,10061,0,20,6041_2,8,4033,750,291,7
2026-09-18,19,10061,0,21,243_2,8,3961,741,282,7
2026-09-18,19,10061,0,22,6228_2,8,4057,753,294,7
2026-09-18,19,10061,0,23,95_2,8,3969,742,283,7
2026-09-18,19,10061,0,24,94_3,8,3929,737,278,7
2026-09-18,19,10061,0,25,6013_2,9,4209,746,240,7
2026-09-18,19,10061,0,26,6212_2,10,5049,827,288,9
2026-09-18,19,10061,0,27,6205_2,11,5828,893,301,11
2026-09-18,19,10061,0,28,6187_3,11,6426,959,357,11
2026-09-18,19,10061,0,29,6011_4,12,6977,978,330,12
2026-09-18,19,10061,0,30,6017_2,12,7217,998,350,12
2026-09-18,19,10061,0,31,6172_2,12,7253,1001,353,12
2026-09-18,19,10061,0,32,6067_2,12,7481,1020,372,12
2026-09-18,19,10061,0,33,6248_2,11,6461,885,372,11
2026-09-18,19,10061,0,34,6249_2,11,6538,892,379,11
2026-09-18,19,10061,0,35,6015_2,11,5706,753,336,11
2026-09-18,19,10062,0,7,6074_2,1,94,94,94,0
2026-09-18,19,10062,0,8,6169_2,2,76,43,33,0
2026-09-18,19,10062,0,9,6263_2,2,55,32,23,0
2026-09-18,19,10062,0,10,6196_2,3,24,22,0,0
2026-09-18,19,10062,0,11,6134_2,4,150,78,16,0
2026-09-18,19,10062,0,12,6106_2,4,106,67,5,0
2026-09-18,19,10062,0,13,6020_9,4,106,67,5,0
2026-09-18,19,10062,0,14,6019_1,1,0,0,0,0
2026-09-18,19,10067,0,29,615_2,1,1074,1074,1074,1
2026-09-18,19,10067,0,30,7213_2,2,2053,1040,1013,2
2026-09-18,19,10067,0,31,214_2,2,1857,942,915,2
2026-09-18,19,10067,0,32,215_2,3,2785,940,909,3
2026-09-18,19,10067,0,33,216_2,4,3843,989,932,4
2026-09-18,19,10067,0,34,752_2,4,3779,973,916,4
2026-09-18,19,10067,0,35,7217_2,4,3479,898,841,4
2026-09-18,19,10067,0,36,422_1,4,3479,898,841,4
2026-09-18,19,10067,0,37,421_3,4,3175,822,765,4
2026-09-18,19,10067,0,38,422_2,4,3175,822,765,4
2026-09-18,19,10067,0,39,423_2,4,3175,822,765,4
2026-09-18,19,10067,0,40,424_2,4,3175,822,765,4
2026-09-18,19,10067,0,41,425_1,4,3415,882,825,4
2026-09-18,19,10067,0,42,426_2,4,3655,942,885,4
2026-09-18,19,10067,0,43,6168_2,4,3655,942,885,4
2026-09-18,19,10067,0,44,6112_2,4,3655,942,885,4
2026-09-18,19,10067,0,45,6180_2,4,3655,942,885,4
2026-09-18,19,10067,0,46,6035_2,4,3655,942,885,4
2026-09-18,19,10067,0,47,6079_1,4,3655,942,885,4
2026-09-18,19,10068,0,3,128_1,1,1232,1232,1232,1
2026-09-18,19,10068,0,4,114_5,2,2566,1334,1232,2
2026-09-18,19,10068,0,5,3_3,3,4412,1581,1352,3
2026-09-18,19,10068,0,6,4_3,3,4655,1662,1433,3
2026-09-18,19,10068,0,7,254_2,3,4493,1608,1379,3
2026-09-18,19,10068,0,8,53_3,3,4271,1534,1305,3
2026-09-18,19,10068,0,9,253_2,3,4205,1512,1283,3
2026-09-18,19,10068,0,10,186_2,3,4184,1505,1276,3
2026-09-18,19,10068,0,11,252_2,3,4591,1630,1401,3
2026-09-18,19,10068,0,12,150_2,3,4741,1680,1451,3
2026-09-18,19,10068,0,13,151_2,4,6312,1714,1469,4
2026-09-18,19,10068,0,14,152_3,4,6484,1757,1512,4
2026-09-18,19,10068,0,15,251_2,4,6504,1762,1517,4
2026-09-18,19,10068,0,16,250_2,4,6428,1743,1498,4
2026-09-18,19,10068,0,17,249_2,4,6288,1708,1463,4
2026-09-18,19,10068,0,18,606_2,4,6376,1730,1485,4
2026-09-18,19,10068,0,19,607_2,4,6340,1721,1476,4
2026-09-18,19,10068,0,20,608_2,4,6260,1701,1456,4
2026-09-18,19,10068,0,21,609_2,5,6652,1690,434,5
2026-09-18,19,10068,0,22,610_2,6,7233,1709,452,6
2026-09-18,19,10068,0,23,765_2,6,6507,1756,499,6
2026-09-18,19,10068,0,24,7717_2,7,7968,1750,493,7
2026-09-18,19,10068,0,25,6023_1,8,8874,1801,544,8
2026-09-18,19,10068,0,26,210_2,8,8970,1813,556,8
2026-09-18,19,10068,0,27,211_2,8,8906,1805,548,8
2026-09-18,19,10068,0,28,212_2,8,9322,1857,600,8
2026-09-18,19,10068,0,29,615_2,8,9890,1934,654,8
2026-09-18,19,10068,0,30,7213_2,8,9922,1933,653,8
2026-09-18,19,10068,0,31,214_2,8,9066,1835,555,8
2026-09-18,19,10068,0,32,215_2,7,7219,1737,549,7
2026-09-18,19,10068,0,33,216_2,6,5620,1632,572,6
2026-09-18,19,10068,0,34,752_2,6,5524,1616,556,6
2026-09-18,19,10068,0,35,7217_2,6,5074,1541,481,6
2026-09-18,19,10068,0,36,422_1,4,2018,517,481,4
2026-09-18,19,10068,0,37,421_1,4,2198,562,526,4
2026-09-18,19,10068,0,38,6163_1,4,2178,557,521,4
2026-09-18,19,10068,0,39,419_1,4,2138,547,511,4
2026-09-18,19,10068,0,40,418_1,4,2218,567,531,4
2026-09-18,19,10068,0,41,440_1,4,2214,566,530,4
2026-09-18,19,10068,0,42,6236_1,4,2770,705,669,4
2026-09-18,19,10068,0,43,6109_1,4,2326,594,558,4
2026-09-18,19,10068,1,14,7213_1,1,124,124,124,0
2026-09-18,19,10068,1,15,615_1,1,196,196,196,0
2026-09-18,19,10068,1,16,212_1,1,224,224,224,0
2026-09-18,19,10068,1,17,211_1,2,586,295,291,0
2026-09-18,19,10068,1,18,210_1,3,894,302,294,1
2026-09-18,19,10068,1,19,6023_3,3,1254,422,414,3
2026-09-18,19,10068,1,20,7717_1,3,1476,496,488,3
2026-09-18,19,10068,1,21,765_1,3,1587,533,525,3
2026-09-18,19,10068,1,22,610_1,3,1368,460,452,3
2026-09-18,19,10068,1,23,609_1,3,1374,462,454,3
2026-09-18,19,10068,1,24,608_1,3,1569,527,519,3
2026-09-18,19,10068,1,25,607_1,3,1497,503,495,3
2026-09-18,19,10068,1,26,606_1,3,1536,516,508,3
2026-09-18,19,10068,1,27,249_1,3,1350,454,446,3
2026-09-18,19,10068,1,28,250_1,3,1359,457,449,3
2026-09-18,19,10068,1,29,251_1,3,1254,422,414,3
2026-09-18,19,10068,1,30,152_2,3,1368,460,452,3
2026-09-18,19,10068,1,31,151_1,4,2035,513,505,4
2026-09-18,19,10068,1,32,150_1,4,1979,499,491,4
2026-09-18,19,10068,1,33,252_1,4,2279,574,566,4
2026-09-18,19,10068,1,34,186_1,5,2483,570,353,5
2026-09-18,19,10068,1,35,253_1,6,2895,603,295,5
2026-09-18,19,10068,1,36,53_1,7,3413,638,301,7
2026-09-18,19,10068,1,37,254_1,7,3778,698,361,7
2026-09-18,19,10068,1,38,4_4,8,4250,719,325,8
2026-09-18,19,10068,1,39,6059_1,8,4650,769,375,8
2026-09-18,19,10068,1,40,3_1,8,5130,829,435,8
2026-09-18,19,10068,1,41,73_1,8,5490,874,480,8
2026-09-18,19,10068,1,42,128_1,8,6446,998,648,8
2026-09-18,19,10068,1,43,114_5,4,1534,493,216,3
2026-09-18,19,10069,0,3,128_1,2,390,228,162,0
2026-09-18,19,10069,0,4,114_5,3,370,168,100,0
2026-09-18,19,10069,0,5,3_3,4,1392,415,281,3
2026-09-18,19,10069,0,6,4_3,4,1716,496,362,4
2026-09-18,19,10069,0,7,254_2,4,1500,442,308,4
2026-09-18,19,10069,0,8,53_3,4,1204,368,234,3
2026-09-18,19,10069,0,9,253_2,4,1116,346,212,1
2026-09-18,19,10069,0,10,186_2,4,1088,339,205,1
2026-09-18,19,10069,0,11,252_2,4,1620,464,330,4
2026-09-18,19,10069,0,12,150_2,4,1820,514,380,4
2026-09-18,19,10069,0,13,151_2,4,1940,548,398,4
2026-09-18,19,10069,0,14,152_3,4,2112,591,441,4
2026-09-18,19,10069,0,15,251_2,4,2132,596,446,4
2026-09-18,19,10069,0,16,250_2,4,2056,577,427,4
2026-09-18,19,10069,0,17,249_2,4,1916,542,392,4
2026-09-18,19,10069,0,18,606_2,4,2004,564,414,4
2026-09-18,19,10069,0,19,607_2,4,1968,555,405,4
2026-09-18,19,10069,0,20,608_2,4,1888,535,385,4
2026-09-18,19,10069,0,21,609_2,4,1846,524,374,4
2026-09-18,19,10069,0,22,610_2,4,1956,543,410,4
2026-09-18,19,10069,0,23,765_2,4,2160,590,473,4
2026-09-18,19,10069,0,24,7717_2,4,2095,584,426,4
2026-09-18,19,10069,0,25,6023_1,4,2299,635,477,4
2026-09-18,19,10069,0,26,210_2,4,2347,647,489,4
2026-09-18,19,10069,0,27,211_2,4,2315,639,481,4
2026-09-18,19,10069,0,28,212_2,4,2523,691,533,4
2026-09-18,19,10069,0,29,615_2,4,2807,768,610,4
2026-09-18,19,10069,0,30,7213_2,4,2823,767,619,4
2026-09-18,19,10069,0,31,214_3,1,619,619,619,1
2026-09-18,19,10075,0,3,57_2,1,426,426,426,1
2026-09-18,19,10075,0,4,56_2,2,849,458,391,2
2026-09-18,19,10075,0,5,55_4,3,1353,481,414,3
2026-09-18,19,10075,0,6,69_2,3,1146,412,345,3
2026-09-18,19,10075,0,7,68_2,3,1320,470,403,3
2026-09-18,19,10075,0,8,67_2,3,1257,449,382,3
2026-09-18,19,10075,0,9,65_2,3,1308,466,399,3
2026-09-18,19,10075,0,10,204_2,3,1134,408,341,3
2026-09-18,19,10075,0,11,255_2,3,1419,503,436,3
2026-09-18,19,10075,0,12,205_2,3,1401,497,430,3
2026-09-18,19,10075,0,13,206_2,3,1351,479,414,3
2026-09-18,19,10075,0,14,863_3,4,1520,407,342,4
2026-09-18,19,10075,0,15,209_2,4,1788,474,409,4
2026-09-18,19,10075,0,16,210_2,4,2060,542,477,4
2026-09-18,19,10075,0,17,211_2,4,2028,534,469,4
2026-09-18,19,10075,0,18,212_2,4,2236,586,521,4
2026-09-18,19,10075,0,19,615_2,4,2520,642,598,4
2026-09-18,19,10075,0,20,7213_2,4,2536,651,597,4
2026-09-18,19,10075,0,21,214_2,4,2108,540,499,4
2026-09-18,19,10075,0,22,215_2,4,2099,543,493,4
2026-09-18,19,10075,0,23,216_2,4,2191,566,516,4
2026-09-18,19,10075,0,24,752_2,4,2127,550,500,4
2026-09-18,19,10075,0,25,7217_2,4,1827,475,425,4
2026-09-18,19,10075,0,26,422_1,4,1827,475,425,4
2026-09-18,19,10075,0,27,421_3,4,1763,459,409,4
2026-09-18,20,10032,0,32,91_1,1,610,610,610,1
2026-09-18,20,10032,0,33,6016_1,1,653,653,653,1
2026-09-18,20,10032,0,34,93_1,4,2307,637,541,4
2026-09-18,20,10032,0,35,94_1,4,2627,717,621,4
2026-09-18,20,10032,0,36,6242_1,4,2599,710,614,4
2026-09-18,20,10032,0,37,6064_1,4,2607,712,616,4
2026-09-18,20,10032,0,38,6255_2,4,2731,743,647,4
2026-09-18,20,10032,0,39,6256_2,4,2791,758,662,4
2026-09-18,20,10032,0,40,6094_2,4,2727,742,646,4
2026-09-18,20,10032,0,41,6244_2,4,2687,732,636,4
2026-09-18,20,10032,0,42,6257_2,4,2623,716,620,4
2026-09-18,20,10032,0,43,6240_2,4,2743,746,650,4
2026-09-18,20,10032,0,44,6258_2,4,2831,771,671,4
2026-09-18,20,10032,0,45,6225_2,4,2756,747,654,4
2026-09-18,20,10032,0,46,6181_2,3,2058,728,648,3
2026-09-18,20,10032,0,47,6246_2,4,2797,747,667,4
2026-09-18,20,10032,0,48,6206_2,4,2685,719,639,4
2026-09-18,20,10032,0,49,6176_2,4,2661,713,633,4
2026-09-18,20,10032,0,50,6200_3,4,2737,732,652,4
2026-09-18,20,10032,0,51,6042_2,4,2609,700,620,4
2026-09-18,20,10032,0,52,6031_2,4,2445,659,579,4
2026-09-18,20,10032,0,53,6039_1,4,2185,594,514,4
2026-09-18,20,10061,0,33,6248_2,1,1020,1020,1020,1
2026-09-18,20,10061,0,34,6249_2,1,1027,1027,1027,1
2026-09-18,20,10061,0,35,6015_2,2,1845,984,861,2
2026-09-18,20,10068,0,32,215_2,1,1829,1829,1829,1
2026-09-18,20,10068,0,33,216_2,2,3612,1852,1760,2
2026-09-18,20,10068,0,34,752_2,2,3580,1836,1744,2
2026-09-18,20,10068,0,35,7217_2,2,3430,1761,1669,2
2026-09-18,20,10068,0,36,422_1,4,6486,1761,1515,4
2026-09-18,20,10068,0,37,421_1,4,6666,1806,1560,4
2026-09-18,20,10068,0,38,6163_1,4,6646,1801,1555,4
2026-09-18,20,10068,0,39,419_1,4,6606,1791,1545,4
2026-09-18,20,10068,0,40,418_1,4,6686,1811,1565,4
2026-09-18,20,10068,0,41,440_1,4,6682,1810,1564,4
2026-09-18,20,10068,0,42,6236_1,4,7238,1949,1703,4
2026-09-18,20,10068,0,43,6109_1,4,6794,1838,1592,4
2026-09-18,20,10068,1,43,114_5,4,3504,966,724,4
2026-09-18,20,10069,0,31,214_3,3,2204,767,711,3
