date,hour,route_id,direction_id,stop_sequence,stop_id,n_obs,sum_delay,max_delay,min_delay,n_late5
2026-10-09,5,10047,0,3,6160_2,1,39,39,39,0
2026-10-09,5,10047,0,4,6162_2,1,39,39,39,0
2026-10-09,5,10047,0,5,6041_2,1,99,99,99,0
2026-10-09,5,10047,0,6,243_2,2,123,99,24,0
2026-10-09,5,10047,0,7,6228_2,2,123,99,24,0
2026-10-09,5,10047,0,8,95_2,3,309,159,66,0
2026-10-09,5,10047,0,9,94_3,3,489,219,126,0
2026-10-09,5,10047,0,10,6242_1,1,60,60,60,0
2026-10-09,5,10060,1,1,6015_1,1,0,0,0,0
2026-10-09,5,10060,1,2,6249_1,1,10,10,10,0
2026-10-09,5,10060,1,3,6248_1,1,10,10,10,0
2026-10-09,5,10060,1,4,6067_1,2,24,14,10,0
2026-10-09,6,10031,0,1,3_1,1,35,35,35,0
2026-10-09,6,10031,0,2,73_1,1,0,0,0,0
2026-10-09,6,10031,0,3,128_1,2,161,90,71,0
2026-10-09,6,10031,0,4,114_5,1,0,0,0,0
2026-10-09,6,10032,1,1,6039_1,1,0,0,0,0
2026-10-09,6,10032,1,2,6031_1,1,10,10,10,0
2026-10-09,6,10032,1,3,6042_1,1,10,10,10,0
2026-10-09,6,10032,1,4,6200_1,2,27,17,10,0
2026-10-09,6,10032,1,5,6176_1,2,27,17,10,0
2026-10-09,6,10032,1,6,6206_1,3,49,22,10,0
2026-10-09,6,10032,1,7,6246_1,3,79,32,20,0
2026-10-09,6,10032,1,8,6181_1,4,142,63,20,0
2026-10-09,6,10032,1,9,6225_1,4,142,63,20,0
2026-10-09,6,10032,1,10,6258_1,4,142,63,20,0
2026-10-09,6,10032,1,11,6240_1,5,149,63,7,0
2026-10-09,6,10032,1,12,6257_1,5,199,73,17,0
2026-10-09,6,10032,1,13,6244_1,6,241,73,17,0
2026-10-09,6,10032,1,14,6094_1,6,241,73,17,0
2026-10-09,6,10032,1,15,6256_1,6,241,73,17,0
2026-10-09,6,10032,1,16,6255_1,7,244,73,3,0
2026-10-09,6,10032,1,17,6064_2,8,246,73,2,0
2026-10-09,6,10032,1,18,6242_2,8,246,73,2,0
2026-10-09,6,10032,1,19,94_4,8,246,73,2,0
2026-10-09,6,10032,1,20,93_2,8,246,73,2,0
2026-10-09,6,10032,1,21,6016_2,6,129,54,0,0
2026-10-09,6,10032,1,22,91_4,7,550,114,60,0
2026-10-09,6,10032,1,23,6016_1,8,922,154,96,0
2026-10-09,6,10032,1,24,93_1,9,796,124,58,0
2026-10-09,6,10032,1,25,94_2,10,1427,184,91,0
2026-10-09,6,10032,1,26,95_1,10,1333,179,75,0
2026-10-09,6,10032,1,27,6228_1,11,1751,215,43,0
2026-10-09,6,10032,1,28,243_1,12,1857,224,7,0
2026-10-09,6,10032,1,29,6041_1,13,2459,254,44,0
2026-10-09,6,10032,1,30,6162_1,13,2095,226,16,0
2026-10-09,6,10032,1,31,6160_1,12,1991,224,32,0
2026-10-09,6,10032,1,32,6001_1,14,2737,272,36,0
2026-10-09,6,10032,1,33,6161_1,14,2537,256,26,0
2026-10-09,6,10032,1,34,446_3,5,469,191,42,0
2026-10-09,6,10032,1,35,6166_1,6,418,115,39,0
2026-10-09,6,10032,1,36,6143_1,6,268,90,14,0
2026-10-09,6,10032,1,37,6241_1,4,57,28,0,0
2026-10-09,6,10045,0,1,9_1,1,0,0,0,0
2026-10-09,6,10045,0,2,6241_2,2,74,46,28,0
2026-10-09,6,10045,0,3,6143_2,2,142,80,62,0
2026-10-09,6,10045,0,4,6166_2,3,176,72,50,0
2026-10-09,6,10045,0,5,446_4,3,4,4,0,0
2026-10-09,6,10045,0,6,6161_2,2,0,0,0,0
2026-10-09,6,10045,0,7,6001_2,2,48,24,24,0
2026-10-09,6,10045,0,8,6160_2,2,12,6,6,0
2026-10-09,6,10045,0,9,6162_2,3,7,7,0,0
2026-10-09,6,10045,0,10,6041_2,3,70,28,21,0
2026-10-09,6,10045,0,11,243_2,3,6,6,0,0
2026-10-09,6,10045,0,12,97_3,4,21,15,0,0
2026-10-09,6,10045,0,13,96_2,4,21,15,0,0
2026-10-09,6,10045,0,14,95_2,5,113,92,0,0
2026-10-09,6,10045,0,15,94_3,5,248,119,27,0
2026-10-09,6,10045,0,16,93_2,5,248,119,27,0
2026-10-09,6,10045,0,17,6016_2,7,275,111,8,0
2026-10-09,6,10045,0,18,91_1,8,831,171,68,0
2026-10-09,6,10045,0,19,6016_1,8,911,181,78,0
2026-10-09,6,10045,0,20,93_1,9,893,177,48,0
2026-10-09,6,10045,0,21,94_1,9,893,177,48,0
2026-10-09,6,10045,0,22,6242_1,10,971,177,48,0
2026-10-09,6,10045,0,23,6064_1,10,781,158,29,0
2026-10-09,6,10045,0,24,6255_2,11,948,171,37,0
2026-10-09,6,10045,0,25,6256_2,11,959,172,38,0
2026-10-09,6,10045,0,26,6094_2,11,662,145,11,0
2026-10-09,6,10045,0,27,6244_2,11,541,134,0,0
2026-10-09,6,10045,0,28,6257_2,12,522,132,0,0
2026-10-09,6,10045,0,29,6240_2,12,942,167,35,0
2026-10-09,6,10045,0,30,6258_2,13,887,161,17,0
2026-10-09,6,10045,0,31,6225_2,13,642,142,0,0
2026-10-09,6,10045,0,32,6181_2,11,323,112,0,0
2026-10-09,6,10047,0,10,6242_1,3,489,219,126,0
2026-10-09,6,10047,0,11,6064_1,4,549,219,60,0
2026-10-09,6,10047,0,12,6255_2,5,875,279,86,0
2026-10-09,6,10047,0,13,6256_2,5,875,279,86,0
2026-10-09,6,10047,0,14,6094_2,5,875,279,86,0
2026-10-09,6,10047,0,15,6244_2,6,888,279,13,0
2026-10-09,6,10047,0,16,6257_2,6,888,279,13,0
2026-10-09,6,10047,0,17,6240_2,7,1309,339,61,1
2026-10-09,6,10047,0,18,6258_2,7,1309,339,61,1
2026-10-09,6,10047,0,19,6225_2,7,1309,339,61,1
2026-10-09,6,10047,0,20,6181_2,8,1321,339,12,1
2026-10-09,6,10047,0,21,6246_2,9,1329,339,8,1
2026-10-09,6,10047,0,22,6206_2,9,1329,339,8,1
2026-10-09,6,10047,0,23,6176_2,10,1343,339,8,1
2026-10-09,6,10047,0,24,6200_3,11,1352,339,8,1
2026-10-09,6,10047,0,25,6042_2,11,1352,339,8,1
2026-10-09,6,10047,0,26,6031_2,11,1352,339,8,1
2026-10-09,6,10047,0,27,6039_1,12,1352,339,0,1
2026-10-09,6,10047,1,1,6039_1,1,6,6,6,0
2026-10-09,6,10047,1,2,6031_1,2,115,68,47,0
2026-10-09,6,10047,1,3,6042_1,2,47,34,13,0
2026-10-09,6,10047,1,4,6200_1,2,31,26,5,0
2026-10-09,6,10047,1,5,6176_1,3,134,79,17,0
2026-10-09,6,10047,1,6,6206_1,3,161,88,26,0
2026-10-09,6,10047,1,7,6246_1,4,404,150,57,0
2026-10-09,6,10047,1,8,6181_1,2,71,46,25,0
2026-10-09,6,10050,0,1,91_4,1,0,0,0,0
2026-10-09,6,10050,0,2,6016_1,2,72,40,32,0
2026-10-09,6,10050,0,3,93_1,3,116,58,21,0
2026-10-09,6,10050,0,4,6013_2,3,278,112,75,0
2026-10-09,6,10050,0,5,6212_2,3,251,103,66,0
2026-10-09,6,10050,0,6,6205_2,4,343,110,71,0
2026-10-09,6,10050,0,7,6187_3,4,255,88,49,0
2026-10-09,6,10050,0,8,6011_2,5,291,88,36,0
2026-10-09,6,10050,0,9,6018_2,5,291,88,36,0
2026-10-09,6,10050,0,10,6190_2,5,341,98,46,0
2026-10-09,6,10050,0,11,6171_2,5,341,98,46,0
2026-10-09,6,10050,0,12,6014_3,3,105,59,0,0
2026-10-09,6,10050,1,1,6014_1,2,0,0,0,0
2026-10-09,6,10050,1,2,6171_1,3,119,63,10,0
2026-10-09,6,10050,1,3,6190_1,4,179,68,10,0
2026-10-09,6,10050,1,4,6018_1,4,113,68,9,0
2026-10-09,6,10050,1,5,6011_3,6,159,68,0,0
2026-10-09,6,10050,1,6,6187_2,7,199,68,6,0
2026-10-09,6,10050,1,7,6205_1,8,155,58,0,0
2026-10-09,6,10050,1,8,6212_1,8,142,47,0,0
2026-10-09,6,10050,1,9,6013_1,8,87,38,0,0
2026-10-09,6,10050,1,10,93_2,10,474,90,21,0
2026-10-09,6,10050,1,11,6016_2,9,151,40,0,0
2026-10-09,6,10050,1,12,91_4,6,420,100,60,0
2026-10-09,6,10051,0,1,91_4,2,0,0,0,0
2026-10-09,6,10051,0,2,6016_1,4,100,53,0,0
2026-10-09,6,10051,0,3,93_1,5,58,23,0,0
2026-10-09,6,10051,0,4,6013_2,6,363,77,46,0
2026-10-09,6,10051,0,5,6212_2,7,463,133,35,0
2026-10-09,6,10051,0,6,6205_2,7,455,131,33,0
2026-10-09,6,10051,0,7,6187_3,9,540,131,16,0
2026-10-09,6,10051,0,8,6011_4,9,535,130,15,0
2026-10-09,6,10051,0,9,6017_2,11,664,144,0,0
2026-10-09,6,10051,0,10,6172_2,12,833,181,0,0
2026-10-09,6,10051,0,11,6067_2,13,1496,224,53,0
2026-10-09,6,10051,0,12,6248_2,13,1545,231,60,0
2026-10-09,6,10051,0,13,6249_2,15,2038,263,40,0
2026-10-09,6,10051,0,14,6015_2,14,902,171,0,0
2026-10-09,6,10051,1,3,6248_1,2,46,33,13,0
2026-10-09,6,10051,1,4,6067_1,2,6,6,0,0
2026-10-09,6,10051,1,5,6172_1,4,55,25,5,0
2026-10-09,6,10051,1,6,6017_1,5,98,43,11,0
2026-10-09,6,10051,1,7,6011_1,6,111,54,3,0
2026-10-09,6,10051,1,8,6187_2,7,210,60,6,0
2026-10-09,6,10051,1,9,6205_1,8,186,50,0,0
2026-10-09,6,10051,1,10,6212_1,8,171,36,0,0
2026-10-09,6,10051,1,11,6013_1,9,110,29,0,0
2026-10-09,6,10051,1,12,93_2,11,170,29,0,0
2026-10-09,6,10051,1,13,6016_2,11,120,29,0,0
2026-10-09,6,10051,1,14,91_4,11,780,89,60,0
2026-10-09,6,10059,0,1,91_3,1,0,0,0,0
2026-10-09,6,10059,0,2,7841_4,2,1,1,0,0
2026-10-09,6,10059,0,3,6170_2,2,45,23,22,0
2026-10-09,6,10059,0,4,6902_2,2,17,9,8,0
2026-10-09,6,10059,0,5,6006_2,3,140,48,45,0
2026-10-09,6,10059,0,6,6229_2,3,182,62,59,0
2026-10-09,6,10059,0,7,6074_2,5,189,41,34,0
2026-10-09,6,10060,0,1,9_1,1,0,0,0,0
2026-10-09,6,10060,0,2,6241_2,2,49,49,0,0
2026-10-09,6,10060,0,2,73_1,1,62,62,62,0
2026-10-09,6,10060,0,3,6143_2,2,169,109,60,0
2026-10-09,6,10060,0,3,128_1,2,70,62,8,0
2026-10-09,6,10060,0,4,6166_2,3,280,111,60,0
2026-10-09,6,10060,0,4,114_5,2,310,182,128,0
2026-10-09,6,10060,0,5,446_4,3,280,111,60,0
2026-10-09,6,10060,0,5,393_2,3,339,182,29,0
2026-10-09,6,10060,0,6,6161_2,3,280,111,60,0
2026-10-09,6,10060,0,6,6070_3,4,666,242,89,0
2026-10-09,6,10060,0,7,6001_2,4,407,138,46,0
2026-10-09,6,10060,0,7,6102_2,4,426,182,29,0
2026-10-09,6,10060,0,8,6160_2,4,267,103,11,0
2026-10-09,6,10060,0,8,6069_2,5,559,182,29,0
2026-10-09,6,10060,0,9,6162_2,4,255,100,8,0
2026-10-09,6,10060,0,9,6057_2,5,559,182,29,0
2026-10-09,6,10060,0,10,6041_2,5,385,122,30,0
2026-10-09,6,10060,0,10,9_5,6,995,242,89,0
2026-10-09,6,10060,0,11,243_2,5,295,104,12,0
2026-10-09,6,10060,0,11,6241_2,6,995,242,89,0
2026-10-09,6,10060,0,12,6228_2,5,270,99,7,0
2026-10-09,6,10060,0,12,6143_2,6,1157,269,116,0
2026-10-09,6,10060,0,13,95_2,6,410,121,29,0
2026-10-09,6,10060,0,13,6166_2,7,1086,249,49,0
2026-10-09,6,10060,0,14,94_3,6,590,151,59,0
2026-10-09,6,10060,0,14,446_4,7,1030,202,51,0
2026-10-09,6,10060,0,15,6013_2,7,1055,211,105,0
2026-10-09,6,10060,0,15,6161_2,8,834,172,0,0
2026-10-09,6,10060,0,16,6212_2,8,1091,211,74,0
2026-10-09,6,10060,0,16,6001_2,8,1089,205,33,0
2026-10-09,6,10060,0,17,6205_2,8,1055,211,62,0
2026-10-09,6,10060,0,17,6160_2,8,713,176,4,0
2026-10-09,6,10060,0,18,6187_3,8,1005,211,37,0
2026-10-09,6,10060,0,18,6162_2,9,836,171,0,0
2026-10-09,6,10060,0,19,6011_4,9,1092,211,40,0
2026-10-09,6,10060,0,19,6041_2,9,1137,206,35,0
2026-10-09,6,10060,0,20,6017_2,9,1118,211,52,0
2026-10-09,6,10060,0,20,243_2,10,859,174,0,0
2026-10-09,6,10060,0,21,6172_2,10,1151,211,42,0
2026-10-09,6,10060,0,21,6228_2,9,792,166,0,0
2026-10-09,6,10060,0,22,6067_2,10,1749,271,102,0
2026-10-09,6,10060,0,22,95_2,10,960,180,14,0
2026-10-09,6,10060,0,23,6248_2,11,1790,271,83,0
2026-10-09,6,10060,0,23,94_3,11,1363,203,37,0
2026-10-09,6,10060,0,24,6249_2,13,2039,271,68,0
2026-10-09,6,10060,0,24,6013_2,5,540,151,85,0
2026-10-09,6,10060,0,25,6015_2,13,1169,211,0,0
2026-10-09,6,10060,0,25,6212_2,7,523,102,50,0
2026-10-09,6,10060,0,26,6205_2,2,96,48,48,0
2026-10-09,6,10060,1,1,6015_1,1,0,0,0,0
2026-10-09,6,10060,1,2,6249_1,2,71,40,31,0
2026-10-09,6,10060,1,3,6248_1,3,89,38,25,0
2026-10-09,6,10060,1,4,6067_1,5,68,51,0,0
2026-10-09,6,10060,1,5,6172_1,7,167,78,7,0
2026-10-09,6,10060,1,6,6017_1,10,213,76,8,0
2026-10-09,6,10060,1,7,6011_1,9,145,62,0,0
2026-10-09,6,10060,1,8,6187_2,11,363,84,10,0
2026-10-09,6,10060,1,9,6205_1,15,579,105,8,0
2026-10-09,6,10060,1,10,6212_1,13,325,78,0,0
2026-10-09,6,10060,1,11,6013_1,12,180,50,0,0
2026-10-09,6,10060,1,12,94_2,12,574,97,4,0
2026-10-09,6,10060,1,13,95_1,12,545,97,0,0
2026-10-09,6,10060,1,14,6228_1,14,807,97,4,0
2026-10-09,6,10060,1,15,243_1,15,910,97,4,0
2026-10-09,6,10060,1,16,6041_1,15,1165,119,14,0
2026-10-09,6,10060,1,17,6162_1,15,969,107,14,0
2026-10-09,6,10060,1,18,6160_1,17,1073,107,14,0
2026-10-09,6,10060,1,19,6001_1,17,1997,167,74,0
2026-10-09,6,10060,1,20,6161_1,18,2516,227,72,0
2026-10-09,6,10060,1,21,446_3,19,4413,347,141,6
2026-10-09,6,10060,1,22,6166_1,20,4421,347,89,6
2026-10-09,6,10060,1,23,6143_1,20,4211,347,68,6
2026-10-09,6,10060,1,24,6241_1,21,4007,347,36,6
2026-10-09,6,10060,1,25,9_2,21,2726,287,0,0
2026-10-09,6,10060,1,26,8_3,22,3375,347,0,6
2026-10-09,6,10060,1,27,6_1,23,3495,347,10,6
2026-10-09,6,10060,1,28,902_1,24,3642,347,10,6
2026-10-09,6,10060,1,29,5_1,24,4623,407,34,9
2026-10-09,6,10060,1,30,4_1,21,4367,407,36,9
2026-10-09,6,10060,1,31,6059_1,16,5096,467,105,10
2026-10-09,6,10060,1,32,3_1,16,5096,467,105,10
2026-10-09,6,10060,1,33,73_1,16,5096,467,105,10
2026-10-09,6,10060,1,34,128_1,16,5096,467,105,10
2026-10-09,6,10060,1,35,114_5,16,7016,587,225,12
2026-10-09,6,10062,0,2,7841_4,2,2,2,0,0
2026-10-09,6,10062,0,3,6170_2,3,431,189,120,0
2026-10-09,6,10062,0,4,6902_2,3,431,189,120,0
2026-10-09,6,10062,0,5,6006_2,3,611,249,180,0
2026-10-09,6,10062,0,6,6229_2,4,727,249,116,0
2026-10-09,6,10062,0,7,6074_2,4,727,249,116,0
2026-10-09,6,10062,0,8,6169_2,5,832,249,105,0
2026-10-09,6,10062,0,9,6263_2,6,1267,309,135,1
2026-10-09,6,10062,0,10,6196_2,6,1627,369,195,3
2026-10-09,6,10062,0,11,6134_2,7,1793,369,166,3
2026-10-09,6,10062,0,12,6106_2,7,1793,369,166,3
2026-10-09,6,10062,0,13,6020_9,7,1793,369,166,3
2026-10-09,6,10062,0,14,6019_1,8,2424,429,211,3
2026-10-09,6,10062,1,1,6019_1,1,0,0,0,0
2026-10-09,6,10062,1,2,6020_1,2,1,1,0,0
2026-10-09,6,10062,1,3,6106_1,3,49,48,0,0
2026-10-09,6,10062,1,4,6134_1,3,49,48,0,0
2026-10-09,6,10062,1,5,6196_1,4,86,48,0,0
2026-10-09,6,10062,1,6,6263_1,4,86,48,0,0
2026-10-09,6,10062,1,7,6169_1,1,0,0,0,0
2026-10-09,6,10062,1,8,6405_1,1,10,10,10,0
2026-10-09,6,10062,1,9,6074_1,2,63,53,10,0
2026-10-09,6,10062,1,10,6229_1,2,63,53,10,0
2026-10-09,6,10062,1,11,6006_1,3,109,53,10,0
2026-10-09,6,10062,1,12,6902_1,3,139,63,20,0
2026-10-09,6,10062,1,13,6170_1,4,238,99,20,0
2026-10-09,6,10062,1,14,7841_2,4,478,159,80,0
2026-10-09,6,10062,1,15,91_2,5,300,99,20,0
2026-10-09,6,10067,0,1,214_3,1,0,0,0,0
2026-10-09,6,10067,0,2,215_2,1,60,60,60,0
2026-10-09,6,10067,0,3,216_2,2,119,60,59,0
2026-10-09,6,10067,0,4,752_2,2,119,60,59,0
2026-10-09,6,10067,0,5,7217_2,2,239,120,119,0
2026-10-09,6,10067,0,6,422_1,3,434,180,75,0
2026-10-09,6,10067,0,7,421_3,4,684,240,70,0
2026-10-09,6,10067,0,8,422_2,5,757,246,49,0
2026-10-09,6,10067,0,9,423_2,6,1162,306,105,2
2026-10-09,6,10067,0,10,424_2,6,1162,306,105,2
2026-10-09,6,10067,0,11,425_1,7,1643,366,121,2
2026-10-09,6,10067,0,12,426_2,8,1765,366,121,2
2026-10-09,6,10067,0,13,6168_2,9,1872,366,107,2
2026-10-09,6,10067,0,14,6112_2,9,1872,366,107,2
2026-10-09,6,10067,0,15,6180_2,10,1998,366,107,2
2026-10-09,6,10067,0,16,6035_2,10,1998,366,107,2
2026-10-09,6,10067,0,17,6079_1,10,1998,366,107,2
2026-10-09,6,10068,1,1,6109_1,1,0,0,0,0
2026-10-09,6,10068,1,2,6236_2,2,110,68,42,0
2026-10-09,6,10068,1,3,440_2,2,126,76,50,0
2026-10-09,6,10068,1,4,418_2,3,223,85,59,0
2026-10-09,6,10068,1,5,419_2,4,488,151,97,0
2026-10-09,6,10068,1,6,6163_2,4,500,154,100,0
2026-10-09,6,10068,1,7,421_2,5,607,151,97,0
2026-10-09,6,10068,1,8,422_2,6,128,53,0,0
2026-10-09,6,10068,1,9,7217_1,5,62,39,0,0
2026-10-09,6,10068,1,10,752_1,7,518,106,56,0
2026-10-09,6,10068,1,11,216_1,8,466,87,46,0
2026-10-09,6,10068,1,12,215_1,9,255,57,3,0
2026-10-09,6,10069,1,1,214_3,2,17,17,0,0
2026-10-09,6,10069,1,2,7213_1,2,24,17,7,0
2026-10-09,6,10069,1,3,615_1,4,222,77,27,0
2026-10-09,6,10069,1,4,212_1,4,338,137,50,0
2026-10-09,6,10069,1,5,211_1,6,619,137,87,0
2026-10-09,6,10069,1,6,210_1,6,376,137,10,0
2026-10-09,6,10069,1,7,6023_3,8,648,137,54,0
2026-10-09,6,10069,1,8,7717_1,10,652,137,5,0
2026-10-09,6,10069,1,9,765_1,12,1040,149,34,0
2026-10-09,6,10069,1,10,610_1,10,886,157,0,0
2026-10-09,6,10069,1,11,609_1,12,1019,165,0,0
2026-10-09,6,10069,1,12,608_1,11,1148,165,60,0
2026-10-09,6,10069,1,13,607_1,10,903,147,26,0
2026-10-09,6,10069,1,14,606_1,9,825,147,53,0
2026-10-09,6,10069,1,15,249_1,8,768,147,53,0
2026-10-09,6,10069,1,16,250_1,9,785,147,17,0
2026-10-09,6,10069,1,17,251_1,10,1418,207,77,0
2026-10-09,6,10069,1,18,152_2,10,1418,207,77,0
2026-10-09,6,10069,1,19,151_1,11,1608,217,87,0
2026-10-09,6,10069,1,20,150_1,12,1736,217,87,0
2026-10-09,6,10069,1,21,252_1,13,1855,217,87,0
2026-10-09,6,10069,1,22,186_1,13,1855,217,87,0
2026-10-09,6,10069,1,23,253_1,14,2758,277,123,0
2026-10-09,6,10069,1,24,53_1,15,2887,277,123,0
2026-10-09,6,10069,1,25,254_1,16,3029,277,123,0
2026-10-09,6,10069,1,26,4_4,17,3170,277,123,0
2026-10-09,6,10069,1,27,6059_1,18,5443,397,233,9
2026-10-09,6,10069,1,28,3_1,18,7603,517,353,18
2026-10-09,6,10069,1,29,73_1,19,7701,517,208,17
2026-10-09,6,10069,1,30,128_1,20,7975,517,210,17
2026-10-09,6,10069,1,31,114_5,20,10049,637,167,18
2026-10-09,6,10070,1,1,421_3,1,0,0,0,0
2026-10-09,6,10070,1,2,422_2,2,10,10,0,0
2026-10-09,6,10070,1,3,7217_1,3,27,17,0,0
2026-10-09,6,10070,1,4,752_1,4,272,77,60,0
2026-10-09,6,10070,1,5,216_1,4,272,77,60,0
2026-10-09,6,10070,1,6,215_1,5,340,77,60,0
2026-10-09,6,10070,1,7,214_1,6,405,77,60,0
2026-10-09,6,10070,1,8,7213_1,6,405,77,60,0
2026-10-09,6,10070,1,9,615_1,7,802,127,97,0
2026-10-09,6,10070,1,10,212_1,7,921,144,114,0
2026-10-09,6,10070,1,11,211_1,8,1241,173,117,0
2026-10-09,6,10070,1,12,210_1,8,697,105,49,0
2026-10-09,6,10070,1,13,6023_3,9,1243,161,98,0
2026-10-09,6,10070,1,14,7717_1,10,1069,135,60,0
2026-10-09,6,10070,1,15,765_1,10,1389,167,92,0
2026-10-09,6,10070,1,16,610_1,11,569,85,0,0
2026-10-09,6,10070,1,17,609_1,9,337,60,0,0
2026-10-09,6,10070,1,18,608_1,9,895,122,62,0
2026-10-09,6,10070,1,19,607_1,9,571,86,26,0
2026-10-09,6,10070,1,20,606_1,10,1106,132,72,0
2026-10-09,6,10070,1,21,249_1,9,214,39,0,0
2026-10-09,6,10070,1,22,250_1,9,340,53,14,0
2026-10-09,6,10070,1,23,251_1,10,944,111,72,0
2026-10-09,6,10070,1,24,152_2,11,870,97,52,0
2026-10-09,6,10070,1,25,151_1,11,1304,143,98,0
2026-10-09,6,10070,1,26,150_1,12,1285,143,53,0
2026-10-09,6,10070,1,27,252_1,12,1605,165,93,0
2026-10-09,6,10070,1,28,186_1,14,917,143,0,0
2026-10-09,6,10070,1,29,253_1,7,688,110,63,0
2026-10-09,6,10072,1,1,6109_1,1,0,0,0,0
2026-10-09,6,10072,1,2,6236_2,2,15,15,0,0
2026-10-09,6,10072,1,3,440_2,2,15,15,0,0
2026-10-09,6,10072,1,4,418_2,3,82,67,0,0
2026-10-09,6,10072,1,5,419_2,4,398,136,60,0
2026-10-09,6,10072,1,6,6163_2,4,398,136,60,0
2026-10-09,6,10072,1,7,421_2,5,517,136,60,0
2026-10-09,6,10072,1,8,422_2,5,517,136,60,0
2026-10-09,6,10072,1,9,7217_1,6,458,123,6,0
2026-10-09,6,10072,1,10,752_1,6,794,179,62,0
2026-10-09,6,10072,1,11,216_1,6,824,184,67,0
2026-10-09,6,10072,1,12,215_1,7,857,180,57,0
2026-10-09,6,10072,1,13,214_1,7,766,167,44,0
2026-10-09,6,10072,1,14,7213_1,8,717,160,0,0
2026-10-09,6,10072,1,15,615_1,8,1083,205,46,0
2026-10-09,6,10072,1,16,212_1,9,1126,203,38,0
2026-10-09,6,10072,1,17,211_1,9,1471,244,79,0
2026-10-09,6,10072,1,18,210_1,9,780,163,0,0
2026-10-09,6,10072,1,19,209_1,10,783,163,0,0
2026-10-09,6,10072,1,20,863_1,10,783,163,0,0
2026-10-09,6,10072,1,21,206_1,8,837,172,60,0
2026-10-09,6,10080,1,1,6079_1,1,0,0,0,0
2026-10-09,6,10080,1,2,6035_1,2,6,6,0,0
2026-10-09,6,10080,1,3,6180_1,3,306,180,60,0
2026-10-09,6,10080,1,4,6112_1,4,450,180,60,0
2026-10-09,6,10080,1,5,6168_1,4,414,144,60,0
2026-10-09,6,10080,1,6,426_1,2,126,66,60,0
2026-10-09,7,10001,1,1,724_1,1,0,0,0,0
2026-10-09,7,10001,1,2,727_1,2,135,75,60,0
2026-10-09,7,10001,1,3,723_1,3,157,75,22,0
2026-10-09,7,10001,1,4,722_1,4,270,113,22,0
2026-10-09,7,10001,1,5,721_1,4,510,173,82,0
2026-10-09,7,10001,1,6,720_1,5,658,173,82,0
2026-10-09,7,10001,1,7,719_1,6,828,173,82,0
2026-10-09,7,10001,1,8,718_1,6,1188,233,142,0
2026-10-09,7,10001,1,9,7717_1,7,1400,233,142,0
2026-10-09,7,10001,1,10,765_1,8,2235,345,211,2
2026-10-09,7,10001,1,11,610_1,9,2456,328,199,2
2026-10-09,7,10001,1,12,609_1,9,2763,353,236,6
2026-10-09,7,10001,1,13,608_1,10,2923,337,220,5
2026-10-09,7,10001,1,14,607_1,10,2647,317,188,2
2026-10-09,7,10001,1,15,606_1,10,2541,305,176,1
2026-10-09,7,10001,1,16,249_1,11,2961,332,203,2
2026-10-09,7,10001,1,17,250_1,11,2980,340,192,3
2026-10-09,7,10001,1,18,251_1,13,3921,366,237,6
2026-10-09,7,10001,1,19,152_1,14,4265,366,237,7
2026-10-09,7,10001,1,20,200_1,14,5105,426,297,13
2026-10-09,7,10001,1,21,184_1,16,5785,426,297,15
2026-10-09,7,10001,1,22,201_1,17,6135,426,297,16
2026-10-09,7,10001,1,23,51_1,18,6515,426,297,17
2026-10-09,7,10001,1,24,202_1,19,8090,495,357,19
2026-10-09,7,10001,1,25,5_4,20,8570,495,357,20
2026-10-09,7,10001,1,26,6070_3,21,7737,435,297,20
2026-10-09,7,10031,0,5,114_4,3,562,191,180,0
2026-10-09,7,10031,0,6,393_2,4,579,191,17,0
2026-10-09,7,10031,0,7,6070_3,5,728,204,30,0
2026-10-09,7,10031,0,8,6102_2,6,637,174,0,0
2026-10-09,7,10031,0,9,6069_2,6,532,153,0,0
2026-10-09,7,10031,0,10,6057_2,7,390,117,0,0
2026-10-09,7,10031,0,11,9_5,6,269,80,0,0
2026-10-09,7,10031,0,12,6241_2,7,369,84,4,0
2026-10-09,7,10031,0,13,6143_2,6,200,52,0,0
2026-10-09,7,10031,0,14,6166_2,7,208,110,0,0
2026-10-09,7,10031,0,15,446_4,7,151,71,0,0
2026-10-09,7,10031,0,16,6161_2,7,150,90,0,0
2026-10-09,7,10031,0,17,6001_2,9,541,183,25,0
2026-10-09,7,10031,0,18,6160_2,10,328,160,0,0
2026-10-09,7,10031,0,19,6162_2,6,440,173,0,0
2026-10-09,7,10031,0,20,6041_2,7,631,199,26,0
2026-10-09,7,10031,0,21,243_2,9,836,237,0,0
2026-10-09,7,10031,0,22,6228_2,8,771,229,0,0
2026-10-09,7,10031,0,23,95_2,8,663,196,0,0
2026-10-09,7,10031,0,24,94_3,9,910,224,23,0
2026-10-09,7,10031,0,25,93_2,8,661,174,0,0
2026-10-09,7,10031,0,26,6016_2,10,916,256,0,0
2026-10-09,7,10031,0,27,91_1,8,500,164,0,0
2026-10-09,7,10031,0,28,6016_1,9,1140,280,45,0
2026-10-09,7,10031,0,29,93_1,11,1167,275,28,0
2026-10-09,7,10031,0,30,94_1,12,1448,277,30,0
2026-10-09,7,10031,0,31,6242_1,14,1536,320,7,1
2026-10-09,7,10031,0,32,6064_1,14,1471,309,0,1
2026-10-09,7,10031,0,33,6255_2,14,1903,345,13,2
2026-10-09,7,10031,0,34,6256_2,17,2347,348,14,3
2026-10-09,7,10031,0,35,6094_2,15,1933,324,0,3
2026-10-09,7,10031,0,36,6244_2,13,1812,305,0,1
2026-10-09,7,10031,0,37,6257_2,12,1681,292,0,0
2026-10-09,7,10031,0,38,6240_2,13,2112,325,33,2
2026-10-09,7,10031,0,39,6258_2,16,2840,382,27,5
2026-10-09,7,10031,0,40,6225_2,16,2482,359,8,3
2026-10-09,7,10031,0,41,6181_2,18,2720,351,4,3
2026-10-09,7,10031,0,42,6246_2,21,3383,362,30,5
2026-10-09,7,10031,0,43,6206_2,23,3459,359,8,5
2026-10-09,7,10031,0,44,6176_2,26,4543,465,3,9
2026-10-09,7,10031,0,45,6200_3,27,6203,509,53,10
2026-10-09,7,10031,0,46,6042_2,28,5242,469,20,10
2026-10-09,7,10031,0,47,6031_2,26,4174,427,0,7
2026-10-09,7,10031,0,48,6039_1,17,3228,351,0,3
2026-10-09,7,10032,1,1,6039_1,2,6,6,0,0
2026-10-09,7,10032,1,2,6031_1,2,126,66,60,0
2026-10-09,7,10032,1,3,6042_1,3,133,75,26,0
2026-10-09,7,10032,1,4,6200_1,3,109,67,18,0
2026-10-09,7,10032,1,5,6176_1,4,248,100,31,0
2026-10-09,7,10032,1,6,6206_1,4,268,105,36,0
2026-10-09,7,10032,1,7,6246_1,5,457,126,57,0
2026-10-09,7,10032,1,8,6181_1,5,437,122,53,0
2026-10-09,7,10032,1,9,6225_1,5,467,128,59,0
2026-10-09,7,10032,1,10,6258_1,6,486,115,46,0
2026-10-09,7,10032,1,11,6240_1,6,540,124,55,0
2026-10-09,7,10032,1,12,6257_1,7,827,153,84,0
2026-10-09,7,10032,1,13,6244_1,7,750,142,73,0
2026-10-09,7,10032,1,14,6094_1,7,645,127,58,0
2026-10-09,7,10032,1,15,6256_1,7,577,102,53,0
2026-10-09,7,10032,1,34,446_3,10,2876,325,251,3
2026-10-09,7,10032,1,35,6166_1,11,2968,316,182,3
2026-10-09,7,10032,1,36,6143_1,11,2737,295,161,0
2026-10-09,7,10032,1,37,6241_1,12,2477,263,60,0
2026-10-09,7,10032,1,38,9_2,14,1723,198,0,0
2026-10-09,7,10032,1,39,6057_1,15,1730,198,0,0
2026-10-09,7,10032,1,40,6069_1,15,1730,198,0,0
2026-10-09,7,10032,1,41,6102_1,15,2630,258,60,0
2026-10-09,7,10032,1,42,6070_2,16,2668,258,38,0
2026-10-09,7,10032,1,43,393_1,17,3695,318,67,4
2026-10-09,7,10032,1,44,114_1,18,3753,318,58,4
2026-10-09,7,10032,1,45,114_3,19,3759,318,6,4
2026-10-09,7,10032,1,46,3_1,20,5030,378,66,10
2026-10-09,7,10032,1,47,73_1,21,3853,373,0,6
2026-10-09,7,10032,1,48,72_2,22,5180,433,60,9
2026-10-09,7,10032,1,49,55_1,22,6500,493,120,11
2026-10-09,7,10032,1,50,56_1,22,6492,493,119,11
2026-10-09,7,10032,1,51,57_1,24,6796,493,119,11
2026-10-09,7,10032,1,52,59_1,24,6684,493,92,11
2026-10-09,7,10032,1,53,61_1,25,6764,493,80,11
2026-10-09,7,10033,1,1,7475_1,1,0,0,0,0
2026-10-09,7,10033,1,2,6260_2,3,35,29,0,0
2026-10-09,7,10033,1,3,6169_1,4,143,71,0,0
2026-10-09,7,10033,1,4,6405_1,4,243,96,25,0
2026-10-09,7,10033,1,5,6074_1,2,126,91,35,0
2026-10-09,7,10033,1,6,6401_1,3,284,158,35,0
2026-10-09,7,10033,1,7,6400_1,4,397,158,35,0
2026-10-09,7,10033,1,8,6033_2,4,397,158,35,0
2026-10-09,7,10033,1,9,6211_2,4,397,158,35,0
2026-10-09,7,10033,1,10,6170_1,5,462,158,35,0
2026-10-09,7,10033,1,11,7841_2,5,482,154,31,0
2026-10-09,7,10033,1,12,91_3,6,242,94,0,0
2026-10-09,7,10043,0,1,6019_1,1,0,0,0,0
2026-10-09,7,10043,0,2,6148_2,3,52,40,0,0
2026-10-09,7,10043,0,3,6036_2,4,171,70,10,0
2026-10-09,7,10043,0,4,6150_2,5,202,79,10,0
2026-10-09,7,10043,0,5,6122_9,6,239,79,10,0
2026-10-09,7,10043,0,6,6147_2,6,189,79,0,0
2026-10-09,7,10043,0,7,6145_1,8,293,79,0,0
2026-10-09,7,10043,0,8,6144_1,8,245,79,0,0
2026-10-09,7,10043,0,9,6149_1,4,176,79,10,0
2026-10-09,7,10043,0,10,6149_9,4,176,79,10,0
2026-10-09,7,10045,0,32,6181_2,2,271,138,133,0
2026-10-09,7,10045,0,33,6246_2,14,974,164,26,0
2026-10-09,7,10045,0,34,6206_2,15,671,142,4,0
2026-10-09,7,10045,0,35,6176_2,16,608,137,0,0
2026-10-09,7,10045,0,36,6200_3,16,1408,187,50,0
2026-10-09,7,10045,0,37,6042_2,17,944,154,17,0
2026-10-09,7,10045,0,38,6031_2,13,507,126,0,0
2026-10-09,7,10045,0,39,6039_1,6,101,44,0,0
2026-10-09,7,10047,0,1,61_1,1,0,0,0,0
2026-10-09,7,10047,0,2,59_4,2,16,16,0,0
2026-10-09,7,10047,0,3,57_2,2,16,16,0,0
2026-10-09,7,10047,0,4,56_2,3,21,16,0,0
2026-10-09,7,10047,0,5,55_2,4,373,172,60,0
2026-10-09,7,10047,0,6,72_1,5,887,274,120,0
2026-10-09,7,10047,0,7,73_2,6,1109,274,120,0
2026-10-09,7,10047,0,8,73_3,7,1281,274,120,0
2026-10-09,7,10047,0,9,3_2,8,1454,274,120,0
2026-10-09,7,10047,1,1,6039_1,1,0,0,0,0
2026-10-09,7,10047,1,2,6031_1,1,71,71,71,0
2026-10-09,7,10047,1,3,6042_1,1,36,36,36,0
2026-10-09,7,10047,1,4,6200_1,2,77,43,34,0
2026-10-09,7,10047,1,5,6176_1,2,97,53,44,0
2026-10-09,7,10047,1,6,6206_1,3,126,52,31,0
2026-10-09,7,10047,1,7,6246_1,3,180,70,49,0
2026-10-09,7,10047,1,8,6181_1,7,495,118,37,0
2026-10-09,7,10047,1,9,6225_1,9,519,113,20,0
2026-10-09,7,10047,1,10,6258_1,10,437,93,0,0
2026-10-09,7,10047,1,11,6240_1,11,660,110,12,0
2026-10-09,7,10047,1,12,6257_1,11,925,131,33,0
2026-10-09,7,10047,1,13,6244_1,13,1079,131,33,0
2026-10-09,7,10047,1,14,6094_1,14,841,103,5,0
2026-10-09,7,10047,1,15,6256_1,16,889,92,0,0
2026-10-09,7,10047,1,16,6255_1,11,278,55,0,0
2026-10-09,7,10047,1,17,6064_2,13,740,101,16,0
2026-10-09,7,10047,1,18,6242_2,14,675,98,0,0
2026-10-09,7,10047,1,19,94_2,16,919,111,0,0
2026-10-09,7,10047,1,20,95_1,17,737,96,0,0
2026-10-09,7,10047,1,21,6228_1,20,1880,154,21,0
2026-10-09,7,10047,1,22,243_1,23,2420,193,18,0
2026-10-09,7,10047,1,23,6041_1,24,3651,239,49,0
2026-10-09,7,10047,1,24,6162_1,27,3628,252,20,0
2026-10-09,7,10047,1,25,6160_1,28,3980,293,19,0
2026-10-09,7,10047,1,26,6001_1,30,3927,281,0,0
2026-10-09,7,10047,1,27,6161_1,26,3881,286,0,0
2026-10-09,7,10047,1,28,446_3,28,4044,375,0,1
2026-10-09,7,10047,1,29,6166_1,30,4582,395,0,1
2026-10-09,7,10047,1,30,6143_1,30,4811,412,0,2
2026-10-09,7,10047,1,31,6241_1,31,4763,409,0,2
2026-10-09,7,10047,1,32,9_2,28,2892,349,0,1
2026-10-09,7,10047,1,33,6057_1,27,2971,281,0,0
2026-10-09,7,10047,1,34,6069_1,25,2557,264,0,0
2026-10-09,7,10047,1,35,6102_1,22,2476,325,34,1
2026-10-09,7,10047,1,36,6070_2,22,1997,302,0,1
2026-10-09,7,10047,1,37,393_1,19,2909,351,49,2
2026-10-09,7,10047,1,38,114_1,20,2483,297,5,0
2026-10-09,7,10047,1,39,114_3,21,3657,362,15,5
2026-10-09,7,10047,1,40,3_1,22,4219,346,75,4
2026-10-09,7,10047,1,41,73_1,21,3315,398,0,2
2026-10-09,7,10047,1,42,72_2,22,6642,650,60,11
2026-10-09,7,10047,1,43,55_1,24,7486,609,120,13
2026-10-09,7,10047,1,44,56_1,24,7324,602,120,12
2026-10-09,7,10047,1,45,57_1,23,7052,598,120,12
2026-10-09,7,10047,1,46,59_1,21,5110,465,120,6
2026-10-09,7,10047,1,47,61_1,19,3296,222,120,0
2026-10-09,7,10049,0,1,91_1,1,0,0,0,0
2026-10-09,7,10049,0,2,6016_1,2,102,59,43,0
2026-10-09,7,10049,0,3,93_1,3,203,104,41,0
2026-10-09,7,10049,0,4,94_1,4,638,208,113,0
2026-10-09,7,10049,0,5,6242_1,5,819,206,106,0
2026-10-09,7,10049,0,6,6064_1,5,661,175,74,0
2026-10-09,7,10049,0,7,6255_2,6,967,198,99,0
2026-10-09,7,10049,0,8,6256_2,6,1129,226,124,0
2026-10-09,7,10049,0,9,6094_2,7,1185,204,101,0
2026-10-09,7,10049,0,10,6244_2,8,1121,188,63,0
2026-10-09,7,10049,0,11,6257_2,9,1306,206,50,0
2026-10-09,7,10049,0,12,6240_2,8,1345,231,83,0
2026-10-09,7,10049,0,13,6258_2,4,473,131,107,0
2026-10-09,7,10049,0,14,6225_2,3,283,108,84,0
2026-10-09,7,10049,1,1,6105_2,1,0,0,0,0
2026-10-09,7,10049,1,2,6031_1,1,105,105,105,0
2026-10-09,7,10049,1,2,6105_1,2,31,21,10,0
2026-10-09,7,10049,1,3,6042_1,1,72,72,72,0
2026-10-09,7,10049,1,3,6141_1,2,31,21,10,0
2026-10-09,7,10049,1,4,6200_1,2,83,49,34,0
2026-10-09,7,10049,1,4,6099_1,4,77,23,10,0
2026-10-09,7,10049,1,5,6176_1,2,129,72,57,0
2026-10-09,7,10049,1,6,6206_1,3,256,91,75,0
2026-10-09,7,10049,1,7,6246_1,3,319,112,96,0
2026-10-09,7,10049,1,8,6181_1,4,285,85,47,0
2026-10-09,7,10049,1,9,6225_1,5,297,74,36,0
2026-10-09,7,10049,1,10,6258_1,5,272,69,31,0
2026-10-09,7,10049,1,11,6240_1,6,359,76,38,0
2026-10-09,7,10049,1,12,6257_1,6,485,97,59,0
2026-10-09,7,10049,1,13,6244_1,6,437,89,51,0
2026-10-09,7,10049,1,14,6094_1,7,417,74,36,0
2026-10-09,7,10049,1,15,6256_1,7,424,75,37,0
2026-10-09,7,10049,1,16,6255_1,3,7,4,0,0
2026-10-09,7,10049,1,17,6064_2,4,196,75,38,0
2026-10-09,7,10049,1,18,6242_2,5,266,82,35,0
2026-10-09,7,10049,1,19,94_4,6,337,81,33,0
2026-10-09,7,10049,1,20,93_2,7,480,137,34,0
2026-10-09,7,10049,1,21,6016_2,9,551,138,31,0
2026-10-09,7,10049,1,22,91_1,9,917,218,52,0
2026-10-09,7,10050,0,1,91_4,2,0,0,0,0
2026-10-09,7,10050,0,2,6016_1,3,186,85,25,0
2026-10-09,7,10050,0,3,93_1,4,191,68,24,0
2026-10-09,7,10050,0,4,6013_2,5,537,145,62,0
2026-10-09,7,10050,0,5,6212_2,7,643,136,52,0
2026-10-09,7,10050,0,6,6205_2,8,789,129,63,0
2026-10-09,7,10050,0,7,6187_3,9,977,184,56,0
2026-10-09,7,10050,0,8,6011_2,11,1484,178,93,0
2026-10-09,7,10050,0,9,6018_2,12,1703,210,94,0
2026-10-09,7,10050,0,10,6190_2,13,2125,231,115,0
2026-10-09,7,10050,0,11,6171_2,13,1559,188,72,0
2026-10-09,7,10050,0,12,6014_3,6,311,98,0,0
2026-10-09,7,10050,1,1,6014_1,1,6,6,6,0
2026-10-09,7,10050,1,2,6171_1,2,213,149,64,0
2026-10-09,7,10050,1,3,6190_1,2,213,145,68,0
2026-10-09,7,10050,1,4,6018_1,3,204,124,29,0
2026-10-09,7,10050,1,5,6011_3,4,82,79,0,0
2026-10-09,7,10050,1,6,6187_2,6,211,97,14,0
2026-10-09,7,10050,1,7,6205_1,6,188,92,10,0
2026-10-09,7,10050,1,8,6212_1,8,311,93,14,0
2026-10-09,7,10050,1,9,6013_1,7,188,71,0,0
2026-10-09,7,10050,1,10,93_2,8,530,128,3,0
2026-10-09,7,10050,1,11,6016_2,12,932,127,21,0
2026-10-09,7,10050,1,12,91_4,11,473,97,0,0
2026-10-09,7,10051,0,1,91_4,4,184,184,0,0
2026-10-09,7,10051,0,2,6016_1,7,896,303,59,1
2026-10-09,7,10051,0,3,93_1,8,930,301,37,1
2026-10-09,7,10051,0,4,6013_2,9,1659,362,113,1
2026-10-09,7,10051,0,5,6212_2,10,1917,360,106,1
2026-10-09,7,10051,0,6,6205_2,13,2455,371,78,3
2026-10-09,7,10051,0,7,6187_3,13,2341,364,79,2
2026-10-09,7,10051,0,8,6011_4,17,3803,488,75,5
2026-10-09,7,10051,0,9,6017_2,18,4108,484,65,6
2026-10-09,7,10051,0,10,6172_2,19,3832,456,37,5
2026-10-09,7,10051,0,11,6067_2,20,5082,509,110,6
2026-10-09,7,10051,0,12,6248_2,21,5074,498,77,7
2026-10-09,7,10051,0,13,6249_2,22,5107,495,62,7
2026-10-09,7,10051,0,14,6015_2,22,3015,383,0,5
2026-10-09,7,10051,1,1,6015_1,3,0,0,0,0
2026-10-09,7,10051,1,2,6249_1,4,153,42,31,0
2026-10-09,7,10051,1,3,6248_1,7,414,115,28,0
2026-10-09,7,10051,1,4,6067_1,9,169,73,0,0
2026-10-09,7,10051,1,5,6172_1,11,366,90,9,0
2026-10-09,7,10051,1,6,6017_1,13,745,94,24,0
2026-10-09,7,10051,1,7,6011_1,16,845,168,7,0
2026-10-09,7,10051,1,8,6187_2,19,1782,200,43,0
2026-10-09,7,10051,1,9,6205_1,17,1645,199,46,0
2026-10-09,7,10051,1,10,6212_1,17,2031,227,48,0
2026-10-09,7,10051,1,11,6013_1,20,2500,265,35,0
2026-10-09,7,10051,1,12,93_2,22,3362,305,29,1
2026-10-09,7,10051,1,13,6016_2,24,3752,340,47,1
2026-10-09,7,10051,1,14,91_4,23,1808,221,9,0
2026-10-09,7,10053,0,1,9_1,1,0,0,0,0
2026-10-09,7,10053,0,2,6241_2,2,118,67,51,0
2026-10-09,7,10053,0,3,6143_2,3,120,47,31,0
2026-10-09,7,10053,0,4,6166_2,4,339,174,49,0
2026-10-09,7,10053,0,5,446_4,5,288,153,0,0
2026-10-09,7,10053,0,6,6158_2,6,1098,285,105,0
2026-10-09,7,10053,0,7,447_2,6,864,246,66,0
2026-10-09,7,10053,0,8,448_2,6,906,253,73,0
2026-10-09,7,10053,0,9,14_3,7,1023,247,67,0
2026-10-09,7,10053,0,10,15_2,7,757,209,29,0
2026-10-09,7,10053,0,11,16_2,7,859,226,29,0
2026-10-09,7,10053,0,12,17_2,8,684,176,0,0
2026-10-09,7,10053,0,13,18_2,8,634,166,0,0
2026-10-09,7,10053,0,14,44_2,9,668,157,0,0
2026-10-09,7,10053,0,15,43_2,9,763,176,0,0
2026-10-09,7,10053,0,16,42_2,10,971,202,0,0
2026-10-09,7,10053,0,17,21_2,11,1057,203,0,0
2026-10-09,7,10053,0,18,40_2,12,1161,201,0,0
2026-10-09,7,10053,0,19,39_2,13,1629,228,0,0
2026-10-09,7,10053,0,20,7471_2,15,2419,302,0,1
2026-10-09,7,10053,0,21,472_2,15,3205,343,60,2
2026-10-09,7,10053,0,22,473_2,15,3603,373,72,2
2026-10-09,7,10053,0,23,474_2,15,3584,357,132,2
2026-10-09,7,10053,0,24,7475_3,17,4821,376,192,5
2026-10-09,7,10053,0,25,6260_2,18,5113,386,192,6
2026-10-09,7,10053,0,26,6263_2,19,5444,393,192,6
2026-10-09,7,10053,0,27,6196_2,17,4613,366,193,5
2026-10-09,7,10053,0,28,6134_2,19,5074,357,183,4
2026-10-09,7,10053,0,29,6106_2,14,3638,296,189,0
2026-10-09,7,10053,0,30,6020_9,3,612,239,177,0
2026-10-09,7,10053,0,31,6043_9,1,237,237,237,0
2026-10-09,7,10055,0,1,9_1,1,0,0,0,0
2026-10-09,7,10055,0,2,6241_2,3,491,166,159,0
2026-10-09,7,10055,0,3,6143_2,3,440,149,142,0
2026-10-09,7,10056,0,1,9_1,1,0,0,0,0
2026-10-09,7,10056,0,2,6241_2,2,65,45,20,0
2026-10-09,7,10056,0,3,6143_2,2,11,11,0,0
2026-10-09,7,10056,0,4,6166_2,2,41,41,0,0
2026-10-09,7,10056,0,5,446_4,2,36,36,0,0
2026-10-09,7,10056,0,6,6158_2,3,50,36,0,0
2026-10-09,7,10056,0,7,447_2,3,50,36,0,0
2026-10-09,7,10056,0,8,448_2,3,50,36,0,0
2026-10-09,7,10056,0,9,14_3,4,140,90,0,0
2026-10-09,7,10056,0,10,15_2,4,140,90,0,0
2026-10-09,7,10056,0,11,16_2,5,186,90,0,0
2026-10-09,7,10056,0,12,17_2,5,486,150,60,0
2026-10-09,7,10056,0,13,18_2,6,501,150,15,0
2026-10-09,7,10056,0,14,44_2,7,509,150,8,0
2026-10-09,7,10056,0,15,43_2,8,509,150,0,0
2026-10-09,7,10056,0,16,42_2,8,509,150,0,0
2026-10-09,7,10056,0,17,21_2,9,556,150,0,0
2026-10-09,7,10056,0,18,40_2,9,556,150,0,0
2026-10-09,7,10056,0,19,39_2,10,605,150,0,0
2026-10-09,7,10056,0,20,7471_2,11,1357,210,60,0
2026-10-09,7,10056,0,21,472_2,12,1569,212,60,0
2026-10-09,7,10056,0,22,473_2,13,2759,303,135,1
2026-10-09,7,10056,0,23,474_2,13,3077,330,134,1
2026-10-09,7,10056,0,24,7475_3,14,3347,330,134,1
2026-10-09,7,10056,0,25,6260_2,15,3576,330,134,1
2026-10-09,7,10056,0,26,6263_2,16,3815,330,134,1
2026-10-09,7,10056,0,27,6196_2,16,3687,331,135,1
2026-10-09,7,10056,0,28,6134_2,16,3653,321,125,1
2026-10-09,7,10056,0,29,6106_2,17,4029,327,131,1
2026-10-09,7,10056,0,30,6020_9,17,3811,315,119,1
2026-10-09,7,10056,0,31,6019_1,18,1861,179,0,0
2026-10-09,7,10058,0,1,9_1,2,2,2,0,0
2026-10-09,7,10058,0,2,478_2,3,9,7,0,0
2026-10-09,7,10058,0,3,589_2,4,41,32,0,0
2026-10-09,7,10058,0,4,708_2,6,448,209,22,0
2026-10-09,7,10058,0,5,38_3,5,454,180,0,0
2026-10-09,7,10058,0,6,7471_2,6,645,191,0,0
2026-10-09,7,10058,0,7,472_2,7,951,232,41,0
2026-10-09,7,10058,0,8,473_2,9,1559,331,71,1
2026-10-09,7,10058,0,9,474_2,9,1602,317,55,1
2026-10-09,7,10059,0,1,91_3,6,242,242,0,0
2026-10-09,7,10059,0,2,7841_4,10,646,271,7,0
2026-10-09,7,10059,0,3,6170_2,10,868,291,25,0
2026-10-09,7,10059,0,4,6902_2,14,1211,311,7,1
2026-10-09,7,10059,0,5,6006_2,15,1850,349,43,2
2026-10-09,7,10059,0,6,6229_2,19,2718,386,43,4
2026-10-09,7,10059,0,7,6074_2,17,2360,383,22,3
2026-10-09,7,10059,0,8,6169_2,24,2165,342,0,3
2026-10-09,7,10059,0,9,6260_1,28,3760,408,4,6
2026-10-09,7,10059,0,10,7475_1,20,5088,543,0,7
2026-10-09,7,10059,1,1,7475_1,1,3,3,3,0
2026-10-09,7,10059,1,2,6260_2,2,152,117,35,0
2026-10-09,7,10059,1,3,6169_1,4,433,140,77,0
2026-10-09,7,10059,1,4,6405_1,4,531,160,106,0
2026-10-09,7,10059,1,5,6074_1,6,985,235,99,0
2026-10-09,7,10059,1,6,6229_1,6,1006,255,86,0
2026-10-09,7,10059,1,7,6006_1,8,1413,259,109,0
2026-10-09,7,10059,1,8,6902_1,10,2351,323,147,3
2026-10-09,7,10059,1,9,6170_1,11,2943,327,208,4
2026-10-09,7,10059,1,10,7841_2,13,3814,424,195,6
2026-10-09,7,10059,1,11,91_3,13,2674,364,75,1
2026-10-09,7,10060,0,1,3_1,1,101,101,101,0
2026-10-09,7,10060,0,2,73_1,3,322,257,0,0
2026-10-09,7,10060,0,3,128_1,6,685,255,30,0
2026-10-09,7,10060,0,4,114_5,4,0,0,0,0
2026-10-09,7,10060,0,5,393_2,4,276,85,58,0
2026-10-09,7,10060,0,6,6070_3,7,524,111,56,0
2026-10-09,7,10060,0,7,6102_2,10,524,119,19,0
2026-10-09,7,10060,0,8,6069_2,11,531,118,10,0
2026-10-09,7,10060,0,9,6057_2,11,445,112,0,0
2026-10-09,7,10060,0,10,9_5,10,482,117,0,0
2026-10-09,7,10060,0,11,6241_2,12,1092,165,4,0
2026-10-09,7,10060,0,12,6143_2,12,829,137,0,0
2026-10-09,7,10060,0,13,6166_2,12,782,125,0,0
2026-10-09,7,10060,0,14,446_4,12,946,144,0,0
2026-10-09,7,10060,0,15,6161_2,14,1263,166,0,0
2026-10-09,7,10060,0,16,6001_2,16,1983,199,25,0
2026-10-09,7,10060,0,17,6160_2,16,1722,184,2,0
2026-10-09,7,10060,0,18,6162_2,17,1992,188,0,0
2026-10-09,7,10060,0,19,6041_2,17,2468,218,26,0
2026-10-09,7,10060,0,20,243_2,18,2488,209,26,0
2026-10-09,7,10060,0,21,6228_2,20,2937,228,17,0
2026-10-09,7,10060,0,22,95_2,12,503,88,0,0
2026-10-09,7,10060,0,23,94_3,11,719,115,24,0
2026-10-09,7,10060,0,24,6013_2,13,1465,251,0,0
2026-10-09,7,10060,0,25,6212_2,11,1478,242,0,0
2026-10-09,7,10060,0,26,6205_2,15,1713,249,0,0
2026-10-09,7,10060,0,27,6187_3,20,1771,232,0,0
2026-10-09,7,10060,0,28,6011_4,23,1998,231,0,0
2026-10-09,7,10060,0,29,6017_2,24,2427,228,0,0
2026-10-09,7,10060,0,30,6172_2,22,2194,226,0,0
2026-10-09,7,10060,0,31,6067_2,23,3303,269,36,0
2026-10-09,7,10060,0,32,6248_2,26,3361,276,27,0
2026-10-09,7,10060,0,33,6249_2,27,3793,308,18,1
2026-10-09,7,10060,0,34,6015_2,19,1587,216,0,0
2026-10-09,7,10060,1,1,6015_1,3,44,44,0,0
2026-10-09,7,10060,1,2,6249_1,5,250,80,37,0
2026-10-09,7,10060,1,3,6248_1,7,367,99,29,0
2026-10-09,7,10060,1,4,6067_1,11,205,63,0,0
2026-10-09,7,10060,1,5,6172_1,13,419,75,5,0
2026-10-09,7,10060,1,6,6017_1,16,756,123,7,0
2026-10-09,7,10060,1,7,6011_1,14,641,124,9,0
2026-10-09,7,10060,1,8,6187_2,19,1683,156,42,0
2026-10-09,7,10060,1,9,6205_1,22,1858,155,39,0
2026-10-09,7,10060,1,10,6212_1,26,2697,211,40,0
2026-10-09,7,10060,1,11,6013_1,29,2751,271,18,0
2026-10-09,7,10060,1,12,94_2,34,2278,256,0,0
2026-10-09,7,10060,1,13,95_1,33,1859,241,0,0
2026-10-09,7,10060,1,14,6228_1,40,4079,281,23,0
2026-10-09,7,10060,1,15,243_1,43,5096,308,22,1
2026-10-09,7,10060,1,16,6041_1,39,6474,354,59,1
2026-10-09,7,10060,1,17,6162_1,41,5646,329,30,1
2026-10-09,7,10060,1,18,6160_1,39,5728,326,29,1
2026-10-09,7,10060,1,19,6001_1,42,5602,317,1,1
2026-10-09,7,10060,1,20,6161_1,47,6676,314,0,3
2026-10-09,7,10060,1,21,446_3,49,6312,320,0,3
2026-10-09,7,10060,1,22,6166_1,49,6673,345,0,2
2026-10-09,7,10060,1,23,6143_1,49,5929,296,0,0
2026-10-09,7,10060,1,24,6241_1,46,4757,229,0,0
2026-10-09,7,10060,1,25,9_2,31,2019,145,0,0
2026-10-09,7,10060,1,26,8_3,28,1656,172,0,0
2026-10-09,7,10060,1,27,6_1,34,2644,193,5,0
2026-10-09,7,10060,1,28,902_1,34,2096,194,0,0
2026-10-09,7,10060,1,29,5_1,29,1887,159,0,0
2026-10-09,7,10060,1,30,4_1,30,2194,201,0,0
2026-10-09,7,10060,1,31,6059_1,32,4348,259,74,0
2026-10-09,7,10060,1,32,3_1,31,2485,198,0,0
2026-10-09,7,10060,1,33,73_1,22,1307,197,0,0
2026-10-09,7,10060,1,34,128_1,27,2167,195,30,0
2026-10-09,7,10060,1,35,114_5,13,658,147,0,0
2026-10-09,7,10062,0,1,91_2,1,0,0,0,0
2026-10-09,7,10062,0,2,7841_4,3,389,223,67,0
2026-10-09,7,10062,0,3,6170_2,3,455,247,88,0
2026-10-09,7,10062,0,4,6902_2,5,768,249,84,0
2026-10-09,7,10062,0,5,6006_2,5,948,284,122,0
2026-10-09,7,10062,0,6,6229_2,6,1272,307,137,1
2026-10-09,7,10062,0,7,6074_2,7,1258,300,69,1
2026-10-09,7,10062,0,8,6169_2,7,932,252,23,0
2026-10-09,7,10062,0,9,6263_2,9,1288,264,47,0
2026-10-09,7,10062,0,10,6196_2,10,1320,232,48,0
2026-10-09,7,10062,0,11,6134_2,11,1305,239,0,0
2026-10-09,7,10062,0,12,6106_2,10,1150,205,6,0
2026-10-09,7,10062,0,13,6020_9,7,382,117,0,0
2026-10-09,7,10062,0,14,6019_1,2,0,0,0,0
2026-10-09,7,10062,1,1,6019_1,4,6,6,0,0
2026-10-09,7,10062,1,2,6020_1,5,195,47,27,0
2026-10-09,7,10062,1,3,6106_1,7,331,71,27,0
2026-10-09,7,10062,1,4,6134_1,8,308,61,19,0
2026-10-09,7,10062,1,5,6196_1,9,691,115,57,0
2026-10-09,7,10062,1,6,6263_1,10,443,82,26,0
2026-10-09,7,10062,1,7,6169_1,7,66,36,0,0
2026-10-09,7,10062,1,8,6405_1,8,356,74,29,0
2026-10-09,7,10062,1,9,6074_1,11,555,84,30,0
2026-10-09,7,10062,1,10,6229_1,11,368,67,9,0
2026-10-09,7,10062,1,11,6006_1,14,708,88,21,0
2026-10-09,7,10062,1,12,6902_1,15,1461,126,80,0
2026-10-09,7,10062,1,13,6170_1,16,2237,181,107,0
2026-10-09,7,10062,1,14,7841_2,17,2361,177,103,0
2026-10-09,7,10062,1,15,91_2,10,670,117,43,0
2026-10-09,7,10066,1,2,6144_1,1,81,81,81,0
2026-10-09,7,10066,1,3,6149_1,1,81,81,81,0
2026-10-09,7,10066,1,4,6149_9,1,81,81,81,0
2026-10-09,7,10066,1,5,6147_1,2,362,201,161,0
2026-10-09,7,10066,1,6,6122_1,3,585,261,103,0
2026-10-09,7,10066,1,7,6150_1,3,585,261,103,0
2026-10-09,7,10066,1,8,6036_1,4,627,261,42,0
2026-10-09,7,10066,1,9,6148_1,4,867,321,102,1
2026-10-09,7,10066,1,10,6019_2,5,1191,381,84,2
2026-10-09,7,10066,1,11,6020_1,6,1237,381,46,2
2026-10-09,7,10066,1,12,6106_1,7,1611,414,85,2
2026-10-09,7,10066,1,13,6134_1,8,1676,405,75,2
2026-10-09,7,10066,1,14,6196_1,8,1952,441,108,2
2026-10-09,7,10066,1,15,6263_1,9,1791,406,73,2
2026-10-09,7,10066,1,16,6169_1,9,1426,365,33,2
2026-10-09,7,10066,1,17,6405_1,9,1594,385,50,2
2026-10-09,7,10066,1,18,6074_1,10,2078,439,104,2
2026-10-09,7,10066,1,19,6229_1,10,2226,459,116,3
2026-10-09,7,10066,1,20,6006_1,11,2479,463,128,3
2026-10-09,7,10066,1,21,6902_1,12,3455,527,192,4
2026-10-09,7,10066,1,22,6170_1,13,3785,527,192,4
2026-10-09,7,10066,1,23,7841_2,13,4191,543,218,6
2026-10-09,7,10066,1,24,91_2,14,4430,543,218,6
2026-10-09,7,10068,0,1,214_3,1,0,0,0,0
2026-10-09,7,10068,0,2,215_2,2,11,11,0,0
2026-10-09,7,10068,0,2,73_1,1,57,57,57,0
2026-10-09,7,10068,0,3,216_2,3,137,90,22,0
2026-10-09,7,10068,0,3,128_1,2,210,107,103,0
2026-10-09,7,10068,0,4,752_2,4,144,62,0,0
2026-10-09,7,10068,0,4,114_5,3,253,87,81,0
2026-10-09,7,10068,0,5,7217_2,4,76,46,0,0
2026-10-09,7,10068,0,5,3_3,4,73,27,0,0
2026-10-09,7,10068,0,6,422_1,6,160,51,0,0
2026-10-09,7,10068,0,6,4_3,5,76,27,0,0
2026-10-09,7,10068,0,7,421_1,7,602,106,60,0
2026-10-09,7,10068,0,7,254_2,6,132,56,0,0
2026-10-09,7,10068,0,8,6163_1,8,693,104,60,0
2026-10-09,7,10068,0,8,53_3,7,629,137,60,0
2026-10-09,7,10068,0,9,419_1,9,795,104,60,0
2026-10-09,7,10068,0,9,253_2,7,629,137,60,0
2026-10-09,7,10068,0,10,418_1,12,1541,171,60,0
2026-10-09,7,10068,0,10,186_2,8,702,137,60,0
2026-10-09,7,10068,0,11,440_1,12,1565,175,60,0
2026-10-09,7,10068,0,11,252_2,9,764,137,60,0
2026-10-09,7,10068,0,12,6236_1,14,2464,281,60,0
2026-10-09,7,10068,0,12,150_2,10,1528,224,120,0
2026-10-09,7,10068,0,13,6109_1,15,1816,248,60,0
2026-10-09,7,10068,0,13,151_2,11,1676,224,120,0
2026-10-09,7,10068,0,14,152_3,12,1832,224,120,0
2026-10-09,7,10068,0,15,251_2,12,1832,224,120,0
2026-10-09,7,10068,0,16,250_2,13,1924,224,92,0
2026-10-09,7,10068,0,17,249_2,14,1993,224,69,0
2026-10-09,7,10068,0,18,606_2,14,1993,224,69,0
2026-10-09,7,10068,0,19,607_2,14,1993,224,69,0
2026-10-09,7,10068,0,20,608_2,14,1993,224,69,0
2026-10-09,7,10068,0,21,609_2,15,2086,224,69,0
2026-10-09,7,10068,0,22,610_2,15,2086,224,69,0
2026-10-09,7,10068,0,23,765_2,15,2236,234,79,0
2026-10-09,7,10068,0,24,7717_2,16,2344,234,79,0
2026-10-09,7,10068,0,25,6023_1,17,2399,234,55,0
2026-10-09,7,10068,0,26,210_2,18,2491,234,55,0
2026-10-09,7,10068,0,27,211_2,18,2491,234,55,0
2026-10-09,7,10068,0,28,212_2,19,2576,234,55,0
2026-10-09,7,10068,0,29,615_2,19,2766,244,65,0
2026-10-09,7,10068,0,30,7213_2,20,4169,304,125,1
2026-10-09,7,10068,0,31,214_2,20,4169,304,125,1
2026-10-09,7,10068,0,32,215_2,21,4259,304,90,1
2026-10-09,7,10068,0,33,216_2,16,3752,298,126,0
2026-10-09,7,10068,0,34,752_2,9,1602,223,113,0
2026-10-09,7,10068,0,35,7217_2,7,951,178,84,0
2026-10-09,7,10068,0,36,422_1,3,325,119,97,0
2026-10-09,7,10068,1,1,6109_1,2,0,0,0,0
2026-10-09,7,10068,1,2,6236_2,4,212,72,46,0
2026-10-09,7,10068,1,3,440_2,5,310,94,41,0
2026-10-09,7,10068,1,4,418_2,8,1067,263,72,0
2026-10-09,7,10068,1,5,419_2,9,940,250,27,0
2026-10-09,7,10068,1,6,6163_2,11,1334,301,23,1
2026-10-09,7,10068,1,7,421_2,12,1473,292,12,0
2026-10-09,7,10068,1,8,422_2,11,936,232,0,0
2026-10-09,7,10068,1,9,7217_1,9,894,230,0,0
2026-10-09,7,10068,1,10,752_1,10,932,227,0,0
2026-10-09,7,10068,1,11,216_1,12,1355,263,24,0
2026-10-09,7,10068,1,12,215_1,15,1561,247,0,0
2026-10-09,7,10068,1,13,214_1,25,1750,235,0,0
2026-10-09,7,10068,1,14,7213_1,25,1819,230,0,0
2026-10-09,7,10068,1,15,615_1,26,3097,279,41,0
2026-10-09,7,10068,1,16,212_1,28,2486,241,0,0
2026-10-09,7,10068,1,17,211_1,33,4229,331,15,2
2026-10-09,7,10068,1,18,210_1,25,2336,295,0,0
2026-10-09,7,10068,1,19,6023_3,20,2607,247,44,0
2026-10-09,7,10068,1,20,7717_1,21,1883,160,0,0
2026-10-09,7,10068,1,21,765_1,22,3368,254,29,0
2026-10-09,7,10068,1,22,610_1,23,1910,171,0,0
2026-10-09,7,10068,1,23,609_1,26,2588,178,0,0
2026-10-09,7,10068,1,24,608_1,27,4220,246,62,0
2026-10-09,7,10068,1,25,607_1,28,3690,218,26,0
2026-10-09,7,10068,1,26,606_1,31,3877,205,57,0
2026-10-09,7,10068,1,27,249_1,33,2786,232,0,0
2026-10-09,7,10068,1,28,250_1,34,2773,225,5,0
2026-10-09,7,10068,1,29,251_1,34,2012,199,0,0
2026-10-09,7,10068,1,30,152_2,27,1627,182,0,0
2026-10-09,7,10068,1,31,151_1,30,2981,219,40,0
2026-10-09,7,10068,1,32,150_1,32,3734,257,34,0
2026-10-09,7,10068,1,33,252_1,36,5997,301,74,1
2026-10-09,7,10068,1,34,186_1,25,2203,168,0,0
2026-10-09,7,10068,1,35,253_1,17,739,131,3,0
2026-10-09,7,10068,1,36,53_1,15,893,138,14,0
2026-10-09,7,10068,1,37,254_1,18,1512,176,12,0
2026-10-09,7,10068,1,38,4_4,16,863,115,0,0
2026-10-09,7,10068,1,39,6059_1,19,1435,154,2,0
2026-10-09,7,10068,1,40,3_1,17,979,146,0,0
2026-10-09,7,10068,1,41,73_1,7,124,67,0,0
2026-10-09,7,10068,1,42,128_1,9,561,116,30,0
2026-10-09,7,10068,1,43,114_5,7,161,106,0,0
2026-10-09,7,10069,1,11,609_1,1,182,182,182,0
2026-10-09,7,10069,1,12,608_1,2,455,236,219,0
2026-10-09,7,10069,1,13,607_1,4,750,214,143,0
2026-10-09,7,10069,1,14,606_1,7,1030,214,72,0
2026-10-09,7,10069,1,15,249_1,9,799,173,0,0
2026-10-09,7,10069,1,16,250_1,10,870,162,5,0
2026-10-09,7,10069,1,17,251_1,11,759,147,0,0
2026-10-09,7,10069,1,18,152_2,9,478,102,0,0
2026-10-09,7,10069,1,19,151_1,10,922,146,44,0
2026-10-09,7,10069,1,20,150_1,12,999,140,34,0
2026-10-09,7,10069,1,21,252_1,13,2005,260,74,0
2026-10-09,7,10069,1,22,186_1,11,1307,216,0,0
2026-10-09,7,10069,1,23,253_1,10,1097,199,3,0
2026-10-09,7,10069,1,24,53_1,11,1256,206,14,0
2026-10-09,7,10069,1,25,254_1,13,1701,244,12,0
2026-10-09,7,10069,1,26,4_4,13,1195,183,0,0
2026-10-09,7,10069,1,27,6059_1,13,1461,222,2,0
2026-10-09,7,10069,1,28,3_1,13,1051,188,0,0
2026-10-09,7,10069,1,29,73_1,6,94,58,0,0
2026-10-09,7,10069,1,30,128_1,10,623,108,30,0
2026-10-09,7,10069,1,31,114_5,12,658,146,0,0
2026-10-09,7,10070,0,2,73_1,1,87,87,87,0
2026-10-09,7,10070,0,3,128_1,2,271,145,126,0
2026-10-09,7,10070,0,4,114_5,3,384,145,113,0
2026-10-09,7,10070,0,5,3_3,5,385,127,0,0
2026-10-09,7,10070,0,6,4_3,6,797,179,52,0
2026-10-09,7,10070,0,7,254_2,6,911,198,71,0
2026-10-09,7,10070,0,8,53_3,7,1211,222,84,0
2026-10-09,7,10070,0,9,253_2,8,1274,203,64,0
2026-10-09,7,10070,0,10,186_2,2,159,107,52,0
2026-10-09,7,10070,1,29,253_1,7,1096,203,128,0
2026-10-09,7,10070,1,30,53_1,15,2030,203,74,0
2026-10-09,7,10070,1,31,254_1,16,2167,203,72,0
2026-10-09,7,10070,1,32,4_4,18,2178,203,42,0
2026-10-09,7,10070,1,33,6059_1,19,2309,203,44,0
2026-10-09,7,10070,1,34,3_1,20,2585,263,10,0
2026-10-09,7,10070,1,35,73_1,12,1724,263,0,0
2026-10-09,7,10070,1,36,128_1,15,1999,263,30,0
2026-10-09,7,10070,1,37,114_5,12,2249,323,0,2
2026-10-09,7,10072,0,1,61_2,1,0,0,0,0
2026-10-09,7,10072,0,2,59_4,2,10,10,0,0
2026-10-09,7,10072,0,3,57_2,3,23,13,0,0
2026-10-09,7,10072,0,4,56_2,4,43,20,0,0
2026-10-09,7,10072,0,5,55_4,5,196,153,0,0
2026-10-09,7,10072,0,6,69_2,6,353,157,0,0
2026-10-09,7,10072,0,7,68_2,6,353,157,0,0
2026-10-09,7,10072,0,8,67_2,4,258,97,0,0
2026-10-09,7,10072,0,9,65_2,6,400,97,0,0
2026-10-09,7,10072,0,10,204_2,1,0,0,0,0
2026-10-09,7,10072,1,21,206_1,3,643,223,206,0
2026-10-09,7,10072,1,22,205_1,11,1480,223,60,0
2026-10-09,7,10072,1,23,255_1,12,1525,223,45,0
2026-10-09,7,10072,1,24,204_1,13,1607,223,45,0
2026-10-09,7,10072,1,25,65_1,14,1736,223,45,0
2026-10-09,7,10072,1,26,67_1,15,1840,223,45,0
2026-10-09,7,10072,1,27,68_1,16,1985,223,45,0
2026-10-09,7,10072,1,28,69_1,17,2182,223,45,0
2026-10-09,7,10072,1,29,55_1,18,2271,223,45,0
2026-10-09,7,10072,1,30,56_1,19,2334,223,45,0
2026-10-09,7,10072,1,31,57_1,20,2390,223,45,0
2026-10-09,7,10072,1,32,59_1,20,2390,223,45,0
2026-10-09,7,10072,1,33,61_2,21,2428,223,38,0
2026-10-09,7,10075,1,1,421_3,4,43,43,0,0
2026-10-09,7,10075,1,2,422_2,7,169,50,0,0
2026-10-09,7,10075,1,3,7217_1,6,61,26,0,0
2026-10-09,7,10075,1,4,752_1,10,245,48,4,0
2026-10-09,7,10075,1,5,216_1,8,460,96,24,0
2026-10-09,7,10075,1,6,215_1,10,503,98,0,0
2026-10-09,7,10075,1,7,214_1,12,570,139,0,0
2026-10-09,7,10075,1,8,7213_1,10,432,126,0,0
2026-10-09,7,10075,1,9,615_1,11,1065,169,41,0
2026-10-09,7,10075,1,10,212_1,13,961,135,0,0
2026-10-09,7,10075,1,11,211_1,15,1423,163,15,0
2026-10-09,7,10075,1,12,210_1,12,616,157,0,0
2026-10-09,7,10075,1,13,209_1,15,1878,211,54,0
2026-10-09,7,10075,1,14,863_1,17,1385,196,0,0
2026-10-09,7,10075,1,15,206_1,18,2221,263,36,0
2026-10-09,7,10075,1,16,205_1,20,1945,207,0,0
2026-10-09,7,10075,1,17,255_1,23,3189,322,36,1
2026-10-09,7,10075,1,18,204_1,24,4100,369,83,1
2026-10-09,7,10075,1,19,65_1,28,4582,339,53,1
2026-10-09,7,10075,1,20,67_1,31,6239,379,53,3
2026-10-09,7,10075,1,21,68_1,34,8420,430,53,7
2026-10-09,7,10075,1,22,69_1,29,4034,315,29,1
2026-10-09,7,10075,1,23,55_1,19,2835,288,29,0
2026-10-09,7,10075,1,24,56_1,19,2721,279,29,0
2026-10-09,7,10075,1,25,57_1,19,3176,323,29,1
2026-10-09,7,10075,1,26,59_1,21,2933,275,29,0
2026-10-09,7,10075,1,27,61_2,22,2900,255,29,0
2026-10-09,7,10080,1,1,6079_1,1,0,0,0,0
2026-10-09,7,10080,1,2,6035_1,2,248,134,114,0
2026-10-09,7,10080,1,3,6180_1,3,327,155,76,0
2026-10-09,7,10080,1,4,6112_1,3,327,155,76,0
2026-10-09,7,10080,1,5,6168_1,5,624,180,68,0
2026-10-09,7,10080,1,6,426_1,8,1149,180,93,0
2026-10-09,7,10080,1,7,425_3,11,1534,194,60,0
2026-10-09,7,10080,1,8,424_1,13,2490,244,120,0
2026-10-09,7,10080,1,9,423_1,14,1729,184,56,0
2026-10-09,7,10080,1,10,422_1,15,2467,244,75,0
2026-10-09,7,10080,1,11,421_3,17,2104,214,24,0
2026-10-09,7,10081,0,1,421_3,1,0,0,0,0
2026-10-09,7,10081,0,2,422_2,3,108,46,24,0
2026-10-09,7,10081,0,3,423_2,5,332,78,56,0
2026-10-09,7,10081,0,4,424_2,5,252,60,38,0
2026-10-09,7,10081,0,5,425_1,4,478,148,99,0
2026-10-09,7,10081,0,6,426_2,4,418,133,84,0
2026-10-09,7,10081,0,7,6168_2,5,750,192,119,0
2026-10-09,7,10081,0,8,6112_2,5,670,176,103,0
2026-10-09,7,10081,0,9,6180_2,5,680,178,105,0
2026-10-09,7,10081,0,10,6035_2,6,750,172,99,0
2026-10-09,7,10081,0,11,6079_1,5,147,71,0,0
2026-10-09,8,10001,1,3,723_1,1,38,38,38,0
2026-10-09,8,10001,1,4,722_1,2,42,42,0,0
2026-10-09,8,10001,1,5,721_1,3,324,162,60,0
2026-10-09,8,10001,1,6,720_1,4,484,162,80,0
2026-10-09,8,10001,1,7,719_1,4,518,162,97,0
2026-10-09,8,10001,1,8,718_1,5,892,222,117,0
2026-10-09,8,10001,1,9,7717_1,6,1226,276,171,0
2026-10-09,8,10001,1,10,765_1,6,1052,245,141,0
2026-10-09,8,10001,1,11,610_1,7,1135,227,123,0
2026-10-09,8,10001,1,12,609_1,7,1200,238,134,0
2026-10-09,8,10001,1,13,608_1,8,1525,252,151,0
2026-10-09,8,10001,1,14,607_1,8,1613,262,132,0
2026-10-09,8,10001,1,15,606_1,9,1658,261,106,0
2026-10-09,8,10001,1,16,249_1,10,1956,319,91,2
2026-10-09,8,10001,1,17,250_1,11,2128,341,81,2
2026-10-09,8,10001,1,18,251_1,11,1687,302,42,1
2026-10-09,8,10001,1,19,152_1,12,1769,300,40,1
2026-10-09,8,10001,1,20,200_1,13,1918,287,27,0
2026-10-09,8,10001,1,21,184_1,14,2188,297,37,0
2026-10-09,8,10001,1,22,201_1,15,2489,308,48,1
2026-10-09,8,10001,1,23,51_1,16,3454,362,102,2
2026-10-09,8,10001,1,24,202_1,18,4685,406,146,6
2026-10-09,8,10001,1,25,5_4,18,3860,351,91,3
2026-10-09,8,10001,1,26,6070_3,19,3152,304,44,1
2026-10-09,8,10002,1,1,446_1,1,0,0,0,0
2026-10-09,8,10002,1,2,445_2,3,94,65,0,0
2026-10-09,8,10002,1,3,451_1,3,94,65,0,0
2026-10-09,8,10002,1,4,452_1,4,162,68,0,0
2026-10-09,8,10002,1,5,906_1,4,82,69,0,0
2026-10-09,8,10002,1,6,75_2,5,186,104,0,0
2026-10-09,8,10002,1,7,453_1,6,294,108,0,0
2026-10-09,8,10002,1,8,454_1,5,101,48,0,0
2026-10-09,8,10002,1,9,455_1,6,197,96,0,0
2026-10-09,8,10002,1,10,456_1,7,284,96,0,0
2026-10-09,8,10002,1,11,905_2,8,405,121,0,0
2026-10-09,8,10002,1,12,113_2,9,1144,259,60,0
2026-10-09,8,10002,1,13,203_1,9,1144,259,60,0
2026-10-09,8,10002,1,14,127_1,10,1959,319,120,1
2026-10-09,8,10002,1,15,126_1,11,2102,319,120,1
2026-10-09,8,10002,1,16,125_1,11,2102,319,120,1
2026-10-09,8,10002,1,17,124_1,12,2213,319,111,1
2026-10-09,8,10002,1,18,123_1,12,1958,275,64,0
2026-10-09,8,10002,1,19,122_1,4,509,171,107,0
2026-10-09,8,10002,1,20,910_2,2,214,107,107,0
2026-10-09,8,10008,0,1,91_4,2,423,272,151,0
2026-10-09,8,10008,0,2,7841_5,3,711,288,151,0
2026-10-09,8,10008,0,3,6012_2,3,711,288,151,0
2026-10-09,8,10008,0,4,6320_1,4,1126,415,151,1
2026-10-09,8,10008,0,5,6018_2,5,1542,416,151,2
2026-10-09,8,10008,0,6,6190_2,5,1678,443,179,3
2026-10-09,8,10008,0,7,6171_2,5,1478,403,139,2
2026-10-09,8,10008,0,8,6014_3,5,853,282,8,0
2026-10-09,8,10017,1,2,6144_1,1,325,325,325,1
2026-10-09,8,10017,1,3,6149_1,1,301,301,301,1
2026-10-09,8,10017,1,4,6149_9,2,633,331,302,2
2026-10-09,8,10017,1,5,6147_1,3,996,367,300,3
2026-10-09,8,10017,1,6,6122_1,3,1014,373,306,3
2026-10-09,8,10017,1,7,6150_1,4,1459,397,330,4
2026-10-09,8,10017,1,8,6036_1,4,1411,385,318,4
2026-10-09,8,10017,1,9,6148_1,4,1339,367,300,4
2026-10-09,8,10017,1,10,6019_2,5,1650,357,314,5
2026-10-09,8,10032,0,1,61_1,1,89,89,89,0
2026-10-09,8,10032,0,2,59_4,2,260,139,121,0
2026-10-09,8,10032,0,3,57_2,4,325,122,57,0
2026-10-09,8,10032,0,4,56_2,5,1126,293,184,0
2026-10-09,8,10032,0,5,55_2,6,1972,388,279,4
2026-10-09,8,10032,0,6,72_1,7,2351,390,281,5
2026-10-09,8,10032,0,7,73_2,8,2267,337,228,3
2026-10-09,8,10032,0,8,73_3,9,2570,334,225,4
2026-10-09,8,10032,0,9,3_2,10,2934,373,224,5
2026-10-09,8,10032,0,10,114_4,11,2749,455,160,2
2026-10-09,8,10032,0,11,393_2,12,3287,464,169,3
2026-10-09,8,10032,0,12,6070_3,13,3186,454,94,4
2026-10-09,8,10032,0,13,6102_2,13,2921,433,73,3
2026-10-09,8,10032,0,14,6069_2,14,3334,427,74,4
2026-10-09,8,10032,0,15,6057_2,15,3305,404,55,4
2026-10-09,8,10032,0,16,9_5,17,3581,399,8,5
2026-10-09,8,10032,0,17,6241_2,18,5537,484,98,9
2026-10-09,8,10032,0,18,6143_2,20,6043,477,70,11
2026-10-09,8,10032,0,19,6166_2,20,5997,466,87,10
2026-10-09,8,10032,0,20,446_4,22,5959,439,37,11
2026-10-09,8,10032,0,21,6161_2,22,5762,423,0,12
2026-10-09,8,10032,0,22,6001_2,22,6300,440,31,12
2026-10-09,8,10032,0,23,6160_2,22,5896,407,26,12
2026-10-09,8,10032,0,24,6162_2,16,3394,350,12,6
2026-10-09,8,10032,0,25,6041_2,10,1748,317,50,1
2026-10-09,8,10032,0,26,243_2,9,1307,249,30,0
2026-10-09,8,10032,0,27,6228_2,5,470,145,28,0
2026-10-09,8,10032,0,28,95_2,5,270,108,0,0
2026-10-09,8,10032,0,29,94_3,3,202,104,39,0
2026-10-09,8,10032,1,1,6039_1,1,21,21,21,0
2026-10-09,8,10032,1,2,6031_1,2,217,143,74,0
2026-10-09,8,10032,1,3,6042_1,2,161,116,45,0
2026-10-09,8,10032,1,4,6200_1,2,145,108,37,0
2026-10-09,8,10032,1,5,6176_1,3,265,113,42,0
2026-10-09,8,10032,1,6,6206_1,3,316,130,59,0
2026-10-09,8,10032,1,7,6246_1,4,614,175,100,0
2026-10-09,8,10032,1,8,6181_1,5,744,171,96,0
2026-10-09,8,10032,1,9,6225_1,5,769,176,101,0
2026-10-09,8,10032,1,10,6258_1,6,813,162,87,0
2026-10-09,8,10032,1,11,6240_1,6,1005,194,119,0
2026-10-09,8,10032,1,12,6257_1,6,1173,222,147,0
2026-10-09,8,10032,1,13,6244_1,7,1319,226,122,0
2026-10-09,8,10032,1,14,6094_1,4,474,158,83,0
2026-10-09,8,10032,1,15,6256_1,3,315,122,87,0
2026-10-09,8,10032,1,16,6255_1,9,568,98,29,0
2026-10-09,8,10032,1,17,6064_2,10,1127,152,73,0
2026-10-09,8,10032,1,18,6242_2,10,1047,144,65,0
2026-10-09,8,10032,1,19,94_4,11,1700,196,117,0
2026-10-09,8,10032,1,20,93_2,12,1934,205,126,0
2026-10-09,8,10032,1,21,6016_2,14,2381,210,122,0
2026-10-09,8,10032,1,22,91_4,15,2408,210,63,0
2026-10-09,8,10032,1,23,6016_1,17,3709,268,81,0
2026-10-09,8,10032,1,24,93_1,17,3643,261,70,0
2026-10-09,8,10032,1,25,94_2,18,3291,261,25,0
2026-10-09,8,10032,1,26,95_1,17,2889,246,10,0
2026-10-09,8,10032,1,27,6228_1,18,3639,280,50,0
2026-10-09,8,10032,1,28,243_1,20,4280,325,69,3
2026-10-09,8,10032,1,29,6041_1,20,5240,371,117,9
2026-10-09,8,10032,1,30,6162_1,21,4991,363,98,7
2026-10-09,8,10032,1,31,6160_1,21,5375,378,95,7
2026-10-09,8,10032,1,32,6001_1,22,5502,406,86,7
2026-10-09,8,10032,1,33,6161_1,22,6482,468,83,11
2026-10-09,8,10032,1,34,446_3,22,6156,467,70,10
2026-10-09,8,10032,1,35,6166_1,22,6232,492,37,10
2026-10-09,8,10032,1,36,6143_1,24,6206,473,19,9
2026-10-09,8,10032,1,37,6241_1,24,6206,470,27,9
2026-10-09,8,10032,1,38,9_2,26,5984,446,8,9
2026-10-09,8,10032,1,39,6057_1,26,6338,483,7,9
2026-10-09,8,10032,1,40,6069_1,27,7658,529,54,12
2026-10-09,8,10032,1,41,6102_1,28,8772,557,97,16
2026-10-09,8,10032,1,42,6070_2,29,8115,536,64,14
2026-10-09,8,10032,1,43,393_1,29,8897,549,104,16
2026-10-09,8,10032,1,44,114_1,29,7277,483,59,10
2026-10-09,8,10032,1,45,114_3,30,9619,532,133,17
2026-10-09,8,10032,1,46,3_1,31,13044,662,117,24
2026-10-09,8,10032,1,47,73_1,33,10843,610,38,19
2026-10-09,8,10032,1,48,72_2,25,9979,649,111,18
2026-10-09,8,10032,1,49,55_1,20,5631,539,3,8
2026-10-09,8,10032,1,50,56_1,18,4830,458,20,8
2026-10-09,8,10032,1,51,57_1,14,3092,352,26,4
2026-10-09,8,10032,1,52,59_1,9,1175,217,44,0
2026-10-09,8,10033,1,1,7475_1,1,0,0,0,0
2026-10-09,8,10033,1,2,6260_2,2,59,30,29,0
2026-10-09,8,10033,1,3,6169_1,3,221,96,62,0
2026-10-09,8,10033,1,4,6405_1,3,303,121,87,0
2026-10-09,8,10033,1,5,6074_1,6,650,128,93,0
2026-10-09,8,10033,1,6,6401_1,8,693,128,47,0
2026-10-09,8,10033,1,7,6400_1,9,842,139,52,0
2026-10-09,8,10033,1,8,6033_2,10,987,183,10,0
2026-10-09,8,10033,1,9,6211_2,11,919,165,0,0
2026-10-09,8,10033,1,10,6170_1,12,1161,183,0,0
2026-10-09,8,10033,1,11,7841_2,14,1693,208,10,0
2026-10-09,8,10033,1,12,91_3,12,401,88,0,0
2026-10-09,8,10034,0,1,91_2,1,13,13,13,0
2026-10-09,8,10034,0,2,7841_4,2,331,171,160,0
2026-10-09,8,10034,0,3,6170_2,2,401,206,195,0
2026-10-09,8,10034,0,4,6902_2,2,486,272,214,0
2026-10-09,8,10034,0,5,6006_2,3,641,305,92,1
2026-10-09,8,10034,0,6,6229_2,3,727,337,114,1
2026-10-09,8,10034,0,7,6074_2,4,757,312,86,1
2026-10-09,8,10034,0,8,6169_2,4,545,262,36,0
2026-10-09,8,10034,0,9,6263_2,5,597,258,32,0
2026-10-09,8,10034,0,10,6196_2,5,512,240,14,0
2026-10-09,8,10034,0,11,6134_2,6,532,241,15,0
2026-10-09,8,10034,0,12,6106_2,6,585,252,18,0
2026-10-09,8,10034,0,13,6290_1,7,586,262,9,0
2026-10-09,8,10034,0,14,6020_9,5,380,224,0,0
2026-10-09,8,10034,0,15,6019_1,3,102,94,0,0
2026-10-09,8,10034,0,16,6073_2,4,125,94,0,0
2026-10-09,8,10038,0,1,91_3,8,333,240,0,0
2026-10-09,8,10038,0,2,7475_1,29,4698,349,0,2
2026-10-09,8,10043,0,9,6149_1,2,39,39,0,0
2026-10-09,8,10043,0,10,6149_9,2,27,27,0,0
2026-10-09,8,10047,0,1,61_1,1,0,0,0,0
2026-10-09,8,10047,0,2,59_4,1,4,4,4,0
2026-10-09,8,10047,0,3,57_2,2,132,102,30,0
2026-10-09,8,10047,0,4,56_2,4,669,209,137,0
2026-10-09,8,10047,0,5,55_2,6,1428,296,183,0
2026-10-09,8,10047,0,6,72_1,6,1152,207,156,0
2026-10-09,8,10047,0,10,114_4,9,3246,454,300,9
2026-10-09,8,10047,0,11,393_2,9,3849,521,367,9
2026-10-09,8,10047,0,12,6070_3,11,4509,543,141,10
2026-10-09,8,10047,0,13,6102_2,12,4093,495,79,10
2026-10-09,8,10047,0,14,6069_2,13,4364,510,94,10
2026-10-09,8,10047,0,15,6057_2,13,4259,501,85,10
2026-10-09,8,10047,0,16,9_5,13,3980,468,52,10
2026-10-09,8,10047,0,17,6241_2,14,4626,516,85,10
2026-10-09,8,10047,0,18,6143_2,14,4290,488,60,10
2026-10-09,8,10047,0,19,6166_2,14,4146,476,53,10
2026-10-09,8,10047,0,20,446_4,16,4319,495,24,10
2026-10-09,8,10047,0,21,6161_2,17,5250,517,65,11
2026-10-09,8,10047,0,22,6001_2,18,5888,550,77,11
2026-10-09,8,10047,0,23,6160_2,17,5182,535,63,10
2026-10-09,8,10047,0,24,6162_2,17,5130,539,52,10
2026-10-09,8,10047,0,25,6041_2,18,5894,568,101,10
2026-10-09,8,10047,0,26,243_2,18,5705,559,89,10
2026-10-09,8,10047,0,27,6228_2,18,6007,578,103,10
2026-10-09,8,10047,0,28,95_2,19,5047,530,0,10
2026-10-09,8,10047,0,29,94_3,19,5849,574,39,10
2026-10-09,8,10047,0,30,6242_1,20,5917,574,39,10
2026-10-09,8,10047,0,31,6064_1,21,5627,542,3,11
2026-10-09,8,10047,0,32,6255_2,22,6501,567,17,12
2026-10-09,8,10047,0,33,6256_2,23,7517,592,48,13
2026-10-09,8,10047,0,34,6094_2,23,7119,569,37,13
2026-10-09,8,10047,0,35,6244_2,24,6802,550,28,13
2026-10-09,8,10047,0,36,6257_2,24,6722,548,26,13
2026-10-09,8,10047,0,37,6240_2,24,7346,575,49,13
2026-10-09,8,10047,0,38,6258_2,25,7489,577,46,13
2026-10-09,8,10047,0,39,6225_2,25,7350,559,58,13
2026-10-09,8,10047,0,40,6181_2,26,6990,542,19,13
2026-10-09,8,10047,0,41,6246_2,27,7795,592,39,13
2026-10-09,8,10047,0,42,6206_2,27,8664,592,90,13
2026-10-09,8,10047,0,43,6176_2,29,9227,625,66,13
2026-10-09,8,10047,0,44,6200_3,29,9727,669,89,12
2026-10-09,8,10047,0,45,6042_2,30,9213,629,54,13
2026-10-09,8,10047,0,46,6031_2,30,8251,587,23,13
2026-10-09,8,10047,0,47,6039_1,27,6221,511,0,11
2026-10-09,8,10047,1,1,6039_1,1,0,0,0,0
2026-10-09,8,10047,1,2,6031_1,1,69,69,69,0
2026-10-09,8,10047,1,3,6042_1,2,66,36,30,0
2026-10-09,8,10047,1,4,6200_1,2,48,27,21,0
2026-10-09,8,10047,1,5,6176_1,3,84,32,23,0
2026-10-09,8,10047,1,6,6206_1,3,159,57,48,0
2026-10-09,8,10047,1,7,6246_1,4,365,95,86,0
2026-10-09,8,10047,1,8,6181_1,5,357,76,65,0
2026-10-09,8,10047,1,9,6225_1,6,407,90,57,0
2026-10-09,8,10047,1,10,6258_1,6,389,87,54,0
2026-10-09,8,10047,1,11,6240_1,7,468,86,53,0
2026-10-09,8,10047,1,12,6257_1,7,713,121,88,0
2026-10-09,8,10047,1,13,6244_1,8,845,146,86,0
2026-10-09,8,10047,1,14,6094_1,8,709,129,69,0
2026-10-09,8,10047,1,15,6256_1,9,862,137,71,0
2026-10-09,8,10047,1,16,6255_1,9,349,80,14,0
2026-10-09,8,10047,1,17,6064_2,10,620,101,35,0
2026-10-09,8,10047,1,18,6242_2,10,670,106,40,0
2026-10-09,8,10047,1,19,94_2,11,900,119,59,0
2026-10-09,8,10047,1,20,95_1,11,679,98,38,0
2026-10-09,8,10047,1,21,6228_1,11,1405,168,97,0
2026-10-09,8,10047,1,22,243_1,12,1742,187,112,0
2026-10-09,8,10047,1,23,6041_1,13,2449,233,159,0
2026-10-09,8,10047,1,24,6162_1,13,2112,204,137,0
2026-10-09,8,10047,1,25,6160_1,13,2145,199,133,0
2026-10-09,8,10047,1,26,6001_1,14,2001,185,106,0
2026-10-09,8,10047,1,27,6161_1,15,2095,200,89,0
2026-10-09,8,10047,1,28,446_3,17,1676,180,31,0
2026-10-09,8,10047,1,29,6166_1,18,2215,214,37,0
2026-10-09,8,10047,1,30,6143_1,16,1613,178,21,0
2026-10-09,8,10047,1,31,6241_1,10,668,107,20,0
2026-10-09,8,10047,1,32,9_2,2,803,418,385,2
2026-10-09,8,10047,1,33,6057_1,3,1263,455,386,3
2026-10-09,8,10047,1,34,6069_1,9,3267,501,248,7
2026-10-09,8,10047,1,35,6102_1,15,4997,529,188,9
2026-10-09,8,10047,1,36,6070_2,18,5212,508,68,9
2026-10-09,8,10047,1,37,393_1,23,6286,521,49,10
2026-10-09,8,10047,1,38,114_1,24,5269,455,0,8
2026-10-09,8,10047,1,39,114_3,26,7577,504,65,13
2026-10-09,8,10047,1,40,3_1,27,9739,680,49,14
2026-10-09,8,10047,1,41,73_1,27,8993,619,0,16
2026-10-09,8,10047,1,42,72_2,29,14560,804,60,21
2026-10-09,8,10047,1,43,55_1,30,14628,842,108,19
2026-10-09,8,10047,1,44,56_1,29,14649,890,99,18
2026-10-09,8,10047,1,45,57_1,34,17988,924,112,23
2026-10-09,8,10047,1,46,59_1,39,19697,896,80,27
2026-10-09,8,10047,1,47,61_1,42,17508,826,58,30
2026-10-09,8,10049,0,1,91_1,1,0,0,0,0
2026-10-09,8,10049,0,2,6016_1,2,168,87,81,0
2026-10-09,8,10049,0,3,93_1,2,198,102,96,0
2026-10-09,8,10049,0,4,94_1,4,727,185,178,0
2026-10-09,8,10049,0,5,6242_1,4,707,180,173,0
2026-10-09,8,10049,0,6,6064_1,4,567,145,138,0
2026-10-09,8,10049,0,7,6255_2,5,872,209,162,0
2026-10-09,8,10049,0,8,6256_2,6,1124,221,177,0
2026-10-09,8,10049,0,9,6094_2,7,1266,232,162,0
2026-10-09,8,10049,0,10,6244_2,7,1077,205,135,0
2026-10-09,8,10049,0,11,6257_2,7,1001,192,125,0
2026-10-09,8,10049,0,12,6240_2,7,1155,214,147,0
2026-10-09,8,10049,0,13,6258_2,13,2272,222,135,0
2026-10-09,8,10049,0,14,6225_2,15,2601,213,135,0
2026-10-09,8,10049,0,15,6181_2,19,2661,193,76,0
2026-10-09,8,10049,0,16,6246_2,21,3933,280,87,0
2026-10-09,8,10049,0,17,6206_2,22,4524,338,75,1
2026-10-09,8,10049,0,18,6176_2,25,5842,348,108,3
2026-10-09,8,10049,0,19,6200_3,24,6485,385,152,11
2026-10-09,8,10049,0,20,6042_2,25,5815,347,112,2
2026-10-09,8,10049,0,21,6031_2,27,5242,325,70,1
2026-10-09,8,10049,0,22,6039_1,23,2771,261,0,0
2026-10-09,8,10049,1,5,6022_1,5,142,65,10,0
2026-10-09,8,10049,1,6,6040_1,6,263,121,10,0
2026-10-09,8,10049,1,7,6039_1,7,373,121,10,0
2026-10-09,8,10049,1,8,6031_1,8,1102,211,99,0
2026-10-09,8,10049,1,9,6042_1,8,806,174,62,0
2026-10-09,8,10049,1,10,6200_1,8,878,183,71,0
2026-10-09,8,10049,1,11,6176_1,9,977,190,43,0
2026-10-09,8,10049,1,12,6206_1,10,953,184,30,0
2026-10-09,8,10049,1,13,6246_1,10,1163,205,51,0
2026-10-09,8,10049,1,14,6181_1,11,1153,193,39,0
2026-10-09,8,10049,1,15,6225_1,12,1247,193,39,0
2026-10-09,8,10049,1,16,6258_1,12,1131,184,30,0
2026-10-09,8,10049,1,17,6240_1,12,1069,176,22,0
2026-10-09,8,10049,1,18,6257_1,13,1609,213,59,0
2026-10-09,8,10049,1,19,6244_1,13,1436,199,45,0
2026-10-09,8,10049,1,20,6094_1,14,1311,181,27,0
2026-10-09,8,10049,1,21,6256_1,14,1201,172,18,0
2026-10-09,8,10049,1,22,6255_1,13,656,110,0,0
2026-10-09,8,10049,1,23,6064_2,14,1335,164,37,0
2026-10-09,8,10049,1,24,6242_2,13,1291,156,57,0
2026-10-09,8,10049,1,25,94_4,14,2118,208,109,0
2026-10-09,8,10049,1,26,93_2,15,2360,217,74,0
2026-10-09,8,10049,1,27,6016_2,17,2731,233,76,0
2026-10-09,8,10049,1,28,91_1,17,2629,227,70,0
2026-10-09,8,10050,0,1,91_4,2,0,0,0,0
2026-10-09,8,10050,0,2,6016_1,4,277,86,51,0
2026-10-09,8,10050,0,3,93_1,5,392,89,66,0
2026-10-09,8,10050,0,4,6013_2,7,1277,214,151,0
2026-10-09,8,10050,0,5,6212_2,8,1665,242,168,0
2026-10-09,8,10050,0,6,6205_2,10,2203,263,150,0
2026-10-09,8,10050,0,7,6187_3,11,2482,266,150,0
2026-10-09,8,10050,0,8,6011_2,13,3584,335,194,4
2026-10-09,8,10050,0,9,6018_2,15,4453,376,195,8
2026-10-09,8,10050,0,10,6190_2,15,4817,397,223,10
2026-10-09,8,10050,0,11,6171_2,15,4193,354,183,6
2026-10-09,8,10050,0,12,6014_3,21,2482,228,0,0
2026-10-09,8,10050,1,1,6014_1,2,13,13,0,0
2026-10-09,8,10050,1,2,6171_1,2,90,46,44,0
2026-10-09,8,10050,1,3,6190_1,4,236,105,36,0
2026-10-09,8,10050,1,4,6018_1,4,174,86,24,0
2026-10-09,8,10050,1,5,6011_3,7,466,129,12,0
2026-10-09,8,10050,1,6,6187_2,9,813,146,31,0
2026-10-09,8,10050,1,7,6205_1,9,899,151,29,0
2026-10-09,8,10050,1,8,6212_1,10,1127,165,36,0
2026-10-09,8,10050,1,9,6013_1,11,1302,182,24,0
2026-10-09,8,10050,1,10,93_2,13,2242,222,95,0
2026-10-09,8,10050,1,11,6016_2,15,2817,282,93,0
2026-10-09,8,10050,1,12,91_4,17,835,123,0,0
2026-10-09,8,10051,0,1,91_4,2,86,86,0,0
2026-10-09,8,10051,0,2,6016_1,5,586,179,74,0
2026-10-09,8,10051,0,3,93_1,7,841,233,54,0
2026-10-09,8,10051,0,4,6013_2,9,1669,320,104,1
2026-10-09,8,10051,0,5,6212_2,11,2057,320,98,1
2026-10-09,8,10051,0,6,6205_2,15,3142,316,108,1
2026-10-09,8,10051,0,7,6187_3,15,3112,299,97,0
2026-10-09,8,10051,0,8,6011_4,13,3149,324,149,3
2026-10-09,8,10051,0,9,6017_2,14,3814,355,175,5
2026-10-09,8,10051,0,10,6172_2,15,4151,380,169,5
2026-10-09,8,10051,0,11,6067_2,16,5209,421,222,12
2026-10-09,8,10051,0,12,6248_2,16,5023,436,203,11
2026-10-09,8,10051,0,13,6249_2,17,5237,423,191,10
2026-10-09,8,10051,0,14,6015_2,18,3425,304,72,1
2026-10-09,8,10051,1,1,6015_1,2,46,46,0,0
2026-10-09,8,10051,1,2,6249_1,4,277,89,45,0
2026-10-09,8,10051,1,3,6248_1,4,277,89,47,0
2026-10-09,8,10051,1,4,6067_1,7,185,55,9,0
2026-10-09,8,10051,1,5,6172_1,8,446,91,28,0
2026-10-09,8,10051,1,6,6017_1,10,626,97,16,0
2026-10-09,8,10051,1,7,6011_1,12,1070,127,20,0
2026-10-09,8,10051,1,8,6187_2,15,2179,188,76,0
2026-10-09,8,10051,1,9,6205_1,21,2691,186,47,0
2026-10-09,8,10051,1,10,6212_1,24,2951,191,41,0
2026-10-09,8,10051,1,11,6013_1,27,3067,195,33,0
2026-10-09,8,10051,1,12,93_2,29,4937,291,88,0
2026-10-09,8,10051,1,13,6016_2,29,5386,310,93,2
2026-10-09,8,10051,1,14,91_4,15,1345,220,0,0
2026-10-09,8,10053,0,28,6134_2,1,371,371,371,1
2026-10-09,8,10053,0,29,6106_2,7,2374,392,301,7
2026-10-09,8,10053,0,30,6020_9,19,5533,385,240,6
2026-10-09,8,10053,0,31,6043_9,21,7228,445,256,19
2026-10-09,8,10053,0,32,6188_1,23,9369,584,297,22
2026-10-09,8,10053,0,33,6073_2,24,11392,644,357,24
2026-10-09,8,10053,0,34,6152_1,25,11981,644,357,25
2026-10-09,8,10053,0,35,6300_2,25,11981,644,357,25
2026-10-09,8,10053,0,36,6289_9,25,11981,644,357,25
2026-10-09,8,10053,0,37,6301_9,26,12506,644,357,26
2026-10-09,8,10053,0,38,6355_9,27,13024,644,357,27
2026-10-09,8,10053,0,39,6353_1,27,13024,644,357,27
2026-10-09,8,10053,0,40,6332_1,27,13024,644,357,27
2026-10-09,8,10053,0,41,6367_9,27,13024,644,357,27
2026-10-09,8,10053,0,42,6347_9,28,13424,644,357,28
2026-10-09,8,10053,0,43,6294_1,29,13738,644,314,29
2026-10-09,8,10053,0,44,6357_1,30,14035,644,297,29
2026-10-09,8,10053,0,45,6360_1,31,14323,644,288,29
2026-10-09,8,10053,0,46,6345_1,31,14323,644,288,29
2026-10-09,8,10053,0,47,6358_9,31,14633,654,298,30
2026-10-09,8,10053,0,48,6346_9,31,14633,654,298,30
2026-10-09,8,10053,0,49,6375_1,32,15194,664,251,31
2026-10-09,8,10053,0,50,6356_9,32,15194,664,251,31
2026-10-09,8,10053,0,51,6368_9,32,15194,664,251,31
2026-10-09,8,10053,0,52,6366_9,33,15433,664,239,31
2026-10-09,8,10053,0,53,6329_1,34,15592,664,159,31
2026-10-09,8,10053,0,54,6275_1,35,15754,664,159,31
2026-10-09,8,10053,0,55,6277_1,35,15754,664,159,31
2026-10-09,8,10053,0,56,6348_9,35,15754,664,159,31
2026-10-09,8,10053,0,57,6370_9,36,15872,664,118,31
2026-10-09,8,10053,0,58,6371_1,37,16014,664,118,31
2026-10-09,8,10053,0,59,6282_1,35,14687,609,118,29
2026-10-09,8,10053,0,60,6344_9,34,14078,585,118,28
2026-10-09,8,10053,0,61,6369_1,31,11885,538,53,24
2026-10-09,8,10053,0,62,6297_1,22,7339,471,53,15
2026-10-09,8,10053,0,63,6327_9,8,1179,251,53,0
2026-10-09,8,10053,0,64,6349_9,6,689,162,53,0
2026-10-09,8,10053,0,65,6265_9,8,771,172,11,0
2026-10-09,8,10053,0,66,6316_9,4,150,65,11,0
2026-10-09,8,10055,0,1,707_1,1,78,78,78,0
2026-10-09,8,10055,0,2,18_2,1,78,78,78,0
2026-10-09,8,10055,0,3,44_2,2,243,124,119,0
2026-10-09,8,10055,0,4,6166_2,3,407,138,131,0
2026-10-09,8,10055,0,4,43_2,2,219,112,107,0
2026-10-09,8,10055,0,5,446_4,5,706,146,135,0
2026-10-09,8,10055,0,5,42_2,3,420,154,117,0
2026-10-09,8,10055,0,6,6158_2,6,1111,201,130,0
2026-10-09,8,10055,0,6,21_2,3,510,184,147,0
2026-10-09,8,10055,0,7,447_2,6,925,170,99,0
2026-10-09,8,10055,0,7,40_2,4,672,197,123,0
2026-10-09,8,10055,0,8,448_2,6,883,163,92,0
2026-10-09,8,10055,0,8,39_2,4,780,224,150,0
2026-10-09,8,10055,0,9,14_3,7,974,163,91,0
2026-10-09,8,10055,0,9,7471_2,5,1005,254,105,0
2026-10-09,8,10055,0,10,15_2,7,715,126,54,0
2026-10-09,8,10055,0,10,472_2,5,868,227,78,0
2026-10-09,8,10055,0,11,16_2,8,776,123,51,0
2026-10-09,8,10055,0,11,473_2,7,1901,381,168,3
2026-10-09,8,10055,0,12,17_2,8,888,137,65,0
2026-10-09,8,10055,0,12,474_2,6,1589,346,180,2
2026-10-09,8,10055,0,13,18_2,8,520,91,19,0
2026-10-09,8,10055,0,13,7475_3,4,628,174,144,0
2026-10-09,8,10055,0,14,44_2,8,411,98,0,0
2026-10-09,8,10055,0,15,43_2,8,397,96,0,0
2026-10-09,8,10055,0,16,42_2,9,862,249,27,0
2026-10-09,8,10055,0,17,21_2,9,1150,281,59,0
2026-10-09,8,10055,0,18,40_2,10,1991,340,118,2
2026-10-09,8,10055,0,19,39_2,11,2814,391,169,3
2026-10-09,8,10055,0,20,7471_2,12,3261,403,181,4
2026-10-09,8,10055,0,21,472_2,12,3011,382,160,3
2026-10-09,8,10055,0,22,473_2,14,4615,468,205,9
2026-10-09,8,10055,0,23,474_2,16,5255,470,195,9
2026-10-09,8,10055,0,24,7475_3,17,4795,418,143,7
2026-10-09,8,10055,0,25,6260_2,18,6000,467,192,10
2026-10-09,8,10055,0,26,6263_2,18,6231,481,206,10
2026-10-09,8,10055,0,27,6196_2,18,5877,467,192,10
2026-10-09,8,10055,0,28,6134_2,19,6323,472,197,11
2026-10-09,8,10055,0,29,6106_2,20,7223,510,235,13
2026-10-09,8,10055,0,30,6290_1,20,7089,502,227,13
2026-10-09,8,10055,0,31,6020_9,21,7091,489,214,13
2026-10-09,8,10055,0,32,6019_1,22,4655,355,99,2
2026-10-09,8,10055,0,33,6148_2,23,5662,394,128,5
2026-10-09,8,10055,0,34,6036_2,23,6088,410,148,7
2026-10-09,8,10055,0,35,6150_2,23,5659,393,128,5
2026-10-09,8,10055,0,36,6122_9,24,6604,426,156,12
2026-10-09,8,10055,0,37,6147_2,24,6361,418,142,12
2026-10-09,8,10055,0,38,6145_1,24,6361,418,142,12
2026-10-09,8,10055,0,39,6144_1,24,6256,415,126,11
2026-10-09,8,10055,0,40,6149_1,24,5772,395,114,5
2026-10-09,8,10055,0,41,6149_9,24,5715,394,102,5
2026-10-09,8,10055,1,2,6144_1,1,100,100,100,0
2026-10-09,8,10055,1,3,6149_1,1,88,88,88,0
2026-10-09,8,10055,1,4,6149_9,1,76,76,76,0
2026-10-09,8,10055,1,5,6147_1,2,173,95,78,0
2026-10-09,8,10055,1,6,6122_1,3,255,92,75,0
2026-10-09,8,10055,1,7,6150_1,4,360,99,77,0
2026-10-09,8,10055,1,8,6036_1,4,280,79,57,0
2026-10-09,8,10055,1,9,6148_1,4,288,81,59,0
2026-10-09,8,10055,1,10,6019_2,5,481,113,79,0
2026-10-09,8,10055,1,11,6020_1,6,956,174,140,0
2026-10-09,8,10055,1,12,6106_1,6,1008,184,149,0
2026-10-09,8,10055,1,13,6134_1,7,1076,170,135,0
2026-10-09,8,10055,1,14,6196_1,7,1279,199,164,0
2026-10-09,8,10055,1,15,6263_1,8,1348,200,144,0
2026-10-09,8,10055,1,16,6260_1,8,1348,200,144,0
2026-10-09,8,10055,1,17,7475_2,9,1545,200,144,0
2026-10-09,8,10055,1,18,474_1,10,1731,200,144,0
2026-10-09,8,10055,1,19,473_1,11,1948,291,137,0
2026-10-09,8,10055,1,20,472_1,13,2727,306,162,1
2026-10-09,8,10055,1,21,7471_1,14,3058,331,162,2
2026-10-09,8,10055,1,22,39_1,15,3373,331,162,3
2026-10-09,8,10055,1,23,40_1,15,3373,331,162,3
2026-10-09,8,10055,1,24,21_1,16,3721,348,162,4
2026-10-09,8,10055,1,25,42_1,16,3721,348,162,4
2026-10-09,8,10055,1,26,43_1,17,4020,348,162,4
2026-10-09,8,10055,1,27,44_1,18,4330,348,162,5
2026-10-09,8,10055,1,28,18_1,18,4330,348,162,5
2026-10-09,8,10055,1,29,707_1,19,4604,348,162,5
2026-10-09,8,10056,0,1,17_2,1,0,0,0,0
2026-10-09,8,10056,0,2,18_2,1,0,0,0,0
2026-10-09,8,10056,0,3,44_2,3,120,74,0,0
2026-10-09,8,10056,0,4,43_2,4,172,67,0,0
2026-10-09,8,10056,0,5,42_2,4,290,99,27,0
2026-10-09,8,10056,0,6,21_2,5,475,110,59,0
2026-10-09,8,10056,0,7,40_2,6,880,169,118,0
2026-10-09,8,10056,0,8,39_2,7,1381,220,169,0
2026-10-09,8,10056,0,9,7471_2,8,1687,232,181,0
2026-10-09,8,10056,0,10,472_2,9,1768,255,160,0
2026-10-09,8,10056,0,11,473_2,10,3074,435,246,4
2026-10-09,8,10056,0,12,474_2,11,3576,450,248,5
2026-10-09,8,10056,0,13,7475_3,12,3412,420,196,4
2026-10-09,8,10056,0,14,6260_2,13,4418,469,245,7
2026-10-09,8,10056,0,15,6263_2,13,4567,483,259,9
2026-10-09,8,10056,0,16,6196_2,14,4703,457,245,7
2026-10-09,8,10056,0,17,6134_2,14,4682,453,247,7
2026-10-09,8,10056,0,18,6106_2,15,5361,470,264,11
2026-10-09,8,10056,0,19,6290_1,16,5599,458,252,12
2026-10-09,8,10056,0,20,6020_9,16,5080,420,214,10
2026-10-09,8,10056,0,21,6019_1,16,3020,290,80,0
2026-10-09,8,10057,0,1,9_1,1,89,89,89,0
2026-10-09,8,10057,0,2,17_2,2,274,185,89,0
2026-10-09,8,10057,0,3,18_2,2,275,197,78,0
2026-10-09,8,10057,0,4,44_2,4,975,359,124,1
2026-10-09,8,10057,0,5,43_2,5,1217,366,117,1
2026-10-09,8,10057,0,6,42_2,6,1648,367,144,2
2026-10-09,8,10057,0,7,21_2,8,2460,415,176,3
2026-10-09,8,10057,0,8,40_2,9,3208,475,235,8
2026-10-09,8,10057,0,9,39_2,10,3871,477,286,9
2026-10-09,8,10057,0,10,7471_2,11,4798,541,298,10
2026-10-09,8,10057,0,11,472_2,12,5612,573,337,12
2026-10-09,8,10057,0,12,473_2,13,6901,674,363,13
2026-10-09,8,10057,0,13,474_2,14,7621,724,365,14
2026-10-09,8,10057,0,14,7475_2,15,3695,419,82,5
2026-10-09,8,10058,0,1,9_1,6,57,49,0,0
2026-10-09,8,10058,0,2,478_2,9,576,162,0,0
2026-10-09,8,10058,0,3,589_2,14,2339,301,91,1
2026-10-09,8,10058,0,4,708_2,18,4409,391,147,4
2026-10-09,8,10058,0,5,38_3,22,4936,381,139,4
2026-10-09,8,10058,0,6,7471_2,27,7720,432,197,12
2026-10-09,8,10058,0,7,472_2,30,9729,471,236,18
2026-10-09,8,10058,0,8,473_2,35,13110,497,262,32
2026-10-09,8,10058,0,9,474_2,40,15723,509,264,37
2026-10-09,8,10058,0,10,7475_2,54,6577,317,0,1
2026-10-09,8,10059,0,1,91_3,6,8,8,0,0
2026-10-09,8,10059,0,2,7841_4,14,1366,186,40,0
2026-10-09,8,10059,0,3,6170_2,15,1735,202,60,0
2026-10-09,8,10059,0,4,6902_2,21,2658,209,51,0
2026-10-09,8,10059,0,5,6006_2,23,3931,284,85,0
2026-10-09,8,10059,0,6,6229_2,26,5133,325,96,2
2026-10-09,8,10059,0,7,6074_2,34,6291,321,80,3
2026-10-09,8,10059,0,8,6169_2,39,5141,264,28,0
2026-10-09,8,10059,0,9,6260_1,41,7333,329,62,2
2026-10-09,8,10059,0,10,7475_1,39,3880,215,0,0
2026-10-09,8,10059,1,1,7475_1,2,0,0,0,0
2026-10-09,8,10059,1,2,6260_2,5,243,75,21,0
2026-10-09,8,10059,1,3,6169_1,9,905,132,71,0
2026-10-09,8,10059,1,4,6405_1,9,1069,148,86,0
2026-10-09,8,10059,1,5,6074_1,12,1446,157,77,0
2026-10-09,8,10059,1,6,6229_1,14,1755,171,74,0
2026-10-09,8,10059,1,7,6006_1,14,1854,166,92,0
2026-10-09,8,10059,1,8,6902_1,13,2548,264,138,0
2026-10-09,8,10059,1,9,6170_1,14,3045,294,166,0
2026-10-09,8,10059,1,10,7841_2,16,3913,330,189,4
2026-10-09,8,10059,1,11,91_3,17,1812,210,9,0
2026-10-09,8,10060,0,2,73_1,4,978,399,74,1
2026-10-09,8,10060,0,3,128_1,7,2090,463,150,2
2026-10-09,8,10060,0,4,114_5,11,1946,331,0,3
2026-10-09,8,10060,0,5,393_2,18,4307,420,72,7
2026-10-09,8,10060,0,6,6070_3,24,5341,402,97,7
2026-10-09,8,10060,0,7,6102_2,29,5863,461,69,8
2026-10-09,8,10060,0,8,6069_2,32,6514,461,76,8
2026-10-09,8,10060,0,9,6057_2,33,6051,443,60,7
2026-10-09,8,10060,0,10,9_5,42,7451,471,3,9
2026-10-09,8,10060,0,11,6241_2,40,8780,415,58,11
2026-10-09,8,10060,0,12,6143_2,36,6245,367,36,7
2026-10-09,8,10060,0,13,6166_2,40,6961,419,28,7
2026-10-09,8,10060,0,14,446_4,41,5554,372,0,4
2026-10-09,8,10060,0,15,6161_2,44,6418,392,39,5
2026-10-09,8,10060,0,16,6001_2,44,7841,421,62,9
2026-10-09,8,10060,0,17,6160_2,46,7606,410,40,7
2026-10-09,8,10060,0,18,6162_2,48,7612,402,7,7
2026-10-09,8,10060,0,19,6041_2,47,9378,439,43,10
2026-10-09,8,10060,0,20,243_2,50,9160,423,27,10
2026-10-09,8,10060,0,21,6228_2,52,10682,474,40,10
2026-10-09,8,10060,0,22,95_2,65,10411,459,0,9
2026-10-09,8,10060,0,23,94_3,68,13827,503,47,11
2026-10-09,8,10060,0,24,6013_2,74,12148,519,20,10
2026-10-09,8,10060,0,25,6212_2,77,13679,537,36,12
2026-10-09,8,10060,0,26,6205_2,81,15368,565,3,17
2026-10-09,8,10060,0,27,6187_3,81,15054,584,11,15
2026-10-09,8,10060,0,28,6011_4,82,20001,631,12,23
2026-10-09,8,10060,0,29,6017_2,83,21545,638,6,25
2026-10-09,8,10060,0,30,6172_2,79,20758,629,0,25
2026-10-09,8,10060,0,31,6067_2,80,25244,681,41,32
2026-10-09,8,10060,0,32,6248_2,80,23295,588,34,28
2026-10-09,8,10060,0,33,6249_2,80,23555,580,25,29
2026-10-09,8,10060,0,34,6015_2,77,13334,411,0,17
2026-10-09,8,10060,1,1,6015_1,3,16,16,0,0
2026-10-09,8,10060,1,2,6249_1,5,343,95,47,0
2026-10-09,8,10060,1,3,6248_1,8,514,98,40,0
2026-10-09,8,10060,1,4,6067_1,12,374,71,0,0
2026-10-09,8,10060,1,5,6172_1,14,640,74,15,0
2026-10-09,8,10060,1,6,6017_1,13,881,98,36,0
2026-10-09,8,10060,1,7,6011_1,21,1741,128,32,0
2026-10-09,8,10060,1,8,6187_2,25,3563,189,59,0
2026-10-09,8,10060,1,9,6205_1,29,4317,199,61,0
2026-10-09,8,10060,1,10,6212_1,30,4744,219,59,0
2026-10-09,8,10060,1,11,6013_1,31,4627,207,51,0
2026-10-09,8,10060,1,12,94_2,34,4383,214,0,0
2026-10-09,8,10060,1,13,95_1,31,3352,195,0,0
2026-10-09,8,10060,1,14,6228_1,39,6574,269,34,0
2026-10-09,8,10060,1,15,243_1,39,6807,288,38,0
2026-10-09,8,10060,1,16,6041_1,39,8578,334,88,5
2026-10-09,8,10060,1,17,6162_1,47,9010,305,68,1
2026-10-09,8,10060,1,18,6160_1,50,9987,300,72,1
2026-10-09,8,10060,1,19,6001_1,52,10274,286,76,0
2026-10-09,8,10060,1,20,6161_1,52,11934,332,118,8
2026-10-09,8,10060,1,21,446_3,58,11896,338,36,8
2026-10-09,8,10060,1,22,6166_1,60,13468,365,42,14
2026-10-09,8,10060,1,23,6143_1,66,14159,356,20,13
2026-10-09,8,10060,1,24,6241_1,72,15881,369,12,14
2026-10-09,8,10060,1,25,9_2,81,17010,376,0,14
2026-10-09,8,10060,1,26,8_3,76,14638,414,0,10
2026-10-09,8,10060,1,27,6_1,73,15765,466,10,14
2026-10-09,8,10060,1,28,902_1,69,15233,481,0,15
2026-10-09,8,10060,1,29,5_1,72,14126,425,0,13
2026-10-09,8,10060,1,30,4_1,86,19272,460,11,20
2026-10-09,8,10060,1,31,6059_1,96,30207,584,121,48
2026-10-09,8,10060,1,32,3_1,103,26650,584,0,34
2026-10-09,8,10060,1,33,73_1,96,19875,473,0,24
2026-10-09,8,10060,1,34,128_1,88,17545,484,30,13
2026-10-09,8,10060,1,35,114_5,67,7586,352,0,4
2026-10-09,8,10061,0,2,73_1,1,351,351,351,1
2026-10-09,8,10061,0,3,128_1,2,631,325,306,2
2026-10-09,8,10062,0,1,91_2,2,0,0,0,0
2026-10-09,8,10062,0,2,7841_4,4,323,173,0,0
2026-10-09,8,10062,0,3,6170_2,5,562,189,20,0
2026-10-09,8,10062,0,4,6902_2,7,985,231,11,0
2026-10-09,8,10062,0,5,6006_2,7,1247,271,45,0
2026-10-09,8,10062,0,6,6229_2,9,1958,304,56,1
2026-10-09,8,10062,0,7,6074_2,10,2219,308,39,2
2026-10-09,8,10062,0,8,6169_2,11,1900,254,0,0
2026-10-09,8,10062,0,9,6263_2,12,2477,316,33,1
2026-10-09,8,10062,0,10,6196_2,12,2273,302,19,1
2026-10-09,8,10062,0,11,6134_2,13,2422,307,24,1
2026-10-09,8,10062,0,12,6106_2,16,3586,345,62,2
2026-10-09,8,10062,0,13,6290_1,22,4641,337,54,2
2026-10-09,8,10062,0,14,6020_9,24,4583,324,41,1
2026-10-09,8,10062,0,15,6019_1,25,1809,190,0,0
2026-10-09,8,10062,1,1,6019_1,4,13,13,0,0
2026-10-09,8,10062,1,2,6020_1,7,489,103,11,0
2026-10-09,8,10062,1,3,6106_1,8,755,143,26,0
2026-10-09,8,10062,1,4,6134_1,10,815,127,10,0
2026-10-09,8,10062,1,5,6196_1,12,1418,173,39,0
2026-10-09,8,10062,1,6,6263_1,12,1171,153,15,0
2026-10-09,8,10062,1,7,6169_1,13,589,89,0,0
2026-10-09,8,10062,1,8,6405_1,13,805,105,13,0
2026-10-09,8,10062,1,9,6074_1,16,998,101,11,0
2026-10-09,8,10062,1,10,6229_1,17,1137,103,5,0
2026-10-09,8,10062,1,11,6006_1,19,1544,121,15,0
2026-10-09,8,10062,1,12,6902_1,21,3170,191,82,0
2026-10-09,8,10062,1,13,6170_1,23,4057,231,108,0
2026-10-09,8,10062,1,14,7841_2,27,5438,252,114,0
2026-10-09,8,10062,1,15,91_2,36,2242,204,0,0
2026-10-09,8,10064,0,1,91_2,1,0,0,0,0
2026-10-09,8,10064,0,2,7841_4,3,75,26,23,0
2026-10-09,8,10064,0,3,6170_2,3,162,57,48,0
2026-10-09,8,10064,0,4,6902_2,3,209,75,67,0
2026-10-09,8,10064,0,5,6006_2,4,420,110,102,0
2026-10-09,8,10068,0,2,73_1,2,1299,1069,230,1
2026-10-09,8,10068,0,3,128_1,3,1524,1104,208,1
2026-10-09,8,10068,0,4,114_5,5,2057,912,73,2
2026-10-09,8,10068,0,5,3_3,8,4350,960,118,4
2026-10-09,8,10068,0,6,4_3,10,5838,957,213,5
2026-10-09,8,10068,0,7,254_2,12,6978,977,66,6
2026-10-09,8,10068,0,8,53_3,7,1430,269,79,0
2026-10-09,8,10068,0,9,253_2,8,1285,241,51,0
2026-10-09,8,10068,0,10,186_2,8,1173,227,37,0
2026-10-09,8,10068,0,11,252_2,9,1331,239,49,0
2026-10-09,8,10068,0,12,150_2,11,1148,201,11,0
2026-10-09,8,10068,0,13,151_2,12,1576,272,25,0
2026-10-09,8,10068,0,14,152_3,10,1007,200,0,0
2026-10-09,8,10068,0,15,251_2,11,1537,270,26,0
2026-10-09,8,10068,0,16,250_2,11,1669,282,38,0
2026-10-09,8,10068,0,17,249_2,12,2385,328,78,1
2026-10-09,8,10068,0,18,606_2,13,3163,378,112,4
2026-10-09,8,10068,0,19,607_2,13,3317,412,123,4
2026-10-09,8,10068,0,20,608_2,13,3446,419,132,4
2026-10-09,8,10068,0,21,609_2,14,3531,404,116,4
2026-10-09,8,10068,0,22,610_2,15,3933,426,122,6
2026-10-09,8,10068,0,23,765_2,15,4575,467,164,6
2026-10-09,8,10068,0,24,7717_2,16,4619,463,160,7
2026-10-09,8,10068,0,25,6023_1,18,6170,533,196,11
2026-10-09,8,10068,0,26,210_2,19,7031,566,208,12
2026-10-09,8,10068,0,27,211_2,20,6736,532,180,11
2026-10-09,8,10068,0,28,212_2,13,4348,431,250,9
2026-10-09,8,10068,0,29,615_2,14,5369,469,307,14
2026-10-09,8,10068,0,30,7213_2,10,3598,411,297,9
2026-10-09,8,10068,0,31,214_2,5,1119,238,204,0
2026-10-09,8,10068,0,33,216_2,6,1989,383,307,6
2026-10-09,8,10068,0,34,752_2,13,3610,355,241,2
2026-10-09,8,10068,0,35,7217_2,16,3959,339,184,1
2026-10-09,8,10068,0,36,422_1,20,4710,340,154,2
2026-10-09,8,10068,0,37,421_1,23,6130,392,151,7
2026-10-09,8,10068,0,38,6163_1,25,6516,390,142,8
2026-10-09,8,10068,0,39,419_1,26,6648,390,129,8
2026-10-09,8,10068,0,40,418_1,26,8435,457,262,16
2026-10-09,8,10068,0,41,440_1,26,8618,461,253,18
2026-10-09,8,10068,0,42,6236_1,28,10625,535,242,26
2026-10-09,8,10068,0,43,6109_1,29,7969,474,115,11
2026-10-09,8,10068,1,1,6109_1,4,0,0,0,0
2026-10-09,8,10068,1,2,6236_2,7,320,66,33,0
2026-10-09,8,10068,1,3,440_2,4,289,97,50,0
2026-10-09,8,10068,1,4,418_2,6,1127,269,108,0
2026-10-09,8,10068,1,5,419_2,8,1438,259,108,0
2026-10-09,8,10068,1,6,6163_2,10,1830,265,108,0
2026-10-09,8,10068,1,7,421_2,10,1850,262,115,0
2026-10-09,8,10068,1,8,422_2,12,1580,208,38,0
2026-10-09,8,10068,1,9,7217_1,14,1361,174,0,0
2026-10-09,8,10068,1,10,752_1,15,1560,184,2,0
2026-10-09,8,10068,1,11,216_1,16,1785,198,27,0
2026-10-09,8,10068,1,12,215_1,17,1805,211,21,0
2026-10-09,8,10068,1,13,214_1,18,1778,216,13,0
2026-10-09,8,10068,1,14,7213_1,19,1966,217,17,0
2026-10-09,8,10068,1,15,615_1,20,3108,280,65,0
2026-10-09,8,10068,1,16,212_1,21,2902,274,23,0
2026-10-09,8,10068,1,17,211_1,23,5187,422,93,4
2026-10-09,8,10068,1,18,210_1,26,6751,425,111,6
2026-10-09,8,10068,1,19,6023_3,34,14516,598,316,34
2026-10-09,8,10068,1,20,7717_1,28,12254,699,212,27
2026-10-09,8,10068,1,21,765_1,32,14163,740,150,28
2026-10-09,8,10068,1,22,610_1,33,12316,684,67,23
2026-10-09,8,10068,1,23,609_1,35,13172,689,74,26
2026-10-09,8,10068,1,24,608_1,35,15758,772,142,31
2026-10-09,8,10068,1,25,607_1,37,16746,755,114,33
2026-10-09,8,10068,1,26,606_1,40,19513,864,98,36
2026-10-09,8,10068,1,27,249_1,41,18094,818,65,36
2026-10-09,8,10068,1,28,250_1,44,19687,897,58,38
2026-10-09,8,10068,1,29,251_1,45,19050,901,32,36
2026-10-09,8,10068,1,30,152_2,47,22574,953,15,38
2026-10-09,8,10068,1,31,151_1,47,24216,1006,52,38
2026-10-09,8,10068,1,32,150_1,49,26240,1091,69,45
2026-10-09,8,10068,1,33,252_1,50,31594,1211,110,46
2026-10-09,8,10068,1,34,186_1,66,36322,1216,69,51
2026-10-09,8,10068,1,35,253_1,73,34304,1169,26,50
2026-10-09,8,10068,1,36,53_1,60,24087,1169,21,28
2026-10-09,8,10068,1,37,254_1,61,26657,1224,55,31
2026-10-09,8,10068,1,38,4_4,62,26811,1175,0,33
2026-10-09,8,10068,1,39,6059_1,64,29705,1150,39,37
2026-10-09,8,10068,1,40,3_1,65,31874,1272,5,39
2026-10-09,8,10068,1,41,73_1,61,29247,1159,0,35
2026-10-09,8,10068,1,42,128_1,61,31209,1194,45,38
2026-10-09,8,10068,1,43,114_5,51,21281,1002,0,23
2026-10-09,8,10070,0,10,186_2,7,1201,191,147,0
2026-10-09,8,10070,0,11,252_2,9,2269,292,153,0
2026-10-09,8,10070,0,12,150_2,10,2281,275,136,0
2026-10-09,8,10070,0,13,151_2,10,2351,282,143,0
2026-10-09,8,10070,0,14,152_3,11,1929,229,90,0
2026-10-09,8,10070,0,15,251_2,12,1864,216,77,0
2026-10-09,8,10070,0,16,250_2,13,1677,192,53,0
2026-10-09,8,10070,0,17,249_2,14,1832,193,54,0
2026-10-09,8,10070,0,18,606_2,15,2320,213,74,0
2026-10-09,8,10070,0,19,607_2,16,2257,207,56,0
2026-10-09,8,10070,0,20,608_2,16,2529,224,73,0
2026-10-09,8,10070,0,21,609_2,16,2225,205,54,0
2026-10-09,8,10070,0,22,610_2,17,2223,238,39,0
2026-10-09,8,10070,0,23,765_2,17,3022,285,86,0
2026-10-09,8,10070,0,24,7717_2,18,2422,264,32,0
2026-10-09,8,10070,0,25,6023_1,19,3362,364,68,2
2026-10-09,8,10070,0,26,210_2,21,4038,416,68,3
2026-10-09,8,10070,0,27,211_2,21,3658,388,60,2
2026-10-09,8,10070,0,28,212_2,22,4809,487,60,5
2026-10-09,8,10070,0,29,615_2,22,6122,538,70,10
2026-10-09,8,10070,0,30,7213_2,22,6502,528,130,10
2026-10-09,8,10070,0,31,214_2,23,5149,486,60,4
2026-10-09,8,10070,0,32,215_2,23,5049,494,49,4
2026-10-09,8,10070,0,33,216_2,25,7058,542,96,9
2026-10-09,8,10070,0,34,752_2,25,6621,527,74,7
2026-10-09,8,10070,0,35,7217_2,26,6946,514,79,9
2026-10-09,8,10070,0,36,422_1,28,8440,560,94,11
2026-10-09,8,10070,0,37,421_3,29,8662,542,80,11
2026-10-09,8,10072,0,1,61_2,1,328,328,328,1
2026-10-09,8,10072,0,10,204_2,6,548,148,68,0
2026-10-09,8,10072,0,11,255_2,7,548,148,0,0
2026-10-09,8,10072,0,12,205_2,8,274,88,0,0
2026-10-09,8,10072,0,13,206_2,8,274,88,0,0
2026-10-09,8,10072,0,14,863_3,9,849,148,60,0
2026-10-09,8,10072,0,15,209_2,10,884,148,35,0
2026-10-09,8,10072,0,16,210_2,11,931,148,35,0
2026-10-09,8,10072,0,17,211_2,12,848,128,15,0
2026-10-09,8,10072,0,18,212_2,14,1295,158,45,0
2026-10-09,8,10072,0,19,615_2,14,2175,242,70,0
2026-10-09,8,10072,0,20,7213_2,14,2560,251,130,0
2026-10-09,8,10072,0,21,214_2,16,1589,251,14,0
2026-10-09,8,10072,0,22,215_2,16,1479,251,3,0
2026-10-09,8,10072,0,23,216_2,16,2224,297,50,0
2026-10-09,8,10072,0,24,752_2,20,2559,284,28,0
2026-10-09,8,10072,0,25,7217_2,20,2441,267,33,0
2026-10-09,8,10072,0,26,422_1,22,2996,280,48,0
2026-10-09,8,10072,0,27,421_1,22,4215,334,104,1
2026-10-09,8,10072,0,28,6163_1,22,4055,325,96,1
2026-10-09,8,10072,0,29,419_1,23,4109,312,89,1
2026-10-09,8,10072,0,30,418_1,24,5855,445,119,3
2026-10-09,8,10072,0,31,440_1,25,6066,436,118,3
2026-10-09,8,10072,0,32,6236_1,26,8095,510,190,16
2026-10-09,8,10072,0,33,6109_1,27,5281,382,63,1
2026-10-09,8,10072,1,1,6109_1,1,0,0,0,0
2026-10-09,8,10072,1,2,6236_2,2,130,73,57,0
2026-10-09,8,10072,1,3,440_2,2,176,96,80,0
2026-10-09,8,10072,1,4,418_2,3,484,180,140,0
2026-10-09,8,10072,1,5,419_2,4,499,157,84,0
2026-10-09,8,10072,1,6,6163_2,5,577,150,77,0
2026-10-09,8,10072,1,7,421_2,5,582,151,78,0
2026-10-09,8,10072,1,8,422_2,6,250,74,1,0
2026-10-09,8,10072,1,9,7217_1,6,234,71,0,0
2026-10-09,8,10072,1,10,752_1,7,244,67,0,0
2026-10-09,8,10072,1,11,216_1,7,347,80,13,0
2026-10-09,8,10072,1,12,215_1,8,265,96,0,0
2026-10-09,8,10072,1,13,214_1,9,302,101,0,0
2026-10-09,8,10072,1,14,7213_1,9,294,109,0,0
2026-10-09,8,10072,1,15,615_1,10,858,170,51,0
2026-10-09,8,10072,1,16,212_1,10,507,158,6,0
2026-10-09,8,10072,1,17,211_1,11,1501,267,85,0
2026-10-09,8,10072,1,18,210_1,12,2171,338,110,1
2026-10-09,8,10072,1,19,209_1,13,4154,464,244,6
2026-10-09,8,10072,1,20,863_1,14,3823,417,200,5
2026-10-09,8,10072,1,21,206_1,15,4639,452,241,6
2026-10-09,8,10072,1,22,205_1,16,5255,476,262,8
2026-10-09,8,10072,1,23,255_1,18,6217,500,279,13
2026-10-09,8,10072,1,24,204_1,19,5846,452,252,8
2026-10-09,8,10072,1,25,65_1,20,7468,533,315,20
2026-10-09,8,10072,1,26,67_1,17,7550,472,412,17
2026-10-09,8,10075,1,1,421_3,1,0,0,0,0
2026-10-09,8,10075,1,2,422_2,2,42,40,2,0
2026-10-09,8,10075,1,3,7217_1,3,60,30,0,0
2026-10-09,8,10075,1,4,752_1,1,36,36,36,0
2026-10-09,8,10075,1,5,216_1,2,91,55,36,0
2026-10-09,8,10075,1,6,215_1,3,80,37,18,0
2026-10-09,8,10075,1,7,214_1,3,74,35,16,0
2026-10-09,8,10075,1,8,7213_1,5,167,78,12,0
2026-10-09,8,10075,1,9,615_1,5,468,141,61,0
2026-10-09,8,10075,1,10,212_1,7,566,142,11,0
2026-10-09,8,10075,1,11,211_1,8,1444,290,49,0
2026-10-09,8,10075,1,12,210_1,10,1613,274,13,0
2026-10-09,8,10075,1,13,209_1,11,3403,530,139,7
2026-10-09,8,10075,1,14,863_1,12,3379,493,92,5
2026-10-09,8,10075,1,15,206_1,13,4337,538,127,8
2026-10-09,8,10075,1,16,205_1,14,5220,571,151,10
2026-10-09,8,10075,1,17,255_1,15,6156,595,177,11
2026-10-09,8,10075,1,18,204_1,16,6051,547,142,11
2026-10-09,8,10075,1,19,65_1,17,7964,648,200,14
2026-10-09,8,10075,1,20,67_1,18,10681,783,229,16
2026-10-09,8,10075,1,21,68_1,19,11831,808,258,17
2026-10-09,8,10075,1,22,69_1,28,12738,718,181,19
2026-10-09,8,10075,1,23,55_1,42,14773,721,4,21
2026-10-09,8,10075,1,24,56_1,44,16124,788,0,23
2026-10-09,8,10075,1,25,57_1,47,18757,806,37,26
2026-10-09,8,10075,1,26,59_1,50,19179,795,0,29
2026-10-09,8,10075,1,27,61_2,52,18434,731,0,27
2026-10-09,8,10078,0,1,61_2,3,46,46,0,0
2026-10-09,8,10078,0,2,59_4,5,335,154,11,0
2026-10-09,8,10078,0,3,57_2,7,411,105,0,0
2026-10-09,8,10078,0,4,57_3,9,810,153,6,0
2026-10-09,8,10078,0,5,302_2,11,1303,192,6,0
2026-10-09,8,10078,0,6,459_2,13,2053,258,6,0
2026-10-09,8,10078,0,7,144_2,16,2894,284,6,0
2026-10-09,8,10078,0,8,239_2,16,2159,265,6,0
2026-10-09,8,10078,0,9,458_2,18,2503,265,6,0
2026-10-09,8,10078,0,10,429_2,20,2733,265,6,0
2026-10-09,8,10078,0,11,6191_2,26,6307,562,6,8
2026-10-09,8,10078,0,12,6192_2,27,6664,564,6,9
2026-10-09,8,10078,0,13,7062_2,28,7556,643,6,10
2026-10-09,8,10078,0,14,557_2,28,7609,679,6,10
2026-10-09,8,10078,0,15,863_3,29,7631,722,6,11
2026-10-09,8,10078,0,16,209_2,23,5553,733,6,5
2026-10-09,8,10078,0,17,210_2,24,7221,818,6,7
2026-10-09,8,10078,0,18,211_2,22,6170,784,0,6
2026-10-09,8,10078,0,19,212_2,19,7742,907,30,9
2026-10-09,8,10078,0,20,615_2,19,8864,945,114,13
2026-10-09,8,10078,0,21,7213_2,21,10076,937,119,15
2026-10-09,8,10078,0,22,214_2,22,8304,822,0,10
2026-10-09,8,10078,0,23,215_2,23,9067,824,0,10
2026-10-09,8,10078,0,24,216_2,24,10836,852,47,14
2026-10-09,8,10078,0,25,752_2,25,11353,851,25,14
2026-10-09,8,10078,0,26,7217_2,26,11820,834,8,16
2026-10-09,8,10078,0,27,422_1,20,7017,738,21,10
2026-10-09,8,10078,0,28,421_1,17,5803,699,75,11
2026-10-09,8,10078,0,29,6163_1,16,4482,651,66,9
2026-10-09,8,10078,0,30,419_1,15,3708,386,53,7
2026-10-09,8,10078,0,31,418_1,15,4570,416,169,8
2026-10-09,8,10078,0,32,440_1,15,4523,415,168,8
2026-10-09,8,10078,0,33,6236_1,9,2757,416,227,5
2026-10-09,8,10078,0,34,6109_1,7,1079,213,100,0
2026-10-09,8,10080,1,2,6035_1,1,203,203,203,0
2026-10-09,8,10080,1,3,6180_1,1,170,170,170,0
2026-10-09,8,10080,1,4,6112_1,2,245,157,88,0
2026-10-09,8,10080,1,5,6168_1,2,307,188,119,0
2026-10-09,8,10080,1,6,426_1,3,416,188,109,0
2026-10-09,8,10080,1,7,425_3,4,768,234,155,0
2026-10-09,8,10080,1,8,424_1,5,1284,296,210,0
2026-10-09,8,10080,1,9,423_1,6,1088,218,132,0
2026-10-09,8,10080,1,10,422_1,6,1058,213,127,0
2026-10-09,8,10080,1,11,421_3,7,794,204,49,0
2026-10-09,8,10081,0,1,421_3,1,16,16,16,0
2026-10-09,8,10081,0,2,422_2,2,73,48,25,0
2026-10-09,8,10081,0,3,423_2,3,245,91,68,0
2026-10-09,8,10081,0,4,424_2,4,396,127,76,0
2026-10-09,8,10081,0,5,425_1,7,1124,217,116,0
2026-10-09,8,10081,0,6,426_2,9,1116,199,70,0
2026-10-09,8,10081,0,7,6168_2,10,1256,180,71,0
2026-10-09,8,10081,0,8,6112_2,11,1193,163,54,0
2026-10-09,8,10081,0,9,6180_2,11,1064,148,39,0
2026-10-09,8,10081,0,10,6035_2,13,1238,137,24,0
2026-10-09,8,10081,0,11,6079_1,8,113,37,0,0
2026-10-09,9,10001,1,1,724_1,1,0,0,0,0
2026-10-09,9,10001,1,2,727_1,1,0,0,0,0
2026-10-09,9,10001,1,3,723_1,1,64,64,64,0
2026-10-09,9,10001,1,4,722_1,2,76,64,12,0
2026-10-09,9,10001,1,5,721_1,3,195,102,43,0
2026-10-09,9,10001,1,6,720_1,4,180,87,28,0
2026-10-09,9,10001,1,7,719_1,4,296,116,57,0
2026-10-09,9,10001,1,8,718_1,5,403,134,35,0
2026-10-09,9,10001,1,9,7717_1,6,976,214,115,0
2026-10-09,9,10001,1,10,765_1,7,1068,198,99,0
2026-10-09,9,10001,1,11,610_1,7,886,172,73,0
2026-10-09,9,10001,1,12,609_1,8,987,177,46,0
2026-10-09,9,10001,1,13,608_1,8,913,179,33,0
2026-10-09,9,10001,1,14,607_1,9,976,207,25,0
2026-10-09,9,10001,1,15,606_1,8,587,165,0,0
2026-10-09,9,10001,1,16,249_1,8,700,209,0,0
2026-10-09,9,10001,1,17,250_1,8,912,248,14,0
2026-10-09,9,10001,1,18,251_1,9,881,246,0,0
2026-10-09,9,10001,1,19,152_1,10,874,243,0,0
2026-10-09,9,10001,1,20,200_1,11,1550,304,61,1
2026-10-09,9,10001,1,21,184_1,12,1460,294,20,0
2026-10-09,9,10001,1,22,201_1,13,2279,353,79,2
2026-10-09,9,10001,1,23,51_1,14,2829,385,111,2
2026-10-09,9,10001,1,24,202_1,15,3285,407,133,3
2026-10-09,9,10001,1,25,5_4,15,2460,352,78,2
2026-10-09,9,10001,1,26,6070_3,16,3253,392,118,2
2026-10-09,9,10002,0,1,61_3,1,0,0,0,0
2026-10-09,9,10002,1,1,446_1,1,0,0,0,0
2026-10-09,9,10002,1,2,445_2,2,85,47,38,0
2026-10-09,9,10002,1,3,451_1,2,85,47,38,0
2026-10-09,9,10002,1,4,452_1,3,100,49,11,0
2026-10-09,9,10002,1,5,906_1,4,191,62,24,0
2026-10-09,9,10002,1,6,75_2,5,260,65,25,0
2026-10-09,9,10002,1,7,453_1,6,547,105,65,0
2026-10-09,9,10002,1,8,454_1,7,240,49,9,0
2026-10-09,9,10002,1,9,455_1,7,159,37,0,0
2026-10-09,9,10002,1,10,456_1,8,432,70,33,0
2026-10-09,9,10002,1,11,905_2,9,1135,145,103,0
2026-10-09,9,10002,1,12,113_2,9,1792,218,176,0
2026-10-09,9,10002,1,13,203_1,10,1243,157,0,0
2026-10-09,9,10002,1,14,127_1,10,973,127,0,0
2026-10-09,9,10002,1,15,126_1,10,595,85,0,0
2026-10-09,9,10002,1,16,125_1,10,262,48,0,0
2026-10-09,9,10002,1,17,124_1,2,0,0,0,0
2026-10-09,9,10002,1,18,123_1,3,319,319,0,1
2026-10-09,9,10002,1,19,122_1,14,3273,379,166,3
2026-10-09,9,10002,1,20,910_2,16,3502,379,124,3
2026-10-09,9,10002,1,21,256_2,20,2892,319,47,1
2026-10-09,9,10002,1,22,534_2,22,3010,319,25,1
2026-10-09,9,10002,1,23,59_3,24,3420,319,46,1
2026-10-09,9,10002,1,24,61_3,20,1752,259,0,0
2026-10-09,9,10017,1,2,6144_1,1,165,165,165,0
2026-10-09,9,10017,1,3,6149_1,1,158,158,158,0
2026-10-09,9,10017,1,4,6149_9,1,197,197,197,0
2026-10-09,9,10017,1,5,6147_1,2,286,185,101,0
2026-10-09,9,10017,1,6,6122_1,3,374,177,93,0
2026-10-09,9,10017,1,7,6150_1,3,398,185,101,0
2026-10-09,9,10017,1,8,6036_1,3,332,163,79,0
2026-10-09,9,10017,1,9,6148_1,4,311,132,48,0
2026-10-09,9,10017,1,10,6019_2,6,840,381,62,1
2026-10-09,9,10032,0,1,61_1,1,0,0,0,0
2026-10-09,9,10032,0,2,59_4,2,110,65,45,0
2026-10-09,9,10032,0,3,57_2,4,334,118,56,0
2026-10-09,9,10032,0,4,56_2,6,987,206,113,0
2026-10-09,9,10032,0,5,55_2,7,1938,327,217,3
2026-10-09,9,10032,0,6,72_1,8,2540,366,256,6
2026-10-09,9,10032,0,7,73_2,9,2757,353,243,6
2026-10-09,9,10032,0,8,73_3,10,3446,388,278,8
2026-10-09,9,10032,0,9,3_2,12,5351,476,411,12
2026-10-09,9,10032,0,10,114_4,14,4999,401,319,14
2026-10-09,9,10032,0,11,393_2,15,5273,395,313,15
2026-10-09,9,10032,0,12,6070_3,17,7196,486,366,17
2026-10-09,9,10032,0,13,6102_2,18,7093,455,340,18
2026-10-09,9,10032,0,14,6069_2,18,6789,443,328,18
2026-10-09,9,10032,0,15,6057_2,18,6468,423,301,18
2026-10-09,9,10032,0,16,9_5,19,6540,415,300,19
2026-10-09,9,10032,0,17,6241_2,22,8883,488,347,22
2026-10-09,9,10032,0,18,6143_2,22,8450,468,325,22
2026-10-09,9,10032,0,19,6166_2,23,8929,512,318,23
2026-10-09,9,10032,0,20,446_4,25,8471,483,263,15
2026-10-09,9,10032,0,21,6161_2,22,7994,470,279,18
2026-10-09,9,10032,0,22,6001_2,21,7823,491,304,21
2026-10-09,9,10032,0,23,6160_2,17,5770,458,295,16
2026-10-09,9,10032,0,24,6162_2,19,6745,497,299,18
2026-10-09,9,10032,0,25,6041_2,24,9229,534,325,24
2026-10-09,9,10032,0,26,243_2,15,5901,518,301,15
2026-10-09,9,10032,0,27,6228_2,19,7326,528,243,15
2026-10-09,9,10032,0,28,95_2,20,7336,515,206,16
2026-10-09,9,10032,0,29,94_3,23,8879,558,129,17
2026-10-09,9,10032,0,30,93_2,27,9728,558,61,18
2026-10-09,9,10032,0,31,6016_2,28,10873,572,62,21
2026-10-09,9,10032,0,32,91_1,29,6787,419,0,10
2026-10-09,9,10032,0,33,6016_1,30,9456,645,81,18
2026-10-09,9,10032,0,34,93_1,29,9743,655,87,21
2026-10-09,9,10032,0,35,94_1,31,13335,754,170,25
2026-10-09,9,10032,0,36,6242_1,31,13633,775,165,25
2026-10-09,9,10032,0,37,6064_1,32,13333,750,129,25
2026-10-09,9,10032,0,38,6255_2,33,15293,801,143,27
2026-10-09,9,10032,0,39,6256_2,33,15947,805,174,27
2026-10-09,9,10032,0,40,6094_2,35,16521,783,163,29
2026-10-09,9,10032,0,41,6244_2,34,14975,740,154,27
2026-10-09,9,10032,0,42,6257_2,35,14883,722,152,27
2026-10-09,9,10032,0,43,6240_2,35,15657,744,175,28
2026-10-09,9,10032,0,44,6258_2,36,16549,791,172,29
2026-10-09,9,10032,0,45,6225_2,37,17312,798,184,30
2026-10-09,9,10032,0,46,6181_2,36,16205,780,167,29
2026-10-09,9,10032,0,47,6246_2,37,18290,807,192,31
2026-10-09,9,10032,0,48,6206_2,38,18565,785,243,33
2026-10-09,9,10032,0,49,6176_2,38,19075,796,238,32
2026-10-09,9,10032,0,50,6200_3,38,20196,817,261,36
2026-10-09,9,10032,0,51,6042_2,39,19166,777,226,33
2026-10-09,9,10032,0,52,6031_2,40,18414,792,195,33
2026-10-09,9,10032,0,53,6039_1,39,17477,830,123,29
2026-10-09,9,10032,1,1,6039_1,1,0,0,0,0
2026-10-09,9,10032,1,2,6031_1,2,121,64,57,0
2026-10-09,9,10032,1,3,6042_1,2,65,36,29,0
2026-10-09,9,10032,1,4,6200_1,3,164,85,36,0
2026-10-09,9,10032,1,5,6176_1,4,319,104,53,0
2026-10-09,9,10032,1,6,6206_1,4,351,112,61,0
2026-10-09,9,10032,1,7,6246_1,5,549,142,75,0
2026-10-09,9,10032,1,8,6181_1,6,515,136,41,0
2026-10-09,9,10032,1,9,6225_1,6,437,123,28,0
2026-10-09,9,10032,1,10,6258_1,7,367,103,0,0
2026-10-09,9,10032,1,11,6240_1,6,281,87,0,0
2026-10-09,9,10032,1,12,6257_1,6,413,109,22,0
2026-10-09,9,10032,1,13,6244_1,7,570,145,24,0
2026-10-09,9,10032,1,14,6094_1,11,1302,206,16,0
2026-10-09,9,10032,1,15,6256_1,12,1532,210,25,0
2026-10-09,9,10032,1,16,6255_1,9,698,131,8,0
2026-10-09,9,10032,1,17,6064_2,9,887,152,29,0
2026-10-09,9,10032,1,18,6242_2,10,879,145,22,0
2026-10-09,9,10032,1,19,94_4,12,1393,168,45,0
2026-10-09,9,10032,1,20,93_2,12,1405,169,46,0
2026-10-09,9,10032,1,21,6016_2,13,1817,194,67,0
2026-10-09,9,10032,1,22,91_4,10,466,239,0,0
2026-10-09,9,10032,1,23,6016_1,13,1251,290,43,0
2026-10-09,9,10032,1,24,93_1,14,1781,305,55,1
2026-10-09,9,10032,1,25,94_2,13,905,221,0,0
2026-10-09,9,10032,1,26,95_1,13,915,208,0,0
2026-10-09,9,10032,1,27,6228_1,15,1771,246,38,0
2026-10-09,9,10032,1,28,243_1,16,2070,270,59,0
2026-10-09,9,10032,1,29,6041_1,16,2752,317,91,1
2026-10-09,9,10032,1,30,6162_1,17,2624,296,67,0
2026-10-09,9,10032,1,31,6160_1,19,3118,295,75,0
2026-10-09,9,10032,1,32,6001_1,19,2917,281,69,0
2026-10-09,9,10032,1,33,6161_1,21,3658,336,73,2
2026-10-09,9,10032,1,34,446_3,23,3559,381,15,2
2026-10-09,9,10032,1,35,6166_1,24,4080,398,21,4
2026-10-09,9,10032,1,36,6143_1,25,3988,386,5,3
2026-10-09,9,10032,1,37,6241_1,25,3940,386,4,3
2026-10-09,9,10032,1,38,9_2,20,2707,314,0,1
2026-10-09,9,10032,1,39,6057_1,23,3212,315,1,1
2026-10-09,9,10032,1,40,6069_1,24,4238,354,26,2
2026-10-09,9,10032,1,41,6102_1,24,5140,378,80,6
2026-10-09,9,10032,1,42,6070_2,25,4430,344,29,3
2026-10-09,9,10032,1,43,393_1,26,5973,393,76,8
2026-10-09,9,10032,1,44,114_1,24,3415,279,0,0
2026-10-09,9,10032,1,45,114_3,27,5568,374,44,6
2026-10-09,9,10032,1,46,3_1,27,8713,503,152,17
2026-10-09,9,10032,1,47,73_1,31,7968,670,93,9
2026-10-09,9,10032,1,48,72_2,40,15740,779,37,26
2026-10-09,9,10032,1,49,55_1,41,16598,755,18,25
2026-10-09,9,10032,1,50,56_1,37,15816,803,29,23
2026-10-09,9,10032,1,51,57_1,39,16411,837,28,23
2026-10-09,9,10032,1,52,59_1,44,16744,809,13,24
2026-10-09,9,10032,1,53,61_1,34,12141,739,0,20
2026-10-09,9,10033,0,1,91_3,1,0,0,0,0
2026-10-09,9,10033,0,2,7841_4,2,169,87,82,0
2026-10-09,9,10033,0,3,6170_2,2,238,120,118,0
2026-10-09,9,10033,0,4,6211_1,3,389,151,118,0
2026-10-09,9,10033,0,5,6033_1,3,569,211,178,0
2026-10-09,9,10033,0,6,6400_2,4,668,211,99,0
2026-10-09,9,10033,0,7,6401_2,4,668,211,99,0
2026-10-09,9,10033,0,8,6074_2,5,763,211,95,0
2026-10-09,9,10033,0,9,6169_2,5,526,160,53,0
2026-10-09,9,10033,0,10,6260_1,6,841,212,88,0
2026-10-09,9,10033,0,11,7475_1,4,227,97,0,0
2026-10-09,9,10033,1,1,7475_1,2,2,2,0,0
2026-10-09,9,10033,1,2,6260_2,3,147,53,46,0
2026-10-09,9,10033,1,3,6169_1,3,281,100,86,0
2026-10-09,9,10033,1,4,6405_1,4,486,141,110,0
2026-10-09,9,10033,1,5,6074_1,4,530,148,122,0
2026-10-09,9,10033,1,6,6401_1,5,522,120,90,0
2026-10-09,9,10033,1,7,6400_1,5,587,133,103,0
2026-10-09,9,10033,1,8,6033_2,6,783,155,86,0
2026-10-09,9,10033,1,9,6211_2,6,687,139,70,0
2026-10-09,9,10033,1,10,6170_1,7,962,167,98,0
2026-10-09,9,10033,1,11,7841_2,7,1232,195,162,0
2026-10-09,9,10034,0,1,91_2,1,0,0,0,0
2026-10-09,9,10034,0,2,7841_4,2,132,69,63,0
2026-10-09,9,10034,0,3,6170_2,2,214,110,104,0
2026-10-09,9,10034,0,4,6902_2,3,256,112,38,0
2026-10-09,9,10034,0,5,6006_2,3,379,153,79,0
2026-10-09,9,10034,0,6,6229_2,4,502,158,84,0
2026-10-09,9,10034,0,7,6074_2,4,438,142,68,0
2026-10-09,9,10034,0,8,6169_2,5,345,101,27,0
2026-10-09,9,10034,0,9,6263_2,5,330,98,24,0
2026-10-09,9,10034,0,10,6196_2,6,317,84,10,0
2026-10-09,9,10034,0,11,6134_2,6,401,98,24,0
2026-10-09,9,10034,0,12,6106_2,6,359,91,17,0
2026-10-09,9,10034,0,13,6020_9,6,365,92,18,0
2026-10-09,9,10034,0,14,6019_1,6,125,39,0,0
2026-10-09,9,10034,0,15,6073_2,3,3,3,0,0
2026-10-09,9,10038,0,1,91_3,1,0,0,0,0
2026-10-09,9,10038,0,2,7475_1,5,798,356,33,2
2026-10-09,9,10047,0,1,61_1,1,0,0,0,0
2026-10-09,9,10047,0,2,59_4,2,148,77,71,0
2026-10-09,9,10047,0,3,57_2,3,300,112,82,0
2026-10-09,9,10047,0,4,56_2,4,878,236,206,0
2026-10-09,9,10047,0,5,55_2,2,549,278,271,0
2026-10-09,9,10047,0,6,72_1,2,512,269,243,0
2026-10-09,9,10047,0,7,73_2,9,1825,289,143,0
2026-10-09,9,10047,0,8,73_3,9,2115,324,178,1
2026-10-09,9,10047,0,9,3_2,9,3275,464,318,9
2026-10-09,9,10047,0,10,114_4,12,3371,380,237,3
2026-10-09,9,10047,0,11,393_2,13,3700,383,241,3
2026-10-09,9,10047,0,12,6070_3,14,4744,482,248,9
2026-10-09,9,10047,0,13,6102_2,15,4569,456,213,8
2026-10-09,9,10047,0,14,6069_2,15,4449,444,212,8
2026-10-09,9,10047,0,15,6057_2,15,4087,417,189,6
2026-10-09,9,10047,0,16,9_5,16,4370,416,184,7
2026-10-09,9,10047,0,17,6241_2,17,5692,489,222,9
2026-10-09,9,10047,0,18,6143_2,17,5459,469,201,9
2026-10-09,9,10047,0,19,6166_2,18,5515,462,196,9
2026-10-09,9,10047,0,20,446_4,18,4939,415,140,9
2026-10-09,9,10047,0,21,6161_2,20,5602,449,166,10
2026-10-09,9,10047,0,22,6001_2,19,5669,483,185,10
2026-10-09,9,10047,0,23,6160_2,21,5771,470,168,9
2026-10-09,9,10047,0,24,6162_2,22,6121,462,158,10
2026-10-09,9,10047,0,25,6041_2,21,6490,498,195,11
2026-10-09,9,10047,0,26,243_2,23,6698,485,179,10
2026-10-09,9,10047,0,27,6228_2,22,6786,485,179,10
2026-10-09,9,10047,0,28,95_2,24,6257,455,142,9
2026-10-09,9,10047,0,29,94_3,24,7238,498,184,13
2026-10-09,9,10047,0,30,6242_1,25,8033,529,184,13
2026-10-09,9,10047,0,31,6064_1,26,7985,504,202,12
2026-10-09,9,10047,0,32,6255_2,27,9591,555,238,14
2026-10-09,9,10047,0,33,6256_2,26,9509,559,250,18
2026-10-09,9,10047,0,34,6094_2,27,9321,537,235,17
2026-10-09,9,10047,0,35,6244_2,27,8245,494,200,11
2026-10-09,9,10047,0,36,6257_2,27,7790,476,182,10
2026-10-09,9,10047,0,37,6240_2,28,8626,498,204,13
2026-10-09,9,10047,0,38,6258_2,28,9059,512,198,16
2026-10-09,9,10047,0,39,6225_2,28,8899,507,198,15
2026-10-09,9,10047,0,40,6181_2,29,8554,487,178,12
2026-10-09,9,10047,0,41,6246_2,31,9997,514,220,18
2026-10-09,9,10047,0,42,6206_2,30,9246,492,198,15
2026-10-09,9,10047,0,43,6176_2,32,10232,503,209,19
2026-10-09,9,10047,0,44,6200_3,31,10560,517,223,19
2026-10-09,9,10047,0,45,6042_2,31,9375,478,183,12
2026-10-09,9,10047,0,46,6031_2,33,8556,435,139,8
2026-10-09,9,10047,0,47,6039_1,33,8572,473,119,8
2026-10-09,9,10047,1,1,6039_1,1,0,0,0,0
2026-10-09,9,10047,1,2,6031_1,2,189,134,55,0
2026-10-09,9,10047,1,3,6042_1,2,119,98,21,0
2026-10-09,9,10047,1,4,6200_1,3,178,102,0,0
2026-10-09,9,10047,1,5,6176_1,3,223,117,15,0
2026-10-09,9,10047,1,6,6206_1,4,423,170,25,0
2026-10-09,9,10047,1,7,6246_1,4,495,185,44,0
2026-10-09,9,10047,1,8,6181_1,5,564,162,21,0
2026-10-09,9,10047,1,9,6225_1,6,693,160,19,0
2026-10-09,9,10047,1,10,6258_1,6,544,134,0,0
2026-10-09,9,10047,1,11,6240_1,6,550,135,1,0
2026-10-09,9,10047,1,12,6257_1,6,688,158,24,0
2026-10-09,9,10047,1,13,6244_1,7,689,146,12,0
2026-10-09,9,10047,1,14,6094_1,7,633,138,4,0
2026-10-09,9,10047,1,15,6256_1,8,1050,179,45,0
2026-10-09,9,10047,1,16,6255_1,8,613,123,0,0
2026-10-09,9,10047,1,17,6064_2,9,1035,170,46,0
2026-10-09,9,10047,1,18,6242_2,10,1652,228,96,0
2026-10-09,9,10047,1,19,94_2,12,1742,214,82,0
2026-10-09,9,10047,1,20,95_1,12,2040,253,89,0
2026-10-09,9,10047,1,21,6228_1,13,2237,246,102,0
2026-10-09,9,10047,1,22,243_1,14,2610,253,117,0
2026-10-09,9,10047,1,23,6041_1,14,3264,301,165,2
2026-10-09,9,10047,1,24,6162_1,14,3018,285,149,0
2026-10-09,9,10047,1,25,6160_1,15,4068,357,159,6
2026-10-09,9,10047,1,26,6001_1,14,3630,350,159,4
2026-10-09,9,10047,1,27,6161_1,15,4206,381,162,8
2026-10-09,9,10047,1,28,446_3,10,1949,297,118,0
2026-10-09,9,10047,1,29,6166_1,7,1123,194,117,0
2026-10-09,9,10047,1,30,6143_1,7,1113,199,116,0
2026-10-09,9,10047,1,31,6241_1,11,1739,197,104,0
2026-10-09,9,10047,1,32,9_2,18,1767,200,0,0
2026-10-09,9,10047,1,33,6057_1,18,2308,238,38,0
2026-10-09,9,10047,1,34,6069_1,19,3024,266,66,0
2026-10-09,9,10047,1,35,6102_1,20,4164,320,120,2
2026-10-09,9,10047,1,36,6070_2,22,3544,269,69,0
2026-10-09,9,10047,1,37,393_1,23,4763,334,120,2
2026-10-09,9,10047,1,38,114_1,23,2813,289,14,0
2026-10-09,9,10047,1,39,114_3,24,5017,400,91,2
2026-10-09,9,10047,1,40,3_1,24,7485,510,199,12
2026-10-09,9,10047,1,41,73_1,24,5481,399,143,3
2026-10-09,9,10047,1,42,72_2,26,6794,539,57,12
2026-10-09,9,10047,1,43,55_1,28,6398,490,38,11
2026-10-09,9,10047,1,44,56_1,29,7129,517,77,13
2026-10-09,9,10047,1,45,57_1,31,7932,535,78,15
2026-10-09,9,10047,1,46,59_1,32,7807,524,64,14
2026-10-09,9,10047,1,47,61_1,20,3756,387,0,2
2026-10-09,9,10049,0,1,91_1,1,0,0,0,0
2026-10-09,9,10049,0,2,6016_1,1,66,66,66,0
2026-10-09,9,10049,0,3,93_1,1,60,60,60,0
2026-10-09,9,10049,0,4,94_1,2,151,89,62,0
2026-10-09,9,10049,0,5,6242_1,3,221,88,61,0
2026-10-09,9,10049,0,6,6064_1,3,281,108,81,0
2026-10-09,9,10049,0,7,6255_2,4,525,168,84,0
2026-10-09,9,10049,0,8,6256_2,5,690,196,92,0
2026-10-09,9,10049,0,9,6094_2,5,659,194,83,0
2026-10-09,9,10049,0,10,6244_2,5,466,153,46,0
2026-10-09,9,10049,0,11,6257_2,5,369,136,25,0
2026-10-09,9,10049,0,12,6240_2,6,625,160,60,0
2026-10-09,9,10049,0,13,6258_2,6,757,198,66,0
2026-10-09,9,10049,0,14,6225_2,7,652,184,0,0
2026-10-09,9,10049,0,15,6181_2,7,524,164,0,0
2026-10-09,9,10049,0,16,6246_2,8,737,190,27,0
2026-10-09,9,10049,0,17,6206_2,9,609,177,3,0
2026-10-09,9,10049,0,18,6176_2,9,720,189,16,0
2026-10-09,9,10049,0,19,6200_3,10,999,203,28,0
2026-10-09,9,10049,0,20,6042_2,10,791,172,6,0
2026-10-09,9,10049,0,21,6031_2,7,487,132,0,0
2026-10-09,9,10049,0,22,6039_1,10,1032,177,0,0
2026-10-09,9,10049,0,23,6141_2,16,2784,237,114,0
2026-10-09,9,10049,0,24,6105_2,17,2969,237,114,0
2026-10-09,9,10049,0,25,6105_1,18,3977,307,131,2
2026-10-09,9,10049,0,26,6141_1,18,3245,246,123,0
2026-10-09,9,10049,0,27,6099_1,19,3976,288,143,0
2026-10-09,9,10049,0,28,6022_1,19,4713,344,126,5
2026-10-09,9,10049,0,29,6040_1,21,4917,330,126,3
2026-10-09,9,10049,0,30,6039_1,20,3042,227,94,0
2026-10-09,9,10049,1,1,6039_1,1,6,6,6,0
2026-10-09,9,10049,1,2,6031_1,1,59,59,59,0
2026-10-09,9,10049,1,3,6042_1,2,91,63,28,0
2026-10-09,9,10049,1,4,6200_1,2,73,54,19,0
2026-10-09,9,10049,1,5,6176_1,3,139,67,32,0
2026-10-09,9,10049,1,6,6206_1,3,172,78,43,0
2026-10-09,9,10049,1,7,6246_1,3,250,104,69,0
2026-10-09,9,10049,1,8,6181_1,4,216,78,43,0
2026-10-09,9,10049,1,9,6225_1,4,288,96,61,0
2026-10-09,9,10049,1,10,6258_1,4,204,75,40,0
2026-10-09,9,10049,1,11,6240_1,5,194,72,2,0
2026-10-09,9,10049,1,12,6257_1,5,314,96,26,0
2026-10-09,9,10049,1,13,6244_1,5,279,89,19,0
2026-10-09,9,10049,1,14,6094_1,5,254,84,14,0
2026-10-09,9,10049,1,15,6256_1,6,319,93,20,0
2026-10-09,9,10049,1,16,6255_1,2,12,12,0,0
2026-10-09,9,10049,1,17,6064_2,3,93,36,24,0
2026-10-09,9,10049,1,18,6242_2,4,382,118,81,0
2026-10-09,9,10049,1,19,94_4,6,717,153,90,0
2026-10-09,9,10049,1,20,93_2,6,741,160,91,0
2026-10-09,9,10049,1,21,6016_2,9,1398,201,105,0
2026-10-09,9,10049,1,22,91_1,11,1824,278,29,0
2026-10-09,9,10050,0,1,91_4,2,0,0,0,0
2026-10-09,9,10050,0,2,6016_1,2,120,77,43,0
2026-10-09,9,10050,0,3,93_1,4,236,76,33,0
2026-10-09,9,10050,0,4,6013_2,5,634,152,82,0
2026-10-09,9,10050,0,5,6212_2,6,825,178,83,0
2026-10-09,9,10050,0,6,6205_2,8,1390,228,102,0
2026-10-09,9,10050,0,7,6187_3,9,1481,223,78,0
2026-10-09,9,10050,0,8,6011_2,10,2047,272,112,0
2026-10-09,9,10050,0,9,6018_2,12,2634,306,105,2
2026-10-09,9,10050,0,10,6190_2,12,3012,328,146,4
2026-10-09,9,10050,0,11,6171_2,13,2790,286,116,0
2026-10-09,9,10050,0,12,6014_3,13,1116,157,0,0
2026-10-09,9,10050,1,1,6014_1,2,0,0,0,0
2026-10-09,9,10050,1,2,6171_1,4,243,103,35,0
2026-10-09,9,10050,1,3,6190_1,4,385,147,62,0
2026-10-09,9,10050,1,4,6018_1,5,426,123,57,0
2026-10-09,9,10050,1,5,6011_3,7,1074,227,55,0
2026-10-09,9,10050,1,6,6187_2,9,1448,243,42,0
2026-10-09,9,10050,1,7,6205_1,10,1690,249,51,0
2026-10-09,9,10050,1,8,6212_1,11,1782,253,16,0
2026-10-09,9,10050,1,9,6013_1,12,1887,249,8,0
2026-10-09,9,10050,1,10,93_2,14,2957,330,34,2
2026-10-09,9,10050,1,11,6016_2,15,3530,344,74,6
2026-10-09,9,10050,1,12,91_4,13,1709,315,0,1
2026-10-09,9,10051,0,1,91_4,2,166,166,0,0
2026-10-09,9,10051,0,2,6016_1,4,525,209,52,0
2026-10-09,9,10051,0,3,93_1,5,621,229,48,0
2026-10-09,9,10051,0,4,6013_2,7,1364,356,92,1
2026-10-09,9,10051,0,5,6212_2,7,1428,364,102,2
2026-10-09,9,10051,0,6,6205_2,9,2041,378,111,4
2026-10-09,9,10051,0,7,6187_3,11,2738,378,113,6
2026-10-09,9,10051,0,8,6011_4,18,4930,420,131,8
2026-10-09,9,10051,0,9,6017_2,20,5867,456,172,8
2026-10-09,9,10051,0,10,6172_2,21,6085,466,151,9
2026-10-09,9,10051,0,11,6067_2,23,7865,522,202,14
2026-10-09,9,10051,0,12,6248_2,20,6719,505,178,13
2026-10-09,9,10051,0,13,6249_2,21,7607,523,160,17
2026-10-09,9,10051,0,14,6015_2,18,5065,413,160,8
2026-10-09,9,10051,1,1,6015_1,3,5,5,0,0
2026-10-09,9,10051,1,2,6249_1,4,216,63,40,0
2026-10-09,9,10051,1,3,6248_1,5,241,55,40,0
2026-10-09,9,10051,1,4,6067_1,6,75,48,0,0
2026-10-09,9,10051,1,5,6172_1,5,98,35,0,0
2026-10-09,9,10051,1,6,6017_1,7,240,81,1,0
2026-10-09,9,10051,1,7,6011_1,9,566,110,19,0
2026-10-09,9,10051,1,8,6187_2,12,1424,165,69,0
2026-10-09,9,10051,1,9,6205_1,12,1362,157,65,0
2026-10-09,9,10051,1,10,6212_1,14,1788,193,69,0
2026-10-09,9,10051,1,11,6013_1,14,1741,184,54,0
2026-10-09,9,10051,1,12,93_2,10,1891,228,145,0
2026-10-09,9,10051,1,13,6016_2,11,2472,262,192,0
2026-10-09,9,10051,1,14,91_4,10,1279,187,0,0
2026-10-09,9,10053,0,59,6282_1,2,1327,664,663,2
2026-10-09,9,10053,0,60,6344_9,3,1936,664,609,3
2026-10-09,9,10053,0,61,6369_1,7,4182,664,545,7
2026-10-09,9,10053,0,62,6297_1,16,8728,664,482,16
2026-10-09,9,10053,0,63,6327_9,31,14943,664,308,31
2026-10-09,9,10053,0,64,6349_9,33,15433,664,239,31
2026-10-09,9,10053,0,65,6265_9,33,15763,674,249,31
2026-10-09,9,10053,0,66,6316_9,37,16384,674,128,31
2026-10-09,9,10053,0,67,6291_9,42,16609,674,11,31
2026-10-09,9,10053,0,68,6340_1,42,16609,674,11,31
2026-10-09,9,10053,0,69,6309_9,43,16609,674,0,31
2026-10-09,9,10053,0,70,6321_9,44,16614,674,0,31
2026-10-09,9,10053,0,71,6278_9,44,16614,674,0,31
2026-10-09,9,10053,0,72,6350_1,45,16622,674,0,31
2026-10-09,9,10053,1,2,6278_1,1,5,5,5,0
2026-10-09,9,10053,1,3,6321_1,2,29,24,5,0
2026-10-09,9,10053,1,4,6309_1,2,29,24,5,0
2026-10-09,9,10053,1,5,6340_9,3,86,57,5,0
2026-10-09,9,10053,1,6,6291_1,4,157,71,5,0
2026-10-09,9,10053,1,7,6316_1,5,243,86,5,0
2026-10-09,9,10053,1,8,6265_1,5,243,86,5,0
2026-10-09,9,10053,1,9,6349_1,6,322,86,5,0
2026-10-09,9,10053,1,10,6327_1,7,444,122,5,0
2026-10-09,9,10053,1,11,6297_9,7,417,95,5,0
2026-10-09,9,10053,1,12,6369_9,3,86,57,5,0
2026-10-09,9,10054,0,1,6073_2,1,0,0,0,0
2026-10-09,9,10054,0,1,6293_1,3,0,0,0,0
2026-10-09,9,10054,0,2,6293_1,1,0,0,0,0
2026-10-09,9,10054,0,2,6402_9,4,43,17,8,0
2026-10-09,9,10054,0,3,6402_9,1,0,0,0,0
2026-10-09,9,10054,0,3,6271_9,4,3,3,0,0
2026-10-09,9,10054,0,4,6271_9,2,9,9,0,0
2026-10-09,9,10054,0,4,6292_1,3,0,0,0,0
2026-10-09,9,10054,0,5,6292_1,1,0,0,0,0
2026-10-09,9,10054,1,1,6292_1,4,101,101,0,0
2026-10-09,9,10054,1,2,6271_1,5,351,157,10,0
2026-10-09,9,10054,1,3,6402_1,7,437,149,10,0
2026-10-09,9,10054,1,4,6403_1,9,1236,229,20,0
2026-10-09,9,10054,1,5,6293_1,9,440,129,0,0
2026-10-09,9,10055,0,12,474_2,1,412,412,412,1
2026-10-09,9,10055,0,13,7475_3,5,1563,398,249,3
2026-10-09,9,10055,0,14,6260_2,10,2615,426,167,4
2026-10-09,9,10055,0,15,6263_2,10,2639,429,168,4
2026-10-09,9,10055,0,16,6196_2,11,2555,411,131,3
2026-10-09,9,10055,0,17,6134_2,12,2803,412,140,3
2026-10-09,9,10055,0,18,6106_2,12,2787,423,136,3
2026-10-09,9,10055,0,19,6020_9,13,3656,466,173,5
2026-10-09,9,10055,0,20,6019_1,13,2899,332,148,1
2026-10-09,9,10055,0,21,6148_2,14,3176,371,100,2
2026-10-09,9,10055,0,22,6036_2,15,3824,387,131,2
2026-10-09,9,10055,0,23,6150_2,16,3682,370,111,2
2026-10-09,9,10055,0,24,6122_9,16,3914,403,117,3
2026-10-09,9,10055,0,25,6147_2,16,3821,395,119,2
2026-10-09,9,10055,0,26,6145_1,16,3821,395,119,2
2026-10-09,9,10055,0,27,6144_1,17,4142,394,130,2
2026-10-09,9,10055,0,28,6149_1,17,3902,370,123,2
2026-10-09,9,10055,0,29,6149_9,17,4235,371,162,2
2026-10-09,9,10057,0,1,9_1,1,0,0,0,0
2026-10-09,9,10057,0,2,17_2,4,380,191,15,0
2026-10-09,9,10057,0,3,18_2,6,284,144,0,0
2026-10-09,9,10057,0,4,44_2,7,612,161,17,0
2026-10-09,9,10057,0,5,43_2,8,487,140,0,0
2026-10-09,9,10057,0,6,42_2,10,1016,183,43,0
2026-10-09,9,10057,0,7,21_2,10,921,177,30,0
2026-10-09,9,10057,0,8,40_2,12,1011,178,11,0
2026-10-09,9,10057,0,9,39_2,11,918,172,0,0
2026-10-09,9,10057,0,10,7471_2,13,1562,194,54,0
2026-10-09,9,10057,0,11,472_2,14,2306,229,89,0
2026-10-09,9,10057,0,12,473_2,16,2938,271,27,0
2026-10-09,9,10057,0,13,474_2,17,2984,267,31,0
2026-10-09,9,10057,0,14,7475_2,4,36,26,0,0
2026-10-09,9,10058,0,1,9_1,2,0,0,0,0
2026-10-09,9,10058,0,2,478_2,6,135,91,0,0
2026-10-09,9,10058,0,3,589_2,9,1470,246,120,0
2026-10-09,9,10058,0,4,708_2,9,1738,283,118,0
2026-10-09,9,10058,0,5,38_3,9,1730,270,127,0
2026-10-09,9,10058,0,6,7471_2,10,2866,370,200,5
2026-10-09,9,10058,0,7,472_2,13,4164,421,235,7
2026-10-09,9,10058,0,8,473_2,16,5472,422,277,14
2026-10-09,9,10058,0,9,474_2,16,5534,431,273,13
2026-10-09,9,10058,0,10,7475_2,20,1534,156,3,0
2026-10-09,9,10059,0,1,91_3,4,286,164,0,0
2026-10-09,9,10059,0,2,7841_4,11,1550,269,73,0
2026-10-09,9,10059,0,3,6170_2,11,1894,310,102,1
2026-10-09,9,10059,0,4,6902_2,14,2636,329,94,2
2026-10-09,9,10059,0,5,6006_2,15,3328,370,128,3
2026-10-09,9,10059,0,6,6229_2,20,4868,398,133,7
2026-10-09,9,10059,0,7,6074_2,20,4664,382,131,7
2026-10-09,9,10059,0,8,6169_2,24,4170,341,74,3
2026-10-09,9,10059,0,9,6260_1,32,6156,364,104,6
2026-10-09,9,10059,0,10,7475_1,37,3495,288,0,0
2026-10-09,9,10059,1,1,7475_1,5,0,0,0,0
2026-10-09,9,10059,1,2,6260_2,11,734,98,43,0
2026-10-09,9,10059,1,3,6169_1,15,1572,138,51,0
2026-10-09,9,10059,1,4,6405_1,17,2221,181,75,0
2026-10-09,9,10059,1,5,6074_1,17,2315,185,98,0
2026-10-09,9,10059,1,6,6229_1,20,2655,235,65,0
2026-10-09,9,10059,1,7,6006_1,21,3388,263,69,0
2026-10-09,9,10059,1,8,6902_1,27,5686,315,121,1
2026-10-09,9,10059,1,9,6170_1,30,7158,351,127,4
2026-10-09,9,10059,1,10,7841_2,34,8591,363,155,6
2026-10-09,9,10059,1,11,91_3,35,4424,243,0,0
2026-10-09,9,10060,0,11,6241_2,6,2961,540,420,6
2026-10-09,9,10060,0,12,6143_2,10,4467,531,377,10
2026-10-09,9,10060,0,13,6166_2,11,4830,524,366,11
2026-10-09,9,10060,0,14,446_4,11,4385,487,329,11
2026-10-09,9,10060,0,15,6161_2,12,4767,471,313,12
2026-10-09,9,10060,0,16,6001_2,12,5009,488,330,12
2026-10-09,9,10060,0,17,6160_2,12,4664,469,297,11
2026-10-09,9,10060,0,18,6162_2,13,4950,461,287,11
2026-10-09,9,10060,0,19,6041_2,13,5427,497,324,13
2026-10-09,9,10060,0,20,243_2,14,5651,484,308,14
2026-10-09,9,10060,0,21,6228_2,13,5399,484,308,13
2026-10-09,9,10060,0,22,95_2,15,5705,454,271,12
2026-10-09,9,10060,0,23,94_3,15,6380,497,330,15
2026-10-09,9,10060,0,24,6013_2,16,6877,496,347,16
2026-10-09,9,10060,0,25,6212_2,17,7573,522,358,17
2026-10-09,9,10060,0,26,6205_2,17,7940,572,361,17
2026-10-09,9,10060,0,27,6187_3,21,9364,567,313,21
2026-10-09,9,10060,0,28,6011_4,27,11388,570,242,21
2026-10-09,9,10060,0,29,6017_2,29,12595,615,246,23
2026-10-09,9,10060,0,30,6172_2,33,13330,602,156,24
2026-10-09,9,10060,0,31,6067_2,34,15271,649,172,28
2026-10-09,9,10060,0,32,6248_2,36,16196,665,164,30
2026-10-09,9,10060,0,33,6249_2,41,16440,657,14,30
2026-10-09,9,10060,0,34,6015_2,42,13871,546,0,26
2026-10-09,9,10060,1,1,6015_1,3,0,0,0,0
2026-10-09,9,10060,1,2,6249_1,5,299,73,45,0
2026-10-09,9,10060,1,3,6248_1,7,455,78,52,0
2026-10-09,9,10060,1,4,6067_1,9,304,70,15,0
2026-10-09,9,10060,1,5,6172_1,11,260,56,0,0
2026-10-09,9,10060,1,6,6017_1,16,578,88,4,0
2026-10-09,9,10060,1,7,6011_1,16,740,90,10,0
2026-10-09,9,10060,1,8,6187_2,20,1917,142,59,0
2026-10-09,9,10060,1,9,6205_1,22,2166,135,64,0
2026-10-09,9,10060,1,10,6212_1,24,2620,153,68,0
2026-10-09,9,10060,1,11,6013_1,26,2636,152,56,0
2026-10-09,9,10060,1,12,94_2,30,2261,122,21,0
2026-10-09,9,10060,1,13,95_1,34,2563,143,13,0
2026-10-09,9,10060,1,14,6228_1,38,4183,265,19,0
2026-10-09,9,10060,1,15,243_1,45,6374,284,26,0
2026-10-09,9,10060,1,16,6041_1,45,8409,330,74,3
2026-10-09,9,10060,1,17,6162_1,46,7737,301,58,1
2026-10-09,9,10060,1,18,6160_1,45,8848,337,90,4
2026-10-09,9,10060,1,19,6001_1,45,8568,330,72,2
2026-10-09,9,10060,1,20,6161_1,47,9579,339,95,4
2026-10-09,9,10060,1,21,446_3,52,8856,330,36,2
2026-10-09,9,10060,1,22,6166_1,54,10017,347,35,3
2026-10-09,9,10060,1,23,6143_1,56,9630,335,34,3
2026-10-09,9,10060,1,24,6241_1,59,10038,335,22,4
2026-10-09,9,10060,1,25,9_2,59,6941,275,0,0
2026-10-09,9,10060,1,26,8_3,77,13606,379,0,13
2026-10-09,9,10060,1,27,6_1,80,16275,383,19,17
2026-10-09,9,10060,1,28,902_1,84,19012,401,42,20
2026-10-09,9,10060,1,29,5_1,84,19267,503,0,27
2026-10-09,9,10060,1,30,4_1,89,22057,465,18,30
2026-10-09,9,10060,1,31,6059_1,93,33895,567,138,67
2026-10-09,9,10060,1,32,3_1,96,34658,567,138,68
2026-10-09,9,10060,1,33,73_1,94,26559,477,92,40
2026-10-09,9,10060,1,34,128_1,92,28384,548,110,46
2026-10-09,9,10060,1,35,114_5,88,15793,622,0,13
2026-10-09,9,10061,0,2,73_1,4,1128,442,167,2
2026-10-09,9,10061,0,3,128_1,8,2615,608,146,3
2026-10-09,9,10061,0,4,114_5,13,2935,682,0,3
2026-10-09,9,10061,0,5,3_3,18,5655,837,114,4
2026-10-09,9,10061,0,6,4_5,17,4407,445,156,5
2026-10-09,9,10061,0,7,5_3,19,5569,445,172,6
2026-10-09,9,10061,0,8,902_2,22,6031,453,131,6
2026-10-09,9,10061,0,9,6_2,23,6078,445,115,6
2026-10-09,9,10061,0,10,8_1,26,6195,445,57,5
2026-10-09,9,10061,0,11,9_5,29,10319,805,32,15
2026-10-09,9,10061,0,12,6241_2,33,13224,878,83,19
2026-10-09,9,10061,0,13,6143_2,35,13124,858,57,17
2026-10-09,9,10061,0,14,6166_2,39,14134,851,42,18
2026-10-09,9,10061,0,15,446_4,39,12327,804,0,18
2026-10-09,9,10061,0,16,6161_2,43,14610,838,32,21
2026-10-09,9,10061,0,17,6001_2,43,15523,872,51,21
2026-10-09,9,10061,0,18,6160_2,46,16195,859,37,23
2026-10-09,9,10061,0,19,6162_2,42,14097,849,35,19
2026-10-09,9,10061,0,20,6041_2,42,15206,886,64,19
2026-10-09,9,10061,0,21,243_2,42,14187,870,52,18
2026-10-09,9,10061,0,22,6228_2,43,15158,870,72,19
2026-10-09,9,10061,0,23,95_2,42,12772,840,23,16
2026-10-09,9,10061,0,24,94_3,42,14541,883,57,17
2026-10-09,9,10061,0,25,6013_2,40,14096,882,50,18
2026-10-09,9,10061,0,26,6212_2,40,15038,908,58,20
2026-10-09,9,10061,0,27,6205_2,41,16473,958,90,23
2026-10-09,9,10061,0,28,6187_3,41,16514,953,90,23
2026-10-09,9,10061,0,29,6011_4,43,17612,956,95,25
2026-10-09,9,10061,0,30,6017_2,43,19177,948,140,26
2026-10-09,9,10061,0,31,6172_2,44,19143,935,127,27
2026-10-09,9,10061,0,32,6067_2,45,21877,982,185,32
2026-10-09,9,10061,0,33,6248_2,45,21106,973,171,32
2026-10-09,9,10061,0,34,6249_2,41,18368,970,176,27
2026-10-09,9,10061,0,35,6015_2,37,11355,859,50,14
2026-10-09,9,10062,1,1,6019_1,2,2,2,0,0
2026-10-09,9,10062,1,2,6020_1,2,124,63,61,0
2026-10-09,9,10062,1,3,6106_1,3,218,81,58,0
2026-10-09,9,10062,1,4,6134_1,3,200,75,52,0
2026-10-09,9,10062,1,5,6196_1,4,387,112,76,0
2026-10-09,9,10062,1,6,6263_1,4,263,81,45,0
2026-10-09,9,10062,1,7,6169_1,3,40,21,0,0
2026-10-09,9,10062,1,8,6405_1,3,121,48,27,0
2026-10-09,9,10062,1,9,6074_1,4,142,43,22,0
2026-10-09,9,10062,1,10,6229_1,4,111,40,12,0
2026-10-09,9,10062,1,11,6006_1,4,203,69,33,0
2026-10-09,9,10062,1,12,6902_1,4,375,109,79,0
2026-10-09,9,10062,1,13,6170_1,5,587,141,100,0
2026-10-09,9,10062,1,14,7841_2,6,692,141,100,0
2026-10-09,9,10062,1,15,91_2,3,12,9,0,0
2026-10-09,9,10064,0,1,91_2,2,5,5,0,0
2026-10-09,9,10064,0,2,7841_4,3,164,83,38,0
2026-10-09,9,10064,0,3,6170_2,4,381,121,69,0
2026-10-09,9,10064,0,4,6902_2,5,586,151,73,0
2026-10-09,9,10064,0,5,6006_2,5,771,188,112,0
2026-10-09,9,10064,0,6,6229_2,10,1484,219,100,0
2026-10-09,9,10064,0,7,6074_2,12,1758,218,91,0
2026-10-09,9,10064,0,8,6169_2,13,1289,167,38,0
2026-10-09,9,10064,0,9,6263_2,14,1311,175,22,0
2026-10-09,9,10064,0,10,6196_2,15,1264,189,0,0
2026-10-09,9,10064,0,11,6134_2,15,1415,200,9,0
2026-10-09,9,10064,0,12,6106_2,15,1228,168,5,0
2026-10-09,9,10064,0,13,6020_9,11,1004,158,38,0
2026-10-09,9,10064,0,14,6019_1,9,655,147,0,0
2026-10-09,9,10064,0,15,6043_9,9,255,97,0,0
2026-10-09,9,10064,0,16,6188_1,9,283,96,0,0
2026-10-09,9,10064,0,17,6073_2,11,560,117,5,0
2026-10-09,9,10064,0,18,6152_1,12,795,117,20,0
2026-10-09,9,10064,0,19,6300_2,10,575,117,0,0
2026-10-09,9,10064,0,20,6289_9,9,475,117,0,0
2026-10-09,9,10064,0,21,6301_9,10,523,117,0,0
2026-10-09,9,10064,1,1,6073_1,2,47,47,0,0
2026-10-09,9,10064,1,1,6301_1,1,0,0,0,0
2026-10-09,9,10064,1,2,6019_2,3,124,77,0,0
2026-10-09,9,10064,1,2,6289_1,1,0,0,0,0
2026-10-09,9,10064,1,3,6020_1,3,124,77,0,0
2026-10-09,9,10064,1,3,6300_1,2,39,39,0,0
2026-10-09,9,10064,1,4,6106_1,4,253,96,11,0
2026-10-09,9,10064,1,4,6152_9,2,39,39,0,0
2026-10-09,9,10064,1,5,6134_1,5,329,108,3,0
2026-10-09,9,10064,1,5,6073_1,3,57,39,0,0
2026-10-09,9,10064,1,6,6196_1,5,459,134,29,0
2026-10-09,9,10064,1,6,6188_9,4,87,39,0,0
2026-10-09,9,10064,1,7,6263_1,6,419,129,0,0
2026-10-09,9,10064,1,7,6043_1,5,135,48,0,0
2026-10-09,9,10064,1,8,6169_1,6,259,97,0,0
2026-10-09,9,10064,1,8,6019_1,1,0,0,0,0
2026-10-09,9,10064,1,9,6405_1,7,544,131,24,0
2026-10-09,9,10064,1,9,6020_1,3,99,35,30,0
2026-10-09,9,10064,1,10,6074_1,7,568,151,26,0
2026-10-09,9,10064,1,10,6106_1,3,162,56,51,0
2026-10-09,9,10064,1,11,6229_1,8,755,162,23,0
2026-10-09,9,10064,1,11,6134_1,4,249,78,54,0
2026-10-09,9,10064,1,12,6006_1,9,1081,190,54,0
2026-10-09,9,10064,1,12,6196_1,5,531,119,95,0
2026-10-09,9,10064,1,13,6902_1,9,1573,242,112,0
2026-10-09,9,10064,1,13,6263_1,5,441,101,77,0
2026-10-09,9,10064,1,14,6170_1,10,2026,278,130,0
2026-10-09,9,10064,1,14,6169_1,6,239,51,27,0
2026-10-09,9,10064,1,15,7841_2,11,2440,290,167,0
2026-10-09,9,10064,1,15,6405_1,8,436,66,42,0
2026-10-09,9,10064,1,16,91_2,11,1285,185,62,0
2026-10-09,9,10064,1,16,6074_1,7,475,79,54,0
2026-10-09,9,10064,1,17,6229_1,5,233,59,39,0
2026-10-09,9,10068,0,1,3_1,1,50,50,50,0
2026-10-09,9,10068,0,2,73_1,3,545,508,0,1
2026-10-09,9,10068,0,3,128_1,5,1230,487,69,2
2026-10-09,9,10068,0,4,114_5,5,848,362,0,1
2026-10-09,9,10068,0,5,3_3,8,2311,533,94,4
2026-10-09,9,10068,0,6,4_3,11,4359,1167,79,7
2026-10-09,9,10068,0,7,254_2,11,3976,1189,34,7
2026-10-09,9,10068,0,8,53_3,22,12557,1247,0,15
2026-10-09,9,10068,0,9,253_2,22,11457,1232,0,13
2026-10-09,9,10068,0,10,186_2,25,13219,1226,0,15
2026-10-09,9,10068,0,11,252_2,31,19851,1354,91,26
2026-10-09,9,10068,0,12,150_2,35,23225,1436,71,29
2026-10-09,9,10068,0,13,151_2,34,27313,1547,97,27
2026-10-09,9,10068,0,14,152_3,30,26187,1457,87,29
2026-10-09,9,10068,0,15,251_2,30,26476,1452,350,30
2026-10-09,9,10068,0,16,250_2,31,27594,1438,336,31
2026-10-09,9,10068,0,17,249_2,33,31364,1576,375,33
2026-10-09,9,10068,0,18,606_2,33,31365,1571,378,33
2026-10-09,9,10068,0,19,607_2,34,32634,1567,359,34
2026-10-09,9,10068,0,20,608_2,35,32513,1546,355,35
2026-10-09,9,10068,0,21,609_2,36,33262,1529,329,36
2026-10-09,9,10068,0,22,610_2,37,33066,1505,310,37
2026-10-09,9,10068,0,23,765_2,38,36196,1541,385,38
2026-10-09,9,10068,0,24,7717_2,39,36477,1547,359,39
2026-10-09,9,10068,0,25,6023_1,42,40701,1583,389,42
2026-10-09,9,10068,0,26,210_2,44,41652,1565,340,44
2026-10-09,9,10068,0,27,211_2,45,41568,1555,330,45
2026-10-09,9,10068,0,28,212_2,53,49283,1600,375,53
2026-10-09,9,10068,0,29,615_2,55,53723,1653,428,55
2026-10-09,9,10068,0,30,7213_2,61,54526,1584,359,61
2026-10-09,9,10068,0,31,214_2,62,46254,1476,251,57
2026-10-09,9,10068,0,32,215_2,68,48099,1462,208,57
2026-10-09,9,10068,0,33,216_2,65,49391,1475,250,58
2026-10-09,9,10068,0,34,752_2,60,46528,1454,229,50
2026-10-09,9,10068,0,35,7217_2,56,43853,1399,156,41
2026-10-09,9,10068,0,36,422_1,56,49077,1481,254,51
2026-10-09,9,10068,0,37,421_1,58,50743,1498,250,53
2026-10-09,9,10068,0,38,6163_1,59,52440,1496,242,53
2026-10-09,9,10068,0,39,419_1,60,51796,1502,235,53
2026-10-09,9,10068,0,40,418_1,63,57215,1550,265,58
2026-10-09,9,10068,0,41,440_1,65,60875,1597,264,60
2026-10-09,9,10068,0,42,6236_1,66,66446,1747,336,66
2026-10-09,9,10068,0,43,6109_1,65,58788,1612,234,58
2026-10-09,9,10068,1,1,6109_1,3,0,0,0,0
2026-10-09,9,10068,1,2,6236_2,3,655,272,164,0
2026-10-09,9,10068,1,3,440_2,7,1103,278,50,0
2026-10-09,9,10068,1,4,418_2,9,2605,411,171,5
2026-10-09,9,10068,1,5,419_2,11,3599,446,207,6
2026-10-09,9,10068,1,6,6163_2,11,3543,436,206,6
2026-10-09,9,10068,1,7,421_2,13,4274,447,193,7
2026-10-09,9,10068,1,8,422_2,15,4031,387,139,7
2026-10-09,9,10068,1,9,7217_1,18,4433,372,113,8
2026-10-09,9,10068,1,10,752_1,19,5022,392,139,8
2026-10-09,9,10068,1,11,216_1,20,4895,372,118,8
2026-10-09,9,10068,1,12,215_1,23,5437,365,109,9
2026-10-09,9,10068,1,13,214_1,25,5855,354,104,10
2026-10-09,9,10068,1,14,7213_1,25,5810,361,97,10
2026-10-09,9,10068,1,15,615_1,25,7254,410,149,14
2026-10-09,9,10068,1,16,212_1,28,7478,380,129,12
2026-10-09,9,10068,1,17,211_1,30,9907,444,181,18
2026-10-09,9,10068,1,18,210_1,31,10100,498,130,20
2026-10-09,9,10068,1,19,6023_3,29,12553,575,217,24
2026-10-09,9,10068,1,20,7717_1,38,16817,564,246,34
2026-10-09,9,10068,1,21,765_1,38,17796,606,263,36
2026-10-09,9,10068,1,22,610_1,36,14246,520,232,31
2026-10-09,9,10068,1,23,609_1,38,15049,529,237,33
2026-10-09,9,10068,1,24,608_1,38,17258,579,299,37
2026-10-09,9,10068,1,25,607_1,39,18349,607,320,39
2026-10-09,9,10068,1,26,606_1,38,18634,625,311,38
2026-10-09,9,10068,1,27,249_1,43,18901,609,277,40
2026-10-09,9,10068,1,28,250_1,43,20130,648,300,43
2026-10-09,9,10068,1,29,251_1,45,19961,646,209,43
2026-10-09,9,10068,1,30,152_2,47,23537,763,258,44
2026-10-09,9,10068,1,31,151_1,49,26539,819,224,48
2026-10-09,9,10068,1,32,150_1,51,27570,816,240,49
2026-10-09,9,10068,1,33,252_1,51,29622,888,261,49
2026-10-09,9,10068,1,34,186_1,54,27214,800,201,49
2026-10-09,9,10068,1,35,253_1,60,31075,807,162,55
2026-10-09,9,10068,1,36,53_1,82,45794,857,211,77
2026-10-09,9,10068,1,37,254_1,85,49306,919,196,78
2026-10-09,9,10068,1,38,4_4,81,45852,938,212,75
2026-10-09,9,10068,1,39,6059_1,70,39240,953,155,61
2026-10-09,9,10068,1,40,3_1,62,39658,1013,215,57
2026-10-09,9,10068,1,41,73_1,62,35177,903,133,58
2026-10-09,9,10068,1,42,128_1,62,36646,935,202,58
2026-10-09,9,10068,1,43,114_5,55,19994,563,0,42
2026-10-09,9,10072,0,1,61_2,2,0,0,0,0
2026-10-09,9,10072,0,2,59_4,7,1474,452,0,3
2026-10-09,9,10072,0,3,57_2,11,2224,463,22,4
2026-10-09,9,10072,0,4,56_2,9,3058,520,110,5
2026-10-09,9,10072,0,5,55_4,11,4976,520,340,11
2026-10-09,9,10072,0,6,69_2,13,5472,738,203,10
2026-10-09,9,10072,0,7,68_2,15,6601,738,232,11
2026-10-09,9,10072,0,8,67_2,17,7076,678,236,12
2026-10-09,9,10072,0,9,65_2,20,8652,716,232,15
2026-10-09,9,10072,0,10,204_2,22,9997,729,265,18
2026-10-09,9,10072,0,11,255_2,24,11174,763,281,21
2026-10-09,9,10072,0,12,205_2,27,11754,719,236,21
2026-10-09,9,10072,0,13,206_2,29,12636,788,236,22
2026-10-09,9,10072,0,14,863_3,29,11452,788,182,15
2026-10-09,9,10072,0,15,209_2,18,10701,877,273,16
2026-10-09,9,10072,0,16,210_2,20,12994,910,316,20
2026-10-09,9,10072,0,17,211_2,21,13645,900,319,21
2026-10-09,9,10072,0,18,212_2,24,16706,945,341,24
2026-10-09,9,10072,0,19,615_2,25,18970,998,411,25
2026-10-09,9,10072,0,20,7213_2,26,18468,961,356,26
2026-10-09,9,10072,0,21,214_2,26,15504,840,230,23
2026-10-09,9,10072,0,22,215_2,27,16173,871,219,24
2026-10-09,9,10072,0,23,216_2,28,17546,878,250,25
2026-10-09,9,10072,0,24,752_2,28,17115,850,249,25
2026-10-09,9,10072,0,25,7217_2,29,16234,895,198,26
2026-10-09,9,10072,0,26,422_1,29,17868,937,250,27
2026-10-09,9,10072,0,27,421_1,30,19647,1001,238,28
2026-10-09,9,10072,0,28,6163_1,32,21532,1021,233,29
2026-10-09,9,10072,0,29,419_1,34,23357,1017,237,32
2026-10-09,9,10072,0,30,418_1,28,18697,955,255,26
2026-10-09,9,10072,0,31,440_1,20,12802,882,266,18
2026-10-09,9,10072,0,32,6236_1,12,6875,829,333,12
2026-10-09,9,10072,0,33,6109_1,8,2940,525,240,6
2026-10-09,9,10072,1,1,6109_1,1,5,5,5,0
2026-10-09,9,10072,1,2,6236_2,1,76,76,76,0
2026-10-09,9,10072,1,3,440_2,2,209,110,99,0
2026-10-09,9,10072,1,4,418_2,3,630,217,206,0
2026-10-09,9,10072,1,5,419_2,3,636,219,208,0
2026-10-09,9,10072,1,6,6163_2,4,830,239,193,0
2026-10-09,9,10072,1,7,421_2,4,990,279,233,0
2026-10-09,9,10072,1,8,422_2,6,1123,221,175,0
2026-10-09,9,10072,1,26,67_1,6,3539,668,544,6
2026-10-09,9,10072,1,27,68_1,24,12776,693,437,24
2026-10-09,9,10072,1,28,69_1,26,11888,603,347,26
2026-10-09,9,10072,1,29,55_1,28,13292,606,350,28
2026-10-09,9,10072,1,30,56_1,29,14464,654,377,29
2026-10-09,9,10072,1,31,57_1,30,15424,688,395,30
2026-10-09,9,10072,1,32,59_1,31,15573,660,384,31
2026-10-09,9,10072,1,33,61_2,31,14181,596,320,31
2026-10-09,9,10075,1,1,421_3,1,0,0,0,0
2026-10-09,9,10075,1,2,422_2,2,83,48,35,0
2026-10-09,9,10075,1,3,7217_1,3,53,33,0,0
2026-10-09,9,10075,1,4,752_1,6,320,96,13,0
2026-10-09,9,10075,1,5,216_1,7,219,79,0,0
2026-10-09,9,10075,1,6,215_1,7,172,59,0,0
2026-10-09,9,10075,1,7,214_1,7,156,55,0,0
2026-10-09,9,10075,1,8,7213_1,9,210,58,0,0
2026-10-09,9,10075,1,9,615_1,9,669,108,50,0
2026-10-09,9,10075,1,10,212_1,11,556,97,0,0
2026-10-09,9,10075,1,11,211_1,14,1424,149,71,0
2026-10-09,9,10075,1,12,210_1,17,1384,148,22,0
2026-10-09,9,10075,1,13,209_1,20,3533,378,88,2
2026-10-09,9,10075,1,14,863_1,22,3126,368,36,3
2026-10-09,9,10075,1,15,206_1,24,4400,377,80,4
2026-10-09,9,10075,1,16,205_1,24,3765,324,45,2
2026-10-09,9,10075,1,17,255_1,26,4801,343,59,6
2026-10-09,9,10075,1,18,204_1,29,5750,363,79,8
2026-10-09,9,10075,1,19,65_1,31,8381,455,146,9
2026-10-09,9,10075,1,20,67_1,26,9165,518,242,19
2026-10-09,9,10075,1,21,68_1,29,11323,542,316,29
2026-10-09,9,10075,1,22,69_1,17,5886,464,251,14
2026-10-09,9,10075,1,23,55_1,20,7318,470,282,19
2026-10-09,9,10075,1,24,56_1,22,8427,509,293,21
2026-10-09,9,10075,1,25,57_1,23,9066,533,292,22
2026-10-09,9,10075,1,26,59_1,23,8697,504,310,23
2026-10-09,9,10075,1,27,61_2,25,8532,494,285,20
2026-10-09,9,10078,0,14,557_2,2,1526,787,739,2
2026-10-09,9,10078,0,15,863_3,4,2494,679,527,4
2026-10-09,9,10078,0,16,209_2,12,6378,759,397,12
2026-10-09,9,10078,0,17,210_2,13,7452,809,440,13
2026-10-09,9,10078,0,18,211_2,15,7563,775,194,13
2026-10-09,9,10078,0,19,212_2,21,10681,891,196,15
2026-10-09,9,10078,0,20,615_2,21,11657,929,247,17
2026-10-09,9,10078,0,21,7213_2,24,13020,921,237,20
2026-10-09,9,10078,0,22,214_2,24,10365,806,144,17
2026-10-09,9,10078,0,23,215_2,25,10838,808,152,18
2026-10-09,9,10078,0,24,216_2,26,12260,836,199,19
2026-10-09,9,10078,0,25,752_2,26,12020,835,178,19
2026-10-09,9,10078,0,26,7217_2,27,10827,758,123,20
2026-10-09,9,10078,0,27,422_1,37,19837,890,138,30
2026-10-09,9,10078,0,28,421_1,42,23638,976,134,35
2026-10-09,9,10078,0,29,6163_1,44,24837,972,126,37
2026-10-09,9,10078,0,30,419_1,47,27032,1028,119,40
2026-10-09,9,10078,0,31,418_1,46,28400,1047,149,39
2026-10-09,9,10078,0,32,440_1,51,32232,1135,148,44
2026-10-09,9,10078,0,33,6236_1,60,41542,1196,220,54
2026-10-09,9,10078,0,34,6109_1,64,38151,1107,118,56
2026-10-09,9,10080,1,1,6079_1,1,0,0,0,0
2026-10-09,9,10080,1,2,6035_1,2,140,135,5,0
2026-10-09,9,10080,1,3,6180_1,3,74,69,0,0
2026-10-09,9,10080,1,4,6112_1,4,203,131,0,0
2026-10-09,9,10080,1,5,6168_1,4,224,131,7,0
2026-10-09,9,10080,1,6,426_1,5,571,188,64,0
2026-10-09,9,10080,1,7,425_3,5,926,259,135,0
2026-10-09,9,10080,1,8,424_1,6,1238,290,157,0
2026-10-09,9,10080,1,9,423_1,7,1041,236,103,0
2026-10-09,9,10080,1,10,422_1,8,1228,239,106,0
2026-10-09,9,10080,1,11,421_3,9,1182,213,80,0
2026-10-09,9,10082,0,1,421_3,2,4,4,0,0
2026-10-09,9,10082,0,2,422_2,5,213,87,15,0
2026-10-09,9,10082,0,3,423_2,6,464,242,19,0
2026-10-09,9,10082,0,4,424_2,7,764,246,29,0
2026-10-09,9,10082,0,5,425_1,7,994,351,0,1
2026-10-09,9,10082,0,6,426_2,7,1363,387,0,2
2026-10-09,9,10082,0,7,427_1,7,1305,351,0,2
2026-10-09,9,10082,0,8,428_1,3,137,87,0,0
2026-10-09,9,10082,0,9,427_2,3,137,87,0,0
2026-10-09,9,10082,0,10,6168_2,3,137,87,0,0
2026-10-09,9,10082,0,11,6112_2,2,26,26,0,0
2026-10-09,10,10002,0,2,59_2,2,295,151,144,0
2026-10-09,10,10002,0,3,534_1,3,393,136,128,0
2026-10-09,10,10002,0,4,256_1,4,1150,297,274,0
2026-10-09,10,10002,0,5,910_1,5,1351,300,189,1
2026-10-09,10,10002,0,6,122_2,6,1112,222,111,0
2026-10-09,10,10002,0,7,123_2,7,1379,230,119,0
2026-10-09,10,10002,0,8,124_2,9,2214,287,176,0
2026-10-09,10,10002,0,9,125_2,9,2592,329,218,5
2026-10-09,10,10002,0,10,126_2,9,2214,287,176,0
2026-10-09,10,10002,0,11,127_2,10,2303,278,155,0
2026-10-09,10,10002,0,12,203_2,11,1719,201,78,0
2026-10-09,10,10002,0,13,113_4,12,2109,217,94,0
2026-10-09,10,10002,0,14,905_3,12,2109,217,94,0
2026-10-09,10,10002,0,15,456_2,12,2109,217,94,0
2026-10-09,10,10002,0,16,455_2,12,2109,217,94,0
2026-10-09,10,10002,0,17,699_1,12,1509,167,44,0
2026-10-09,10,10002,0,18,454_2,12,1509,167,44,0
2026-10-09,10,10002,0,19,453_2,12,2229,227,104,0
2026-10-09,10,10002,0,20,75_3,12,915,117,0,0
2026-10-09,10,10002,0,21,906_2,10,421,67,0,0
2026-10-09,10,10002,0,22,452_2,2,0,0,0,0
2026-10-09,10,10002,0,23,451_2,2,0,0,0,0
2026-10-09,10,10002,0,24,445_3,2,0,0,0,0
2026-10-09,10,10002,0,25,446_2,2,0,0,0,0
2026-10-09,10,10002,1,2,445_2,1,31,31,31,0
2026-10-09,10,10002,1,3,451_1,1,31,31,31,0
2026-10-09,10,10002,1,4,452_1,1,31,31,31,0
2026-10-09,10,10002,1,5,906_1,1,0,0,0,0
2026-10-09,10,10002,1,6,75_2,1,0,0,0,0
2026-10-09,10,10002,1,7,453_1,1,0,0,0,0
2026-10-09,10,10002,1,8,454_1,1,0,0,0,0
2026-10-09,10,10002,1,9,455_1,1,0,0,0,0
2026-10-09,10,10002,1,10,456_1,1,0,0,0,0
2026-10-09,10,10002,1,11,905_2,1,28,28,28,0
2026-10-09,10,10002,1,12,113_2,1,11,11,11,0
2026-10-09,10,10002,1,13,203_1,1,0,0,0,0
2026-10-09,10,10002,1,14,127_1,1,5,5,5,0
2026-10-09,10,10002,1,15,126_1,1,0,0,0,0
2026-10-09,10,10002,1,16,125_1,1,8,8,8,0
2026-10-09,10,10002,1,17,124_1,1,16,16,16,0
2026-10-09,10,10002,1,18,123_1,1,42,42,42,0
2026-10-09,10,10002,1,19,122_1,1,70,70,70,0
2026-10-09,10,10002,1,20,910_2,1,60,60,60,0
2026-10-09,10,10002,1,21,256_2,1,0,0,0,0
2026-10-09,10,10032,0,1,61_1,1,0,0,0,0
2026-10-09,10,10032,0,2,59_4,3,174,67,44,0
2026-10-09,10,10032,0,3,57_2,4,667,178,155,0
2026-10-09,10,10032,0,4,56_2,5,1031,236,132,0
2026-10-09,10,10032,0,5,55_2,5,1111,252,148,0
2026-10-09,10,10032,0,6,72_1,5,1201,270,166,0
2026-10-09,10,10032,0,7,73_2,5,1176,265,161,0
2026-10-09,10,10032,0,8,73_3,6,1651,307,203,2
2026-10-09,10,10032,0,9,3_2,7,2847,441,337,7
2026-10-09,10,10032,0,10,114_4,8,2344,365,226,3
2026-10-09,10,10032,0,11,393_2,8,2194,349,206,3
2026-10-09,10,10032,0,12,6070_3,9,2336,336,200,3
2026-10-09,10,10032,0,13,6102_2,9,2154,315,174,3
2026-10-09,10,10032,0,14,6069_2,9,1921,286,145,0
2026-10-09,10,10032,0,15,6057_2,9,1660,249,120,0
2026-10-09,10,10032,0,16,9_5,9,1586,243,110,0
2026-10-09,10,10032,0,17,6241_2,9,1969,288,165,0
2026-10-09,10,10032,0,18,6143_2,9,1761,274,136,0
2026-10-09,10,10032,0,19,6166_2,9,1638,264,118,0
2026-10-09,10,10032,0,20,446_4,7,957,218,97,0
2026-10-09,10,10032,0,21,6161_2,9,2440,555,123,3
2026-10-09,10,10032,0,22,6001_2,10,3711,574,141,6
2026-10-09,10,10032,0,23,6160_2,12,6053,619,424,12
2026-10-09,10,10032,0,24,6162_2,17,8064,631,362,17
2026-10-09,10,10032,0,25,6041_2,20,9685,668,361,20
2026-10-09,10,10032,0,26,243_2,30,12664,652,311,30
2026-10-09,10,10032,0,27,6228_2,31,13629,679,332,31
2026-10-09,10,10032,0,28,95_2,32,12496,631,283,27
2026-10-09,10,10032,0,29,94_3,31,13326,670,317,31
2026-10-09,10,10032,0,30,93_2,31,13704,684,331,31
2026-10-09,10,10032,0,31,6016_2,31,14590,711,331,31
2026-10-09,10,10032,0,32,91_1,32,12502,668,245,24
2026-10-09,10,10032,0,33,6016_1,34,14810,702,294,33
2026-10-09,10,10032,0,34,93_1,33,14532,698,292,32
2026-10-09,10,10032,0,35,94_1,35,16673,721,315,35
2026-10-09,10,10032,0,36,6242_1,35,16720,712,306,35
2026-10-09,10,10032,0,37,6064_1,34,15972,699,293,33
2026-10-09,10,10032,0,38,6255_2,35,18285,741,335,35
2026-10-09,10,10032,0,39,6256_2,36,19086,755,343,36
2026-10-09,10,10032,0,40,6094_2,36,18274,733,321,36
2026-10-09,10,10032,0,41,6244_2,36,16816,694,282,34
2026-10-09,10,10032,0,42,6257_2,37,16459,676,264,32
2026-10-09,10,10032,0,43,6240_2,37,17687,733,305,37
2026-10-09,10,10032,0,44,6258_2,38,18451,739,299,37
2026-10-09,10,10032,0,45,6225_2,38,17927,718,279,35
2026-10-09,10,10032,0,46,6181_2,38,17413,694,276,35
2026-10-09,10,10032,0,47,6246_2,39,18788,721,301,39
2026-10-09,10,10032,0,48,6206_2,39,18088,699,287,37
2026-10-09,10,10032,0,49,6176_2,39,18417,711,290,37
2026-10-09,10,10032,0,50,6200_3,39,19574,747,341,39
2026-10-09,10,10032,0,51,6042_2,37,17311,730,309,37
2026-10-09,10,10032,0,52,6031_2,39,16810,690,280,36
2026-10-09,10,10032,0,53,6039_1,38,15710,651,221,31
2026-10-09,10,10032,1,15,6256_1,1,146,146,146,0
2026-10-09,10,10032,1,16,6255_1,6,193,77,0,0
2026-10-09,10,10032,1,17,6064_2,8,534,117,40,0
2026-10-09,10,10032,1,18,6242_2,10,1380,196,98,0
2026-10-09,10,10032,1,19,94_4,12,2217,239,141,0
2026-10-09,10,10032,1,20,93_2,12,2253,242,144,0
2026-10-09,10,10032,1,21,6016_2,13,2828,269,184,0
2026-10-09,10,10032,1,22,91_4,9,234,63,0,0
2026-10-09,10,10032,1,23,6016_1,12,899,161,29,0
2026-10-09,10,10032,1,24,93_1,15,1287,244,31,0
2026-10-09,10,10032,1,25,94_2,16,1057,216,3,0
2026-10-09,10,10032,1,26,95_1,16,1386,211,5,0
2026-10-09,10,10032,1,27,6228_1,17,2616,260,12,0
2026-10-09,10,10032,1,28,243_1,20,4082,286,42,0
2026-10-09,10,10032,1,29,6041_1,20,5000,331,87,5
2026-10-09,10,10032,1,30,6162_1,20,4520,306,66,2
2026-10-09,10,10032,1,31,6160_1,22,5533,348,90,4
2026-10-09,10,10032,1,32,6001_1,22,5236,335,70,3
2026-10-09,10,10032,1,33,6161_1,22,6075,373,94,12
2026-10-09,10,10032,1,34,446_3,22,5655,390,30,9
2026-10-09,10,10032,1,35,6166_1,21,5478,418,29,11
2026-10-09,10,10032,1,36,6143_1,22,5544,401,28,9
2026-10-09,10,10032,1,37,6241_1,22,5310,397,16,8
2026-10-09,10,10032,1,38,9_2,21,3965,315,0,1
2026-10-09,10,10032,1,39,6057_1,22,4328,310,14,2
2026-10-09,10,10032,1,40,6069_1,21,4455,331,28,3
2026-10-09,10,10032,1,41,6102_1,22,4963,350,32,4
2026-10-09,10,10032,1,42,6070_2,21,4665,352,44,5
2026-10-09,10,10032,1,43,393_1,22,5590,375,66,10
2026-10-09,10,10032,1,44,114_1,18,3934,352,0,3
2026-10-09,10,10032,1,45,114_3,21,5440,421,40,10
2026-10-09,10,10032,1,46,3_1,21,10107,648,148,17
2026-10-09,10,10032,1,47,73_1,23,9333,584,58,16
2026-10-09,10,10032,1,48,72_2,22,10056,830,129,17
2026-10-09,10,10032,1,49,55_1,16,8077,911,137,11
2026-10-09,10,10032,1,50,56_1,19,9959,915,141,14
2026-10-09,10,10032,1,51,57_1,25,13160,918,144,20
2026-10-09,10,10032,1,52,59_1,23,13498,931,287,22
2026-10-09,10,10032,1,53,61_1,29,11642,844,0,20
2026-10-09,10,10033,1,12,91_3,1,0,0,0,0
2026-10-09,10,10038,0,1,91_3,6,567,476,0,1
2026-10-09,10,10038,0,2,7475_1,19,3359,596,36,3
2026-10-09,10,10047,0,5,55_2,3,929,319,302,3
2026-10-09,10,10047,0,6,72_1,6,2156,383,330,6
2026-10-09,10,10047,0,7,73_2,7,2582,426,330,7
2026-10-09,10,10047,0,8,73_3,9,3675,455,359,9
2026-10-09,10,10047,0,9,3_2,10,5281,597,470,10
2026-10-09,10,10047,0,10,114_4,12,4431,461,289,11
2026-10-09,10,10047,0,11,393_2,12,4202,438,283,9
2026-10-09,10,10047,0,12,6070_3,15,5533,535,284,13
2026-10-09,10,10047,0,13,6102_2,17,5975,516,258,14
2026-10-09,10,10047,0,14,6069_2,18,6017,502,229,10
2026-10-09,10,10047,0,15,6057_2,19,5905,465,204,9
2026-10-09,10,10047,0,16,9_5,20,6206,531,194,8
2026-10-09,10,10047,0,17,6241_2,21,7574,550,249,17
2026-10-09,10,10047,0,18,6143_2,21,7108,525,220,14
2026-10-09,10,10047,0,19,6166_2,21,7153,514,202,13
2026-10-09,10,10047,0,20,446_4,21,6653,466,169,13
2026-10-09,10,10047,0,21,6161_2,21,7389,451,212,17
2026-10-09,10,10047,0,22,6001_2,21,7832,469,236,17
2026-10-09,10,10047,0,23,6160_2,21,8034,507,234,17
2026-10-09,10,10047,0,24,6162_2,21,8145,519,230,17
2026-10-09,10,10047,0,25,6041_2,21,8852,556,256,19
2026-10-09,10,10047,0,26,243_2,20,8056,540,245,16
2026-10-09,10,10047,0,27,6228_2,22,9213,567,260,20
2026-10-09,10,10047,0,28,95_2,22,8269,519,211,17
2026-10-09,10,10047,0,29,94_3,22,7542,498,188,14
2026-10-09,10,10047,0,30,6242_1,22,7762,508,198,14
2026-10-09,10,10047,0,31,6064_1,22,7392,495,185,14
2026-10-09,10,10047,0,32,6255_2,22,8316,537,227,17
2026-10-09,10,10047,0,33,6256_2,22,8795,551,241,17
2026-10-09,10,10047,0,34,6094_2,22,8292,529,219,17
2026-10-09,10,10047,0,35,6244_2,22,7432,490,180,13
2026-10-09,10,10047,0,36,6257_2,22,7102,472,162,12
2026-10-09,10,10047,0,37,6240_2,22,8099,529,203,14
2026-10-09,10,10047,0,38,6258_2,22,7967,535,197,14
2026-10-09,10,10047,0,39,6225_2,22,7500,514,177,13
2026-10-09,10,10047,0,40,6181_2,22,7381,490,174,12
2026-10-09,10,10047,0,41,6246_2,22,7938,517,199,14
2026-10-09,10,10047,0,42,6206_2,22,7599,495,185,14
2026-10-09,10,10047,0,43,6176_2,22,7713,507,188,14
2026-10-09,10,10047,0,44,6200_3,22,8677,546,239,17
2026-10-09,10,10047,0,45,6042_2,22,8048,526,207,15
2026-10-09,10,10047,0,46,6031_2,21,6932,486,178,11
2026-10-09,10,10047,0,47,6039_1,22,6075,447,119,9
2026-10-09,10,10047,1,1,6039_1,1,0,0,0,0
2026-10-09,10,10047,1,2,6031_1,1,77,77,77,0
2026-10-09,10,10047,1,3,6042_1,1,49,49,49,0
2026-10-09,10,10047,1,4,6200_1,1,62,62,62,0
2026-10-09,10,10047,1,5,6176_1,1,71,71,71,0
2026-10-09,10,10047,1,6,6206_1,1,102,102,102,0
2026-10-09,10,10047,1,7,6246_1,1,142,142,142,0
2026-10-09,10,10047,1,8,6181_1,1,116,116,116,0
2026-10-09,10,10047,1,9,6225_1,1,103,103,103,0
2026-10-09,10,10047,1,10,6258_1,1,80,80,80,0
2026-10-09,10,10047,1,11,6240_1,1,88,88,88,0
2026-10-09,10,10047,1,12,6257_1,1,110,110,110,0
2026-10-09,10,10047,1,13,6244_1,1,101,101,101,0
2026-10-09,10,10047,1,14,6094_1,1,97,97,97,0
2026-10-09,10,10047,1,15,6256_1,1,95,95,95,0
2026-10-09,10,10047,1,16,6255_1,1,68,68,68,0
2026-10-09,10,10047,1,17,6064_2,1,117,117,117,0
2026-10-09,10,10047,1,18,6242_2,1,210,210,210,0
2026-10-09,10,10047,1,19,94_2,1,223,223,223,0
2026-10-09,10,10047,1,20,95_1,1,215,215,215,0
2026-10-09,10,10047,1,21,6228_1,1,251,251,251,0
2026-10-09,10,10047,1,22,243_1,1,303,303,303,1
2026-10-09,10,10047,1,23,6041_1,1,337,337,337,1
2026-10-09,10,10047,1,24,6162_1,1,320,320,320,1
2026-10-09,10,10047,1,25,6160_1,1,327,327,327,1
2026-10-09,10,10047,1,26,6001_1,1,314,314,314,1
2026-10-09,10,10047,1,27,6161_1,1,352,352,352,1
2026-10-09,10,10047,1,28,446_3,6,1942,363,303,6
2026-10-09,10,10047,1,29,6166_1,9,2900,378,256,8
2026-10-09,10,10047,1,30,6143_1,13,3827,360,191,9
2026-10-09,10,10047,1,31,6241_1,16,4228,353,125,7
2026-10-09,10,10047,1,32,9_2,19,3746,313,62,2
2026-10-09,10,10047,1,33,6057_1,18,3666,327,76,3
2026-10-09,10,10047,1,34,6069_1,19,4350,341,90,5
2026-10-09,10,10047,1,35,6102_1,20,4855,345,94,5
2026-10-09,10,10047,1,36,6070_2,22,5372,369,105,10
2026-10-09,10,10047,1,37,393_1,23,6122,379,128,11
2026-10-09,10,10047,1,38,114_1,23,4141,293,32,0
2026-10-09,10,10047,1,39,114_3,25,6065,408,75,12
2026-10-09,10,10047,1,40,3_1,26,11512,703,183,17
2026-10-09,10,10047,1,41,73_1,27,10218,638,93,15
2026-10-09,10,10047,1,42,72_2,28,12247,730,164,20
2026-10-09,10,10047,1,43,55_1,28,12177,751,120,20
2026-10-09,10,10047,1,44,56_1,28,12364,755,159,20
2026-10-09,10,10047,1,45,57_1,27,12015,758,179,19
2026-10-09,10,10047,1,46,59_1,29,13177,771,146,22
2026-10-09,10,10047,1,47,61_1,29,9754,684,0,15
2026-10-09,10,10049,0,22,6039_1,2,309,157,152,0
2026-10-09,10,10049,1,1,6039_1,1,0,0,0,0
2026-10-09,10,10049,1,2,6031_1,2,190,109,81,0
2026-10-09,10,10049,1,3,6042_1,2,142,85,57,0
2026-10-09,10,10049,1,4,6200_1,3,230,96,66,0
2026-10-09,10,10049,1,5,6176_1,3,293,117,87,0
2026-10-09,10,10049,1,6,6206_1,4,422,131,87,0
2026-10-09,10,10049,1,7,6246_1,4,544,161,119,0
2026-10-09,10,10049,1,8,6181_1,5,512,125,83,0
2026-10-09,10,10049,1,9,6225_1,6,587,125,73,0
2026-10-09,10,10049,1,10,6258_1,6,438,101,48,0
2026-10-09,10,10049,1,11,6240_1,7,509,96,45,0
2026-10-09,10,10049,1,12,6257_1,7,670,119,68,0
2026-10-09,10,10049,1,13,6244_1,7,600,109,58,0
2026-10-09,10,10049,1,14,6094_1,8,595,107,42,0
2026-10-09,10,10049,1,15,6256_1,8,571,104,39,0
2026-10-09,10,10049,1,16,6255_1,9,496,101,17,0
2026-10-09,10,10049,1,17,6064_2,10,999,142,58,0
2026-10-09,10,10049,1,18,6242_2,11,2169,240,151,0
2026-10-09,10,10049,1,19,94_4,11,2490,266,177,0
2026-10-09,10,10049,1,20,93_2,11,2847,305,211,2
2026-10-09,10,10049,1,21,6016_2,11,3065,319,224,3
2026-10-09,10,10049,1,22,91_1,11,3528,350,281,9
2026-10-09,10,10050,0,1,91_4,1,0,0,0,0
2026-10-09,10,10050,0,2,6016_1,1,56,56,56,0
2026-10-09,10,10050,0,3,93_1,2,89,58,31,0
2026-10-09,10,10050,0,4,6013_2,3,140,73,21,0
2026-10-09,10,10050,0,5,6212_2,3,139,76,19,0
2026-10-09,10,10050,0,6,6205_2,4,276,96,37,0
2026-10-09,10,10050,0,7,6187_3,4,276,100,33,0
2026-10-09,10,10050,0,8,6011_2,5,381,103,36,0
2026-10-09,10,10050,0,9,6018_2,6,537,112,45,0
2026-10-09,10,10050,0,10,6190_2,6,753,148,81,0
2026-10-09,10,10050,0,11,6171_2,6,543,113,46,0
2026-10-09,10,10050,0,12,6014_3,1,0,0,0,0
2026-10-09,10,10050,1,1,6014_1,2,49,49,0,0
2026-10-09,10,10050,1,2,6171_1,2,105,78,27,0
2026-10-09,10,10050,1,3,6190_1,3,234,125,32,0
2026-10-09,10,10050,1,4,6018_1,3,174,108,6,0
2026-10-09,10,10050,1,5,6011_3,4,209,86,0,0
2026-10-09,10,10050,1,6,6187_2,4,254,99,6,0
2026-10-09,10,10050,1,7,6205_1,6,345,102,3,0
2026-10-09,10,10050,1,8,6212_1,6,387,113,0,0
2026-10-09,10,10050,1,9,6013_1,7,472,110,0,0
2026-10-09,10,10050,1,10,93_2,7,1031,205,42,0
2026-10-09,10,10050,1,11,6016_2,8,1289,228,56,0
2026-10-09,10,10050,1,12,91_4,6,51,27,0,0
2026-10-09,10,10051,0,1,91_4,1,0,0,0,0
2026-10-09,10,10051,0,2,6016_1,2,157,82,75,0
2026-10-09,10,10051,0,3,93_1,2,147,77,70,0
2026-10-09,10,10051,0,4,6013_2,3,269,96,84,0
2026-10-09,10,10051,0,5,6212_2,3,266,95,83,0
2026-10-09,10,10051,0,6,6205_2,4,340,95,74,0
2026-10-09,10,10051,0,7,6187_3,5,539,117,96,0
2026-10-09,10,10051,0,8,6011_4,5,799,169,148,0
2026-10-09,10,10051,0,9,6017_2,6,1033,187,144,0
2026-10-09,10,10051,0,10,6172_2,6,1021,185,142,0
2026-10-09,10,10051,0,11,6067_2,6,991,180,137,0
2026-10-09,10,10051,0,12,6248_2,9,1848,283,149,0
2026-10-09,10,10051,0,13,6249_2,11,2082,265,131,0
2026-10-09,10,10051,0,14,6015_2,15,1625,166,61,0
2026-10-09,10,10051,1,2,6249_1,1,70,70,70,0
2026-10-09,10,10051,1,3,6248_1,1,73,73,73,0
2026-10-09,10,10051,1,4,6067_1,2,36,27,9,0
2026-10-09,10,10051,1,5,6172_1,2,38,28,10,0
2026-10-09,10,10051,1,6,6017_1,3,63,30,12,0
2026-10-09,10,10051,1,7,6011_1,3,66,31,13,0
2026-10-09,10,10051,1,8,6187_2,4,288,94,59,0
2026-10-09,10,10051,1,9,6205_1,5,305,100,20,0
2026-10-09,10,10051,1,10,6212_1,5,313,110,16,0
2026-10-09,10,10051,1,11,6013_1,5,270,99,9,0
2026-10-09,10,10051,1,12,93_2,12,2033,314,48,1
2026-10-09,10,10051,1,13,6016_2,15,2835,341,62,2
2026-10-09,10,10051,1,14,91_4,11,1106,195,0,0
2026-10-09,10,10053,1,11,6297_9,1,122,122,122,0
2026-10-09,10,10053,1,12,6369_9,5,453,122,71,0
2026-10-09,10,10053,1,13,6344_1,9,693,154,5,0
2026-10-09,10,10053,1,14,6282_9,9,693,154,5,0
2026-10-09,10,10053,1,15,6371_9,10,806,154,5,0
2026-10-09,10,10053,1,16,6370_1,11,903,154,5,0
2026-10-09,10,10053,1,17,6348_1,11,903,154,5,0
2026-10-09,10,10053,1,18,6277_9,12,988,154,5,0
2026-10-09,10,10053,1,19,6275_9,12,988,154,5,0
2026-10-09,10,10053,1,20,6329_9,13,1080,154,5,0
2026-10-09,10,10053,1,21,6366_1,14,1202,154,5,0
2026-10-09,10,10053,1,22,6368_1,15,1355,154,5,0
2026-10-09,10,10053,1,23,6356_1,15,1355,154,5,0
2026-10-09,10,10053,1,24,6375_9,16,1560,205,5,0
2026-10-09,10,10053,1,25,6346_1,16,1560,205,5,0
2026-10-09,10,10053,1,26,6358_1,16,1560,205,5,0
2026-10-09,10,10053,1,27,6345_9,16,1720,215,15,0
2026-10-09,10,10053,1,28,6360_9,17,1790,215,15,0
2026-10-09,10,10053,1,29,6357_9,18,1924,215,15,0
2026-10-09,10,10053,1,30,6294_9,18,1924,215,15,0
2026-10-09,10,10053,1,31,6347_1,19,2044,215,15,0
2026-10-09,10,10053,1,32,6367_1,19,2044,215,15,0
2026-10-09,10,10053,1,33,6332_9,19,2044,215,15,0
2026-10-09,10,10053,1,34,6353_9,19,2044,215,15,0
2026-10-09,10,10053,1,35,6355_1,19,2044,215,15,0
2026-10-09,10,10053,1,36,6301_1,19,2044,215,15,0
2026-10-09,10,10053,1,37,6289_1,19,2595,244,44,0
2026-10-09,10,10053,1,38,6300_1,19,1835,204,4,0
2026-10-09,10,10053,1,39,6152_9,19,2177,222,22,0
2026-10-09,10,10053,1,40,6073_1,19,2393,234,22,0
2026-10-09,10,10053,1,41,6188_9,19,2665,250,22,0
2026-10-09,10,10053,1,42,6043_1,19,2597,204,22,0
2026-10-09,10,10053,1,43,6020_1,5,394,110,22,0
2026-10-09,10,10053,1,44,6106_1,1,43,43,43,0
2026-10-09,10,10054,0,1,6293_1,3,0,0,0,0
2026-10-09,10,10054,0,2,6402_9,4,61,24,11,0
2026-10-09,10,10054,0,3,6271_9,4,20,12,0,0
2026-10-09,10,10054,0,4,6292_1,3,0,0,0,0
2026-10-09,10,10054,1,1,6292_1,3,0,0,0,0
2026-10-09,10,10054,1,2,6271_1,4,233,70,53,0
2026-10-09,10,10054,1,3,6402_1,5,220,56,37,0
2026-10-09,10,10054,1,4,6403_1,7,830,128,111,0
2026-10-09,10,10054,1,5,6293_1,4,4,4,0,0
2026-10-09,10,10057,0,1,9_1,3,48,48,0,0
2026-10-09,10,10057,0,2,17_2,4,276,147,27,0
2026-10-09,10,10057,0,3,18_2,4,134,103,0,0
2026-10-09,10,10057,0,4,44_2,5,335,169,8,0
2026-10-09,10,10057,0,5,43_2,5,315,165,4,0
2026-10-09,10,10057,0,6,42_2,5,415,185,24,0
2026-10-09,10,10057,0,7,21_2,6,621,206,24,0
2026-10-09,10,10057,0,8,40_2,7,738,237,4,0
2026-10-09,10,10057,0,9,39_2,8,1029,319,0,1
2026-10-09,10,10057,0,10,7471_2,10,2083,415,32,3
2026-10-09,10,10057,0,11,472_2,12,3100,458,71,5
2026-10-09,10,10057,0,12,473_2,13,3094,433,61,4
2026-10-09,10,10057,0,13,474_2,13,3038,426,68,4
2026-10-09,10,10057,0,14,7475_2,8,323,113,0,0
2026-10-09,10,10058,0,1,9_1,2,0,0,0,0
2026-10-09,10,10058,0,2,478_2,4,374,151,17,0
2026-10-09,10,10058,0,3,589_2,8,1366,249,66,0
2026-10-09,10,10058,0,4,708_2,14,3199,339,137,2
2026-10-09,10,10058,0,5,38_3,19,3998,321,109,1
2026-10-09,10,10058,0,6,7471_2,23,6734,410,176,11
2026-10-09,10,10058,0,7,472_2,25,8320,453,226,16
2026-10-09,10,10058,0,8,473_2,27,8683,428,231,16
2026-10-09,10,10058,0,9,474_2,28,8857,421,240,15
2026-10-09,10,10058,0,10,7475_2,19,659,108,0,0
2026-10-09,10,10059,0,1,91_3,3,0,0,0,0
2026-10-09,10,10059,0,2,7841_4,7,399,91,0,0
2026-10-09,10,10059,0,3,6170_2,10,1063,151,29,0
2026-10-09,10,10059,0,4,6902_2,13,1427,174,32,0
2026-10-09,10,10059,0,5,6006_2,14,2101,207,73,0
2026-10-09,10,10059,0,6,6229_2,16,2702,214,102,0
2026-10-09,10,10059,0,7,6074_2,19,3158,214,102,0
2026-10-09,10,10059,0,8,6169_2,19,2419,190,78,0
2026-10-09,10,10059,0,9,6260_1,22,3387,213,63,0
2026-10-09,10,10059,0,10,7475_1,23,1069,104,0,0
2026-10-09,10,10059,1,1,7475_1,2,426,426,0,1
2026-10-09,10,10059,1,2,6260_2,4,1133,547,56,2
2026-10-09,10,10059,1,3,6169_1,5,1356,581,75,2
2026-10-09,10,10059,1,4,6405_1,5,1484,615,95,2
2026-10-09,10,10059,1,5,6074_1,5,1506,635,89,2
2026-10-09,10,10059,1,6,6229_1,7,1785,625,107,2
2026-10-09,10,10059,1,7,6006_1,10,2266,673,114,2
2026-10-09,10,10059,1,8,6902_1,12,3089,717,157,2
2026-10-09,10,10059,1,9,6170_1,12,3117,716,163,2
2026-10-09,10,10059,1,10,7841_2,14,4087,756,184,2
2026-10-09,10,10059,1,11,91_3,15,2513,636,64,2
2026-10-09,10,10060,1,1,6015_1,2,6,6,0,0
2026-10-09,10,10060,1,2,6249_1,3,147,63,39,0
2026-10-09,10,10060,1,3,6248_1,3,145,73,33,0
2026-10-09,10,10060,1,4,6067_1,5,80,30,0,0
2026-10-09,10,10060,1,5,6172_1,4,95,38,0,0
2026-10-09,10,10060,1,6,6017_1,7,212,63,0,0
2026-10-09,10,10060,1,7,6011_1,10,409,75,0,0
2026-10-09,10,10060,1,8,6187_2,13,1177,130,17,0
2026-10-09,10,10060,1,9,6205_1,13,1185,127,14,0
2026-10-09,10,10060,1,10,6212_1,15,1402,137,10,0
2026-10-09,10,10060,1,11,6013_1,15,1358,153,3,0
2026-10-09,10,10060,1,12,94_2,16,1029,125,0,0
2026-10-09,10,10060,1,13,95_1,16,1284,152,0,0
2026-10-09,10,10060,1,14,6228_1,20,2704,226,36,0
2026-10-09,10,10060,1,15,243_1,21,3691,301,78,1
2026-10-09,10,10060,1,16,6041_1,24,5373,349,112,9
2026-10-09,10,10060,1,17,6162_1,23,4680,324,95,5
2026-10-09,10,10060,1,18,6160_1,30,6295,354,102,9
2026-10-09,10,10060,1,19,6001_1,34,6390,341,89,7
2026-10-09,10,10060,1,20,6161_1,36,8007,396,112,11
2026-10-09,10,10060,1,21,446_3,38,7855,374,48,10
2026-10-09,10,10060,1,22,6166_1,40,8395,365,47,12
2026-10-09,10,10060,1,23,6143_1,41,8335,357,46,11
2026-10-09,10,10060,1,24,6241_1,44,8472,343,34,10
2026-10-09,10,10060,1,25,9_2,43,6266,300,0,1
2026-10-09,10,10060,1,26,8_3,46,5159,306,0,1
2026-10-09,10,10060,1,27,6_1,51,7204,342,9,2
2026-10-09,10,10060,1,28,902_1,61,9828,384,12,3
2026-10-09,10,10060,1,29,5_1,62,11718,421,0,7
2026-10-09,10,10060,1,30,4_1,65,12607,383,22,5
2026-10-09,10,10060,1,31,6059_1,68,16203,431,67,23
2026-10-09,10,10060,1,32,3_1,69,16352,431,67,23
2026-10-09,10,10060,1,33,73_1,71,12602,494,0,5
2026-10-09,10,10060,1,34,128_1,80,21985,592,34,37
2026-10-09,10,10060,1,35,114_5,68,13555,546,0,18
2026-10-09,10,10061,0,2,73_1,2,137,90,47,0
2026-10-09,10,10061,0,3,128_1,7,1400,424,46,2
2026-10-09,10,10061,0,4,114_5,8,615,200,0,0
2026-10-09,10,10061,0,5,3_3,15,7774,1046,123,10
2026-10-09,10,10061,0,6,4_5,21,12338,1106,90,18
2026-10-09,10,10061,0,7,5_3,25,15244,1117,111,21
2026-10-09,10,10061,0,8,902_2,31,18837,1115,68,25
2026-10-09,10,10061,0,9,6_2,32,19182,1096,108,26
2026-10-09,10,10061,0,10,8_1,35,20052,1075,110,27
2026-10-09,10,10061,0,11,9_5,37,19968,1024,39,28
2026-10-09,10,10061,0,12,6241_2,40,23331,1095,59,32
2026-10-09,10,10061,0,13,6143_2,42,24222,1084,34,33
2026-10-09,10,10061,0,14,6166_2,43,24330,1136,24,33
2026-10-09,10,10061,0,15,446_4,45,24895,1107,0,34
2026-10-09,10,10061,0,16,6161_2,46,26467,1179,0,37
2026-10-09,10,10061,0,17,6001_2,46,27461,1198,18,37
2026-10-09,10,10061,0,18,6160_2,47,28931,1243,32,38
2026-10-09,10,10061,0,19,6162_2,53,32837,1255,42,44
2026-10-09,10,10061,0,20,6041_2,55,35754,1292,68,47
2026-10-09,10,10061,0,21,243_2,56,35455,1276,55,48
2026-10-09,10,10061,0,22,6228_2,58,37826,1291,72,50
2026-10-09,10,10061,0,23,95_2,61,36610,1242,20,52
2026-10-09,10,10061,0,24,94_3,62,36560,1221,0,52
2026-10-09,10,10061,0,25,6013_2,64,38473,1216,10,54
2026-10-09,10,10061,0,26,6212_2,65,38062,1226,18,53
2026-10-09,10,10061,0,27,6205_2,67,39151,1235,25,54
2026-10-09,10,10061,0,28,6187_3,69,40812,1237,39,56
2026-10-09,10,10061,0,29,6011_4,70,43508,1255,75,58
2026-10-09,10,10061,0,30,6017_2,70,44865,1296,93,61
2026-10-09,10,10061,0,31,6172_2,69,43863,1275,91,59
2026-10-09,10,10061,0,32,6067_2,70,43688,1266,86,60
2026-10-09,10,10061,0,33,6248_2,70,42907,1242,86,59
2026-10-09,10,10061,0,34,6249_2,75,45936,1224,80,64
2026-10-09,10,10061,0,35,6015_2,79,44332,1185,24,66
2026-10-09,10,10064,0,1,91_2,1,0,0,0,0
2026-10-09,10,10064,0,2,7841_4,2,52,28,24,0
2026-10-09,10,10064,0,3,6170_2,2,116,60,56,0
2026-10-09,10,10064,0,4,6902_2,3,264,146,57,0
2026-10-09,10,10064,0,5,6006_2,3,390,188,99,0
2026-10-09,10,10064,0,6,6229_2,5,753,209,110,0
2026-10-09,10,10064,0,7,6074_2,6,841,211,95,0
2026-10-09,10,10064,0,8,6169_2,7,759,172,54,0
2026-10-09,10,10064,0,9,6263_2,8,1076,194,76,0
2026-10-09,10,10064,0,10,6196_2,8,876,169,51,0
2026-10-09,10,10064,0,11,6134_2,9,982,166,48,0
2026-10-09,10,10064,0,12,6106_2,10,1161,197,46,0
2026-10-09,10,10064,0,13,6020_9,17,2267,205,50,0
2026-10-09,10,10064,0,14,6019_1,17,1043,128,0,0
2026-10-09,10,10064,0,15,6073_2,12,462,99,0,0
2026-10-09,10,10064,0,15,6043_9,6,102,36,0,0
2026-10-09,10,10064,0,16,6152_1,11,347,88,0,0
2026-10-09,10,10064,0,16,6188_1,7,144,57,0,0
2026-10-09,10,10064,0,17,6300_2,12,419,86,0,0
2026-10-09,10,10064,0,17,6073_2,8,548,98,41,0
2026-10-09,10,10064,0,18,6289_9,10,224,66,0,0
2026-10-09,10,10064,0,18,6152_1,9,559,88,31,0
2026-10-09,10,10064,0,19,6301_9,11,482,84,18,0
2026-10-09,10,10064,0,19,6300_2,9,567,86,33,0
2026-10-09,10,10064,0,20,6289_9,10,580,89,29,0
2026-10-09,10,10064,0,21,6301_9,10,664,87,33,0
2026-10-09,10,10064,1,1,6073_1,1,0,0,0,0
2026-10-09,10,10064,1,2,6019_2,2,20,20,0,0
2026-10-09,10,10064,1,3,6020_1,3,98,68,5,0
2026-10-09,10,10064,1,4,6106_1,3,146,84,21,0
2026-10-09,10,10064,1,5,6134_1,4,245,102,20,0
2026-10-09,10,10064,1,6,6196_1,4,389,138,56,0
2026-10-09,10,10064,1,7,6263_1,5,447,130,38,0
2026-10-09,10,10064,1,8,6169_1,6,811,170,78,0
2026-10-09,10,10064,1,9,6405_1,7,1059,192,98,0
2026-10-09,10,10064,1,10,6074_1,8,1246,204,92,0
2026-10-09,10,10064,1,11,6229_1,8,1350,214,110,0
2026-10-09,10,10064,1,12,6006_1,9,1665,228,123,0
2026-10-09,10,10064,1,13,6902_1,9,2119,282,169,0
2026-10-09,10,10064,1,14,6170_1,10,2424,282,176,0
2026-10-09,10,10064,1,15,7841_2,10,2724,322,196,4
2026-10-09,10,10064,1,16,91_2,10,1159,161,44,0
2026-10-09,10,10064,1,17,6229_1,5,358,86,65,0
2026-10-09,10,10064,1,18,6006_1,11,793,142,43,0
2026-10-09,10,10064,1,19,6902_1,12,1449,192,95,0
2026-10-09,10,10064,1,20,6170_1,13,1715,191,97,0
2026-10-09,10,10064,1,21,7841_2,14,2430,259,125,0
2026-10-09,10,10064,1,22,91_2,2,0,0,0,0
2026-10-09,10,10068,0,2,73_1,1,382,382,382,1
2026-10-09,10,10068,0,3,128_1,3,1446,564,424,3
2026-10-09,10,10068,0,4,114_5,4,906,315,139,1
2026-10-09,10,10068,0,5,3_3,5,2945,690,527,5
2026-10-09,10,10068,0,6,4_3,5,2840,669,506,5
2026-10-09,10,10068,0,7,254_2,6,2953,625,333,6
2026-10-09,10,10068,0,8,53_3,7,2967,580,284,5
2026-10-09,10,10068,0,9,253_2,7,2827,560,264,5
2026-10-09,10,10068,0,10,186_2,8,2903,539,223,5
2026-10-09,10,10068,0,11,252_2,9,4151,652,336,9
2026-10-09,10,10068,0,12,150_2,9,4025,638,322,9
2026-10-09,10,10068,0,13,151_2,16,7456,681,365,16
2026-10-09,10,10068,0,14,152_3,23,8193,616,150,17
2026-10-09,10,10068,0,15,251_2,25,8317,612,70,16
2026-10-09,10,10068,0,16,250_2,25,7869,585,68,13
2026-10-09,10,10068,0,17,249_2,28,7149,545,0,12
2026-10-09,10,10068,0,18,606_2,30,7188,537,3,8
2026-10-09,10,10068,0,19,607_2,30,6329,503,0,6
2026-10-09,10,10068,0,20,608_2,31,6081,495,0,6
2026-10-09,10,10068,0,21,609_2,33,5529,466,0,5
2026-10-09,10,10068,0,22,610_2,32,5861,497,0,6
2026-10-09,10,10068,0,23,765_2,32,7628,543,53,7
2026-10-09,10,10068,0,24,7717_2,32,6556,514,49,6
2026-10-09,10,10068,0,25,6023_1,35,9389,579,79,14
2026-10-09,10,10068,0,26,210_2,36,8826,572,30,12
2026-10-09,10,10068,0,27,211_2,36,7970,539,20,9
2026-10-09,10,10068,0,28,212_2,37,9606,591,65,13
2026-10-09,10,10068,0,29,615_2,37,11331,634,118,18
2026-10-09,10,10068,0,30,7213_2,38,9793,596,49,14
2026-10-09,10,10068,0,31,214_2,39,6360,544,0,4
2026-10-09,10,10068,0,32,215_2,41,7468,530,0,6
2026-10-09,10,10068,0,33,216_2,45,9860,543,13,10
2026-10-09,10,10068,0,34,752_2,51,12033,522,0,17
2026-10-09,10,10068,0,35,7217_2,54,10787,449,0,15
2026-10-09,10,10068,0,36,422_1,56,14354,502,53,24
2026-10-09,10,10068,0,37,421_1,53,15350,511,70,27
2026-10-09,10,10068,0,38,6163_1,52,16477,531,94,32
2026-10-09,10,10068,0,39,419_1,55,17593,527,105,35
2026-10-09,10,10068,0,40,418_1,55,20298,607,147,40
2026-10-09,10,10068,0,41,440_1,56,25321,662,225,49
2026-10-09,10,10068,0,42,6236_1,56,31322,765,318,56
2026-10-09,10,10068,0,43,6109_1,59,28576,1659,230,51
2026-10-09,10,10068,1,2,6236_2,3,230,80,75,0
2026-10-09,10,10068,1,3,440_2,3,278,96,91,0
2026-10-09,10,10068,1,4,418_2,4,939,250,199,0
2026-10-09,10,10068,1,5,419_2,5,864,216,61,0
2026-10-09,10,10068,1,6,6163_2,6,873,199,44,0
2026-10-09,10,10068,1,7,421_2,6,953,236,52,0
2026-10-09,10,10068,1,8,422_2,7,826,178,30,0
2026-10-09,10,10068,1,9,7217_1,8,821,210,0,0
2026-10-09,10,10068,1,10,752_1,9,979,240,0,0
2026-10-09,10,10068,1,11,216_1,9,1182,262,23,0
2026-10-09,10,10068,1,12,215_1,10,1222,257,18,0
2026-10-09,10,10068,1,13,214_1,10,1236,258,19,0
2026-10-09,10,10068,1,14,7213_1,10,1317,261,22,0
2026-10-09,10,10068,1,15,615_1,11,1981,315,76,1
2026-10-09,10,10068,1,16,212_1,11,1804,297,58,0
2026-10-09,10,10068,1,17,211_1,12,2710,360,132,3
2026-10-09,10,10068,1,18,210_1,14,5088,416,297,13
2026-10-09,10,10068,1,19,6023_3,24,12335,739,318,24
2026-10-09,10,10068,1,20,7717_1,29,15941,887,365,29
2026-10-09,10,10068,1,21,765_1,34,18920,929,305,34
2026-10-09,10,10068,1,22,610_1,36,16578,849,183,29
2026-10-09,10,10068,1,23,609_1,37,18161,882,182,31
2026-10-09,10,10068,1,24,608_1,37,20154,936,235,35
2026-10-09,10,10068,1,25,607_1,38,21225,951,244,36
2026-10-09,10,10068,1,26,606_1,38,21862,965,285,36
2026-10-09,10,10068,1,27,249_1,39,20848,923,197,33
2026-10-09,10,10068,1,28,250_1,40,21649,913,220,36
2026-10-09,10,10068,1,29,251_1,41,22323,913,198,35
2026-10-09,10,10068,1,30,152_2,41,23172,940,207,36
2026-10-09,10,10068,1,31,151_1,41,25156,988,255,38
2026-10-09,10,10068,1,32,150_1,43,26398,987,251,40
2026-10-09,10,10068,1,33,252_1,44,28920,1026,276,42
2026-10-09,10,10068,1,34,186_1,44,26583,1024,175,37
2026-10-09,10,10068,1,35,253_1,45,26240,964,189,39
2026-10-09,10,10068,1,36,53_1,47,28305,973,227,44
2026-10-09,10,10068,1,37,254_1,50,29798,954,217,46
2026-10-09,10,10068,1,38,4_4,48,28825,942,213,43
2026-10-09,10,10068,1,39,6059_1,56,30036,921,125,48
2026-10-09,10,10068,1,40,3_1,62,35702,981,185,55
2026-10-09,10,10068,1,41,73_1,63,31689,897,95,50
2026-10-09,10,10068,1,42,128_1,63,35309,984,179,55
2026-10-09,10,10068,1,43,114_5,57,16632,699,0,25
2026-10-09,10,10072,0,2,59_4,1,104,104,104,0
2026-10-09,10,10072,0,3,57_2,4,659,215,132,0
2026-10-09,10,10072,0,4,56_2,8,1978,323,201,1
2026-10-09,10,10072,0,5,55_4,9,2957,412,276,5
2026-10-09,10,10072,0,6,69_2,10,2447,351,181,2
2026-10-09,10,10072,0,7,68_2,11,3623,430,256,7
2026-10-09,10,10072,0,8,67_2,11,3048,381,207,4
2026-10-09,10,10072,0,9,65_2,13,5226,504,326,13
2026-10-09,10,10072,0,10,204_2,14,5190,465,291,11
2026-10-09,10,10072,0,11,255_2,15,6257,526,307,15
2026-10-09,10,10072,0,12,205_2,17,6590,493,283,16
2026-10-09,10,10072,0,13,206_2,18,6935,493,244,17
2026-10-09,10,10072,0,14,863_3,23,7442,479,160,14
2026-10-09,10,10072,0,15,209_2,33,13547,568,319,33
2026-10-09,10,10072,0,16,210_2,35,15368,601,351,35
2026-10-09,10,10072,0,17,211_2,33,13798,591,322,33
2026-10-09,10,10072,0,18,212_2,38,17001,636,335,38
2026-10-09,10,10072,0,19,615_2,38,18825,689,382,38
2026-10-09,10,10072,0,20,7213_2,41,18185,620,328,41
2026-10-09,10,10072,0,21,214_2,42,13950,512,211,23
2026-10-09,10,10072,0,22,215_2,42,13914,498,210,25
2026-10-09,10,10072,0,23,216_2,44,15788,511,237,36
2026-10-09,10,10072,0,24,752_2,44,15219,490,223,28
2026-10-09,10,10072,0,25,7217_2,45,13205,434,150,19
2026-10-09,10,10072,0,26,422_1,46,16396,522,203,36
2026-10-09,10,10072,0,27,421_1,46,17401,534,220,38
2026-10-09,10,10072,0,28,6163_1,47,19063,572,244,41
2026-10-09,10,10072,0,29,419_1,48,19607,570,255,44
2026-10-09,10,10072,0,30,418_1,56,29370,1067,297,55
2026-10-09,10,10072,0,31,440_1,63,42033,1240,375,63
2026-10-09,10,10072,0,32,6236_1,67,54283,1365,468,67
2026-10-09,10,10072,0,33,6109_1,62,45876,1325,380,62
2026-10-09,10,10072,1,2,6236_2,1,72,72,72,0
2026-10-09,10,10072,1,3,440_2,2,169,92,77,0
2026-10-09,10,10072,1,4,418_2,3,544,190,175,0
2026-10-09,10,10072,1,5,419_2,4,868,306,181,1
2026-10-09,10,10072,1,6,6163_2,4,892,312,187,1
2026-10-09,10,10072,1,7,421_2,4,936,323,198,1
2026-10-09,10,10072,1,8,422_2,4,816,293,168,0
2026-10-09,10,10072,1,9,7217_1,10,1935,253,119,0
2026-10-09,10,10072,1,10,752_1,11,2407,283,136,0
2026-10-09,10,10072,1,11,216_1,12,2725,305,123,1
2026-10-09,10,10072,1,12,215_1,14,3015,300,103,1
2026-10-09,10,10072,1,13,214_1,14,2995,301,100,1
2026-10-09,10,10072,1,14,7213_1,15,3244,304,103,1
2026-10-09,10,10072,1,15,615_1,16,4415,358,168,6
2026-10-09,10,10072,1,16,212_1,17,4501,340,157,6
2026-10-09,10,10072,1,17,211_1,19,6239,403,212,15
2026-10-09,10,10072,1,18,210_1,20,9023,583,345,20
2026-10-09,10,10072,1,19,209_1,22,13565,735,476,22
2026-10-09,10,10072,1,20,863_1,20,11400,695,429,20
2026-10-09,10,10072,1,21,206_1,21,11999,696,438,21
2026-10-09,10,10072,1,22,205_1,22,11211,634,385,22
2026-10-09,10,10072,1,23,255_1,22,11284,635,399,22
2026-10-09,10,10072,1,24,204_1,23,12235,657,419,23
2026-10-09,10,10072,1,25,65_1,24,13285,668,456,24
2026-10-09,10,10072,1,26,67_1,19,12284,735,523,19
2026-10-09,10,10072,1,27,68_1,19,13279,788,576,19
2026-10-09,10,10072,1,28,69_1,19,11542,697,482,19
2026-10-09,10,10072,1,29,55_1,18,10252,678,441,18
2026-10-09,10,10072,1,30,56_1,19,10780,678,445,19
2026-10-09,10,10072,1,31,57_1,19,10801,678,448,19
2026-10-09,10,10072,1,32,59_1,20,11774,696,461,20
2026-10-09,10,10072,1,33,61_2,20,11684,702,452,20
2026-10-09,10,10075,1,20,67_1,7,3878,576,517,7
2026-10-09,10,10075,1,21,68_1,7,4235,627,568,7
2026-10-09,10,10075,1,22,69_1,19,6919,540,245,9
2026-10-09,10,10075,1,23,55_1,20,6504,472,194,8
2026-10-09,10,10075,1,24,56_1,22,7326,476,208,12
2026-10-09,10,10075,1,25,57_1,25,8446,479,218,17
2026-10-09,10,10075,1,26,59_1,26,8739,492,231,15
2026-10-09,10,10075,1,27,61_2,27,8239,483,198,11
2026-10-09,10,10080,1,1,6079_1,1,0,0,0,0
2026-10-09,10,10080,1,2,6035_1,2,372,187,185,0
2026-10-09,10,10080,1,3,6180_1,2,254,128,126,0
2026-10-09,10,10080,1,4,6112_1,3,378,150,113,0
2026-10-09,10,10080,1,5,6168_1,3,381,151,114,0
2026-10-09,10,10080,1,6,426_1,3,381,151,114,0
2026-10-09,10,10080,1,7,425_3,3,402,158,121,0
2026-10-09,10,10080,1,8,424_1,3,585,219,182,0
2026-10-09,10,10080,1,9,423_1,3,522,198,161,0
2026-10-09,10,10080,1,10,422_1,3,534,202,165,0
2026-10-09,10,10080,1,11,421_3,3,420,164,127,0
2026-10-09,10,10082,0,7,427_1,1,387,387,387,1
2026-10-09,10,10082,0,8,428_1,6,1920,387,242,4
2026-10-09,10,10082,0,9,427_2,7,2275,387,242,5
2026-10-09,10,10082,0,10,6168_2,8,2746,471,242,6
2026-10-09,10,10082,0,11,6112_2,9,2809,471,63,6
2026-10-09,10,10082,0,12,6180_2,12,3304,511,0,7
2026-10-09,10,10082,0,13,6035_2,13,4165,597,66,9
2026-10-09,10,10082,0,14,6079_1,13,4504,707,0,9
2026-10-09,11,10002,1,22,534_2,1,18,18,18,0
2026-10-09,11,10002,1,23,59_3,1,5,5,5,0
2026-10-09,11,10002,1,24,61_3,1,0,0,0,0
2026-10-09,11,10032,0,20,446_4,2,519,261,258,0
2026-10-09,11,10032,0,21,6161_2,3,692,246,203,0
2026-10-09,11,10032,0,22,6001_2,5,1130,264,181,0
2026-10-09,11,10032,0,23,6160_2,9,1733,275,140,0
2026-10-09,11,10032,0,24,6162_2,9,1760,276,141,0
2026-10-09,11,10032,0,25,6041_2,9,2064,312,177,1
2026-10-09,11,10032,0,26,243_2,9,1933,297,162,0
2026-10-09,11,10032,0,27,6228_2,9,2086,314,179,1
2026-10-09,11,10032,0,28,95_2,8,1603,278,143,0
2026-10-09,11,10032,0,29,94_3,8,1267,236,101,0
2026-10-09,11,10032,0,30,93_2,8,915,192,57,0
2026-10-09,11,10032,0,31,6016_2,9,1153,206,71,0
2026-10-09,11,10032,0,32,91_1,8,401,117,0,0
2026-10-09,11,10032,0,33,6016_1,8,673,151,34,0
2026-10-09,11,10032,0,34,93_1,9,635,135,18,0
2026-10-09,11,10032,0,35,94_1,8,771,156,39,0
2026-10-09,11,10032,0,36,6242_1,9,699,139,22,0
2026-10-09,11,10032,0,37,6064_1,9,503,112,0,0
2026-10-09,11,10032,0,38,6255_2,9,881,154,42,0
2026-10-09,11,10032,0,39,6256_2,9,1177,202,69,0
2026-10-09,11,10032,0,40,6094_2,9,947,172,47,0
2026-10-09,11,10032,0,41,6244_2,9,592,132,8,0
2026-10-09,11,10032,0,42,6257_2,9,509,137,0,0
2026-10-09,11,10032,0,43,6240_2,9,941,199,41,0
2026-10-09,11,10032,0,44,6258_2,9,863,193,35,0
2026-10-09,11,10032,0,45,6225_2,9,659,173,15,0
2026-10-09,11,10032,0,46,6181_2,9,642,170,12,0
2026-10-09,11,10032,0,47,6246_2,9,867,195,37,0
2026-10-09,11,10032,0,48,6206_2,9,741,181,23,0
2026-10-09,11,10032,0,49,6176_2,9,768,184,26,0
2026-10-09,11,10032,0,50,6200_3,9,1227,235,77,0
2026-10-09,11,10032,0,51,6042_2,9,939,203,45,0
2026-10-09,11,10032,0,52,6031_2,9,678,174,16,0
2026-10-09,11,10032,0,53,6039_1,5,245,115,0,0
2026-10-09,11,10032,1,48,72_2,3,1957,684,614,3
2026-10-09,11,10032,1,49,55_1,16,8628,705,428,16
2026-10-09,11,10032,1,50,56_1,16,8378,709,388,16
2026-10-09,11,10032,1,51,57_1,18,9486,712,391,18
2026-10-09,11,10032,1,52,59_1,23,10769,725,157,18
2026-10-09,11,10032,1,53,61_1,23,8063,638,70,15
2026-10-09,11,10047,1,28,446_3,1,369,369,369,1
2026-10-09,11,10047,1,29,6166_1,1,397,397,397,1
2026-10-09,11,10047,1,30,6143_1,1,380,380,380,1
2026-10-09,11,10047,1,31,6241_1,1,376,376,376,1
2026-10-09,11,10047,1,32,9_2,1,294,294,294,0
2026-10-09,11,10047,1,33,6057_1,1,285,285,285,0
2026-10-09,11,10047,1,34,6069_1,1,310,310,310,1
2026-10-09,11,10047,1,35,6102_1,1,329,329,329,1
2026-10-09,11,10047,1,36,6070_2,1,291,291,291,0
2026-10-09,11,10047,1,37,393_1,1,354,354,354,1
2026-10-09,11,10047,1,38,114_1,1,331,331,331,1
2026-10-09,11,10047,1,39,114_3,1,400,400,400,1
2026-10-09,11,10047,1,40,3_1,1,561,561,561,1
2026-10-09,11,10047,1,41,73_1,1,471,471,471,1
2026-10-09,11,10047,1,42,72_2,1,450,450,450,1
2026-10-09,11,10047,1,43,55_1,1,430,430,430,1
2026-10-09,11,10047,1,44,56_1,1,430,430,430,1
2026-10-09,11,10047,1,45,57_1,1,430,430,430,1
2026-10-09,11,10047,1,46,59_1,1,448,448,448,1
2026-10-09,11,10047,1,47,61_1,1,276,276,276,0
2026-10-09,11,10053,1,42,6043_1,1,255,255,255,0
2026-10-09,11,10053,1,43,6020_1,15,2458,255,121,0
2026-10-09,11,10053,1,44,6106_1,19,3081,258,74,0
2026-10-09,11,10053,1,45,6134_1,20,3124,255,46,0
2026-10-09,11,10053,1,46,6196_1,21,4120,299,87,0
2026-10-09,11,10053,1,47,6263_1,19,3379,281,69,0
2026-10-09,11,10053,1,48,6260_1,19,3379,281,69,0
2026-10-09,11,10053,1,49,7475_2,19,3379,281,69,0
2026-10-09,11,10053,1,50,474_1,19,3379,281,69,0
2026-10-09,11,10053,1,51,473_1,19,3170,280,36,0
2026-10-09,11,10053,1,52,472_1,19,3818,296,104,0
2026-10-09,11,10053,1,53,7471_1,19,3818,296,104,0
2026-10-09,11,10053,1,54,39_1,19,3818,296,104,0
2026-10-09,11,10053,1,55,40_1,19,3818,296,104,0
2026-10-09,11,10053,1,56,21_1,19,3818,296,104,0
2026-10-09,11,10053,1,57,42_1,19,3818,296,104,0
2026-10-09,11,10053,1,58,43_1,19,3818,296,104,0
2026-10-09,11,10053,1,59,44_1,19,3818,296,104,0
2026-10-09,11,10053,1,60,18_1,19,3818,296,104,0
2026-10-09,11,10053,1,61,17_1,19,3818,296,104,0
2026-10-09,11,10053,1,62,16_1,19,3818,296,104,0
2026-10-09,11,10053,1,63,15_1,19,3818,296,104,0
2026-10-09,11,10053,1,64,14_1,19,3818,296,104,0
2026-10-09,11,10053,1,65,448_1,19,3818,296,104,0
2026-10-09,11,10053,1,66,447_1,19,3818,296,104,0
2026-10-09,11,10053,1,67,6158_1,19,4008,306,114,1
2026-10-09,11,10053,1,68,446_3,19,4008,306,114,1
2026-10-09,11,10053,1,69,6166_1,21,4526,303,113,1
2026-10-09,11,10053,1,70,6143_1,21,4345,289,112,0
2026-10-09,11,10053,1,71,6241_1,20,3893,278,100,0
2026-10-09,11,10053,1,72,9_1,20,3893,278,100,0
2026-10-09,11,10060,1,29,5_1,4,227,69,32,0
2026-10-09,11,10060,1,30,4_1,4,331,95,58,0
2026-10-09,11,10060,1,31,6059_1,4,547,149,112,0
2026-10-09,11,10060,1,32,3_1,4,547,149,112,0
2026-10-09,11,10060,1,33,73_1,4,237,81,47,0
2026-10-09,11,10060,1,34,128_1,5,742,377,79,1
2026-10-09,11,10060,1,35,114_5,4,428,272,0,0
2026-10-09,11,10061,0,25,6013_2,3,132,79,10,0
2026-10-09,11,10061,0,26,6212_2,3,156,87,18,0
2026-10-09,11,10061,0,27,6205_2,3,170,87,25,0
2026-10-09,11,10061,0,28,6187_3,3,228,109,39,0
2026-10-09,11,10061,0,29,6011_4,3,368,161,75,0
2026-10-09,11,10061,0,30,6017_2,4,1060,638,93,1
2026-10-09,11,10061,0,31,6172_2,4,1051,635,91,1
2026-10-09,11,10061,0,32,6067_2,5,1514,627,86,2
2026-10-09,11,10061,0,33,6248_2,5,1510,607,98,2
2026-10-09,11,10061,0,34,6249_2,6,1836,606,80,3
2026-10-09,11,10061,0,35,6015_2,8,2071,553,24,3
2026-10-09,11,10068,0,33,216_2,1,505,505,505,1
2026-10-09,11,10068,0,34,752_2,2,881,500,381,2
2026-10-09,11,10068,0,35,7217_2,5,1573,450,243,3
2026-10-09,11,10068,0,36,422_1,7,2608,538,295,6
2026-10-09,11,10068,0,37,421_1,12,3353,550,85,7
2026-10-09,11,10068,0,38,6163_1,12,3743,588,117,7
2026-10-09,11,10068,0,39,419_1,12,3732,586,108,7
2026-10-09,11,10068,0,40,418_1,12,4329,633,155,7
2026-10-09,11,10068,0,41,440_1,12,5476,723,248,10
2026-10-09,11,10068,0,42,6236_1,12,7207,938,382,12
2026-10-09,11,10068,0,43,6109_1,12,6019,838,284,11
2026-10-09,11,10068,1,38,4_4,8,4678,624,547,8
2026-10-09,11,10068,1,39,6059_1,14,6757,584,368,14
2026-10-09,11,10068,1,40,3_1,16,8347,644,368,16
2026-10-09,11,10068,1,41,73_1,16,7215,579,281,14
2026-10-09,11,10068,1,42,128_1,16,8033,711,323,16
2026-10-09,11,10068,1,43,114_5,16,3112,426,0,3
2026-10-09,11,10072,0,15,209_2,3,986,373,251,2
2026-10-09,11,10072,0,16,210_2,3,1136,423,301,3
2026-10-09,11,10072,0,17,211_2,3,1061,398,276,2
2026-10-09,11,10072,0,18,212_2,3,1139,424,302,3
2026-10-09,11,10072,0,19,615_2,3,1247,460,338,3
2026-10-09,11,10072,0,20,7213_2,3,1142,425,303,3
2026-10-09,11,10072,0,21,214_2,3,952,373,262,2
2026-10-09,11,10072,0,22,215_2,3,945,369,263,2
2026-10-09,11,10072,0,23,216_2,3,993,385,279,2
2026-10-09,11,10072,0,24,752_2,3,1008,390,284,2
2026-10-09,11,10072,0,25,7217_2,3,825,329,223,1
2026-10-09,11,10072,0,26,422_1,3,987,383,277,2
2026-10-09,11,10072,0,27,421_1,3,1038,400,294,2
2026-10-09,11,10072,0,28,6163_1,3,1134,432,326,3
2026-10-09,11,10072,0,29,419_1,3,1107,423,317,3
2026-10-09,11,10072,0,30,418_1,3,1248,470,364,3
2026-10-09,11,10072,0,31,440_1,3,1527,563,457,3
2026-10-09,11,10072,0,32,6236_1,10,7609,925,591,10
2026-10-09,11,10072,0,33,6109_1,18,11404,825,493,18
2026-10-09,11,10072,1,25,65_1,1,562,562,562,1
2026-10-09,11,10072,1,26,67_1,6,3508,629,565,6
2026-10-09,11,10072,1,27,68_1,6,3826,682,618,6
2026-10-09,11,10072,1,28,69_1,6,3262,588,524,6
2026-10-09,11,10072,1,29,55_1,6,3166,572,508,6
2026-10-09,11,10072,1,30,56_1,6,3166,572,508,6
2026-10-09,11,10072,1,31,57_1,6,3166,572,508,6
2026-10-09,11,10072,1,32,59_1,6,3274,590,526,6
2026-10-09,11,10072,1,33,61_2,6,3310,596,532,6
