date,hour,route_id,direction_id,stop_sequence,stop_id,n_obs,sum_delay,max_delay,min_delay,n_late5
2026-10-01,9,10001,1,6,720_1,1,158,158,158,0
2026-10-01,9,10001,1,7,719_1,1,149,149,149,0
2026-10-01,9,10001,1,8,718_1,2,351,200,151,0
2026-10-01,9,10001,1,9,7717_1,3,599,241,166,0
2026-10-01,9,10001,1,10,765_1,4,776,229,163,0
2026-10-01,9,10001,1,11,610_1,4,699,209,144,0
2026-10-01,9,10001,1,12,609_1,4,841,239,185,0
2026-10-01,9,10001,1,13,608_1,3,606,233,179,0
2026-10-01,9,10001,1,14,607_1,4,893,251,197,0
2026-10-01,9,10001,1,15,606_1,4,672,195,142,0
2026-10-01,9,10001,1,16,249_1,4,726,209,156,0
2026-10-01,9,10001,1,17,250_1,4,706,205,152,0
2026-10-01,9,10001,1,18,251_1,4,570,171,118,0
2026-10-01,9,10001,1,19,152_1,4,598,178,125,0
2026-10-01,9,10001,1,20,200_1,4,802,229,176,0
2026-10-01,9,10001,1,21,184_1,4,1062,294,241,0
2026-10-01,9,10001,1,22,201_1,4,1306,355,302,4
2026-10-01,9,10001,1,23,51_1,4,1514,407,354,4
2026-10-01,9,10001,1,24,202_1,4,1658,443,390,4
2026-10-01,9,10001,1,25,5_4,4,1754,467,414,4
2026-10-01,9,10001,1,26,6070_3,4,1566,420,367,4
2026-10-01,9,10002,1,2,445_2,1,0,0,0,0
2026-10-01,9,10002,1,3,451_1,1,0,0,0,0
2026-10-01,9,10002,1,4,452_1,1,0,0,0,0
2026-10-01,9,10002,1,5,906_1,1,0,0,0,0
2026-10-01,9,10002,1,6,75_2,1,0,0,0,0
2026-10-01,9,10002,1,7,453_1,1,44,44,44,0
2026-10-01,9,10002,1,8,454_1,1,28,28,28,0
2026-10-01,9,10002,1,9,455_1,1,0,0,0,0
2026-10-01,9,10002,1,10,456_1,1,0,0,0,0
2026-10-01,9,10002,1,11,905_2,1,35,35,35,0
2026-10-01,9,10002,1,12,113_2,1,101,101,101,0
2026-10-01,9,10002,1,13,203_1,1,14,14,14,0
2026-10-01,9,10002,1,14,127_1,1,26,26,26,0
2026-10-01,9,10002,1,15,126_1,1,0,0,0,0
2026-10-01,9,10002,1,16,125_1,1,0,0,0,0
2026-10-01,9,10002,1,17,124_1,1,0,0,0,0
2026-10-01,9,10002,1,18,123_1,1,13,13,13,0
2026-10-01,9,10002,1,19,122_1,1,95,95,95,0
2026-10-01,9,10002,1,20,910_2,1,56,56,56,0
2026-10-01,9,10002,1,21,256_2,1,0,0,0,0
2026-10-01,9,10002,1,22,534_2,1,0,0,0,0
2026-10-01,9,10002,1,23,59_3,1,0,0,0,0
2026-10-01,9,10002,1,24,61_3,1,0,0,0,0
2026-10-01,9,10032,0,1,61_1,1,0,0,0,0
2026-10-01,9,10032,0,2,59_4,2,66,66,0,0
2026-10-01,9,10032,0,3,57_2,2,74,70,4,0
2026-10-01,9,10032,0,4,56_2,2,112,89,23,0
2026-10-01,9,10032,0,5,55_2,2,344,205,139,0
2026-10-01,9,10032,0,6,72_1,2,240,153,87,0
2026-10-01,9,10032,0,7,73_2,2,208,137,71,0
2026-10-01,9,10032,0,8,73_3,2,286,176,110,0
2026-10-01,9,10032,0,9,3_2,2,284,175,109,0
2026-10-01,9,10032,0,10,114_4,2,11,11,0,0
2026-10-01,9,10032,0,11,393_2,2,19,15,4,0
2026-10-01,9,10032,0,12,6070_3,2,7,7,0,0
2026-10-01,9,10032,0,13,6102_2,1,0,0,0,0
2026-10-01,9,10032,0,14,6069_2,1,0,0,0,0
2026-10-01,9,10032,0,15,6057_2,1,0,0,0,0
2026-10-01,9,10032,0,16,9_5,1,0,0,0,0
2026-10-01,9,10032,0,17,6241_2,1,72,72,72,0
2026-10-01,9,10032,0,18,6143_2,1,54,54,54,0
2026-10-01,9,10032,0,19,6166_2,1,36,36,36,0
2026-10-01,9,10032,0,20,446_4,1,0,0,0,0
2026-10-01,9,10032,0,21,6161_2,1,0,0,0,0
2026-10-01,9,10032,0,22,6001_2,1,27,27,27,0
2026-10-01,9,10032,0,23,6160_2,1,24,24,24,0
2026-10-01,9,10032,0,24,6162_2,1,28,28,28,0
2026-10-01,9,10032,0,25,6041_2,1,60,60,60,0
2026-10-01,9,10032,0,26,243_2,1,39,39,39,0
2026-10-01,9,10032,0,27,6228_2,1,41,41,41,0
2026-10-01,9,10032,0,28,95_2,1,0,0,0,0
2026-10-01,9,10032,0,29,94_3,1,28,28,28,0
2026-10-01,9,10032,0,35,94_1,1,193,193,193,0
2026-10-01,9,10032,0,36,6242_1,1,199,199,199,0
2026-10-01,9,10032,0,37,6064_1,2,237,168,69,0
2026-10-01,9,10032,0,38,6255_2,3,500,233,133,0
2026-10-01,9,10032,0,39,6256_2,3,557,252,152,0
2026-10-01,9,10032,0,40,6094_2,3,521,240,140,0
2026-10-01,9,10032,0,41,6244_2,3,416,205,105,0
2026-10-01,9,10032,0,42,6257_2,3,389,196,96,0
2026-10-01,9,10032,0,43,6240_2,3,470,223,123,0
2026-10-01,9,10032,0,44,6258_2,3,560,253,153,0
2026-10-01,9,10032,0,45,6225_2,3,515,238,138,0
2026-10-01,9,10032,0,46,6181_2,3,488,229,129,0
2026-10-01,9,10032,0,47,6246_2,3,665,288,188,0
2026-10-01,9,10032,0,48,6206_2,3,626,275,175,0
2026-10-01,9,10032,0,49,6176_2,3,677,292,192,0
2026-10-01,9,10032,0,50,6200_3,3,770,323,223,1
2026-10-01,9,10032,0,51,6042_2,2,477,288,189,0
2026-10-01,9,10032,0,52,6031_2,2,399,249,150,0
2026-10-01,9,10032,0,53,6039_1,3,590,258,159,0
2026-10-01,9,10032,1,21,6016_2,1,126,126,126,0
2026-10-01,9,10032,1,22,91_4,2,292,149,143,0
2026-10-01,9,10032,1,23,6016_1,3,473,207,65,0
2026-10-01,9,10032,1,24,93_1,3,425,191,49,0
2026-10-01,9,10032,1,25,94_2,4,467,196,27,0
2026-10-01,9,10032,1,26,95_1,4,433,189,20,0
2026-10-01,9,10032,1,27,6228_1,4,600,233,57,0
2026-10-01,9,10032,1,28,243_1,4,688,262,72,0
2026-10-01,9,10032,1,29,6041_1,4,805,290,105,0
2026-10-01,9,10032,1,30,6162_1,4,686,260,76,0
2026-10-01,9,10032,1,31,6160_1,4,798,288,104,0
2026-10-01,9,10032,1,32,6001_1,4,758,278,94,0
2026-10-01,9,10032,1,33,6161_1,4,754,277,93,0
2026-10-01,9,10032,1,34,446_3,4,770,281,97,0
2026-10-01,9,10032,1,35,6166_1,4,858,303,119,1
2026-10-01,9,10032,1,36,6143_1,4,750,276,92,0
2026-10-01,9,10032,1,37,6241_1,4,746,275,91,0
2026-10-01,9,10032,1,38,9_2,4,585,240,49,0
2026-10-01,9,10032,1,39,6057_1,4,557,233,42,0
2026-10-01,9,10032,1,40,6069_1,4,653,257,66,0
2026-10-01,9,10032,1,41,6102_1,4,661,259,68,0
2026-10-01,9,10032,1,42,6070_2,4,553,232,41,0
2026-10-01,9,10032,1,43,393_1,4,719,266,89,0
2026-10-01,9,10032,1,44,114_1,4,399,197,0,0
2026-10-01,9,10032,1,45,114_3,4,603,255,30,0
2026-10-01,9,10032,1,46,3_1,4,1109,382,156,2
2026-10-01,9,10032,1,47,73_1,4,753,293,67,0
2026-10-01,9,10032,1,48,72_2,4,1073,373,147,2
2026-10-01,9,10032,1,49,55_1,4,1025,361,135,2
2026-10-01,9,10032,1,50,56_1,4,1044,365,139,2
2026-10-01,9,10032,1,51,57_1,2,340,212,128,0
2026-10-01,9,10032,1,52,59_1,1,161,161,161,0
2026-10-01,9,10032,1,53,61_1,1,579,579,579,1
2026-10-01,9,10047,0,11,393_2,1,12,12,12,0
2026-10-01,9,10047,0,12,6070_3,1,12,12,12,0
2026-10-01,9,10047,0,13,6102_2,1,0,0,0,0
2026-10-01,9,10047,0,14,6069_2,1,0,0,0,0
2026-10-01,9,10047,0,15,6057_2,1,0,0,0,0
2026-10-01,9,10047,0,16,9_5,1,0,0,0,0
2026-10-01,9,10047,0,17,6241_2,1,72,72,72,0
2026-10-01,9,10047,0,18,6143_2,1,54,54,54,0
2026-10-01,9,10047,0,19,6166_2,1,36,36,36,0
2026-10-01,9,10047,0,20,446_4,1,0,0,0,0
2026-10-01,9,10047,0,21,6161_2,1,0,0,0,0
2026-10-01,9,10047,0,22,6001_2,1,27,27,27,0
2026-10-01,9,10047,0,23,6160_2,1,24,24,24,0
2026-10-01,9,10047,0,24,6162_2,1,28,28,28,0
2026-10-01,9,10047,0,25,6041_2,1,60,60,60,0
2026-10-01,9,10047,0,26,243_2,1,39,39,39,0
2026-10-01,9,10047,0,27,6228_2,1,41,41,41,0
2026-10-01,9,10047,0,28,95_2,1,0,0,0,0
2026-10-01,9,10047,0,29,94_3,1,28,28,28,0
2026-10-01,9,10047,0,30,6242_1,1,86,86,86,0
2026-10-01,9,10047,0,31,6064_1,2,109,55,54,0
2026-10-01,9,10047,0,32,6255_2,3,357,120,118,0
2026-10-01,9,10047,0,33,6256_2,3,414,139,137,0
2026-10-01,9,10047,0,34,6094_2,3,378,127,125,0
2026-10-01,9,10047,0,35,6244_2,3,273,92,90,0
2026-10-01,9,10047,0,36,6257_2,3,246,83,81,0
2026-10-01,9,10047,0,37,6240_2,3,327,110,108,0
2026-10-01,9,10047,0,38,6258_2,3,417,140,138,0
2026-10-01,9,10047,0,39,6225_2,3,372,125,123,0
2026-10-01,9,10047,0,40,6181_2,3,345,116,114,0
2026-10-01,9,10047,0,41,6246_2,3,522,175,173,0
2026-10-01,9,10047,0,42,6206_2,3,483,162,160,0
2026-10-01,9,10047,0,43,6176_2,3,534,179,177,0
2026-10-01,9,10047,0,44,6200_3,3,627,210,208,0
2026-10-01,9,10047,0,45,6042_2,2,349,175,174,0
2026-10-01,9,10047,0,46,6031_2,2,271,136,135,0
2026-10-01,9,10047,0,47,6039_1,2,303,158,145,0
2026-10-01,9,10047,1,37,393_1,1,120,120,120,0
2026-10-01,9,10047,1,38,114_1,2,141,90,51,0
2026-10-01,9,10047,1,39,114_3,3,369,148,109,0
2026-10-01,9,10047,1,40,3_1,4,955,275,206,0
2026-10-01,9,10047,1,41,73_1,4,599,186,117,0
2026-10-01,9,10047,1,42,72_2,4,919,266,197,0
2026-10-01,9,10047,1,43,55_1,4,871,254,185,0
2026-10-01,9,10047,1,44,56_1,4,890,258,189,0
2026-10-01,9,10047,1,45,57_1,4,963,286,178,0
2026-10-01,9,10047,1,46,59_1,4,1095,319,211,1
2026-10-01,9,10047,1,47,61_1,4,699,230,122,0
2026-10-01,9,10049,0,24,6105_2,1,290,290,290,0
2026-10-01,9,10049,0,25,6105_1,1,300,300,300,1
2026-10-01,9,10049,0,26,6141_1,1,300,300,300,1
2026-10-01,9,10049,0,27,6099_1,2,541,300,241,1
2026-10-01,9,10049,0,28,6022_1,3,734,300,193,1
2026-10-01,9,10049,0,29,6040_1,3,734,300,193,1
2026-10-01,9,10049,0,30,6039_1,3,734,300,193,1
2026-10-01,9,10049,1,4,6200_1,1,62,62,62,0
2026-10-01,9,10049,1,5,6176_1,1,67,67,67,0
2026-10-01,9,10049,1,6,6206_1,2,186,103,83,0
2026-10-01,9,10049,1,7,6246_1,2,274,147,127,0
2026-10-01,9,10049,1,8,6181_1,3,353,140,93,0
2026-10-01,9,10049,1,9,6225_1,3,350,139,92,0
2026-10-01,9,10049,1,10,6258_1,3,287,118,71,0
2026-10-01,9,10049,1,11,6240_1,3,284,117,70,0
2026-10-01,9,10049,1,12,6257_1,3,371,146,99,0
2026-10-01,9,10049,1,13,6244_1,3,383,150,103,0
2026-10-01,9,10049,1,14,6094_1,3,332,133,86,0
2026-10-01,9,10049,1,15,6256_1,3,299,122,75,0
2026-10-01,9,10049,1,16,6255_1,3,146,71,24,0
2026-10-01,9,10049,1,17,6064_2,3,278,115,68,0
2026-10-01,9,10049,1,18,6242_2,3,311,126,79,0
2026-10-01,9,10049,1,19,94_4,3,371,146,99,0
2026-10-01,9,10049,1,20,93_2,3,436,166,119,0
2026-10-01,9,10049,1,21,6016_2,3,449,171,124,0
2026-10-01,9,10049,1,22,91_1,3,701,255,208,0
2026-10-01,9,10050,0,7,6187_3,1,129,129,129,0
2026-10-01,9,10050,0,8,6011_2,1,201,201,201,0
2026-10-01,9,10050,0,9,6018_2,2,405,227,178,0
2026-10-01,9,10050,0,10,6190_2,2,457,253,204,0
2026-10-01,9,10050,0,11,6171_2,2,391,220,171,0
2026-10-01,9,10050,0,12,6014_3,3,168,82,33,0
2026-10-01,9,10050,1,7,6205_1,1,5,5,5,0
2026-10-01,9,10050,1,8,6212_1,1,10,10,10,0
2026-10-01,9,10050,1,9,6013_1,1,0,0,0,0
2026-10-01,9,10050,1,10,93_2,2,40,23,17,0
2026-10-01,9,10050,1,11,6016_2,3,70,28,20,0
2026-10-01,9,10050,1,12,91_4,3,76,39,0,0
2026-10-01,9,10051,1,1,6015_1,1,0,0,0,0
2026-10-01,9,10051,1,2,6249_1,2,68,42,26,0
2026-10-01,9,10051,1,3,6248_1,2,57,32,25,0
2026-10-01,9,10051,1,4,6067_1,1,0,0,0,0
2026-10-01,9,10051,1,5,6172_1,2,44,24,20,0
2026-10-01,9,10051,1,6,6017_1,2,30,17,13,0
2026-10-01,9,10051,1,7,6011_1,2,58,31,27,0
2026-10-01,9,10051,1,8,6187_2,2,178,91,87,0
2026-10-01,9,10051,1,9,6205_1,3,270,95,84,0
2026-10-01,9,10051,1,10,6212_1,3,269,92,88,0
2026-10-01,9,10051,1,11,6013_1,4,275,76,62,0
2026-10-01,9,10051,1,12,93_2,4,343,93,79,0
2026-10-01,9,10051,1,13,6016_2,4,361,98,82,0
2026-10-01,9,10051,1,14,91_4,4,425,164,49,0
2026-10-01,9,10053,0,71,6278_9,1,0,0,0,0
2026-10-01,9,10053,0,72,6350_1,1,0,0,0,0
2026-10-01,9,10054,0,3,6402_9,1,1,1,1,0
2026-10-01,9,10054,0,4,6271_9,1,1,1,1,0
2026-10-01,9,10054,0,5,6292_1,1,0,0,0,0
2026-10-01,9,10054,1,1,6292_1,1,0,0,0,0
2026-10-01,9,10054,1,2,6271_1,1,10,10,10,0
2026-10-01,9,10054,1,3,6402_1,1,10,10,10,0
2026-10-01,9,10054,1,4,6403_1,2,75,55,20,0
2026-10-01,9,10054,1,5,6293_1,2,75,55,20,0
2026-10-01,9,10055,0,19,6020_9,1,282,282,282,0
2026-10-01,9,10055,0,20,6019_1,1,217,217,217,0
2026-10-01,9,10055,0,21,6148_2,1,209,209,209,0
2026-10-01,9,10055,0,22,6036_2,2,423,241,182,0
2026-10-01,9,10055,0,23,6150_2,3,544,221,161,0
2026-10-01,9,10055,0,24,6122_9,3,592,237,177,0
2026-10-01,9,10055,0,25,6147_2,3,619,246,186,0
2026-10-01,9,10055,0,26,6145_1,4,788,246,169,0
2026-10-01,9,10055,0,27,6144_1,4,744,235,158,0
2026-10-01,9,10055,0,28,6149_1,4,660,214,137,0
2026-10-01,9,10055,0,29,6149_9,4,844,260,183,0
2026-10-01,9,10057,0,2,17_2,1,123,123,123,0
2026-10-01,9,10057,0,3,18_2,2,66,66,0,0
2026-10-01,9,10057,0,4,44_2,3,118,82,16,0
2026-10-01,9,10057,0,5,43_2,2,59,59,0,0
2026-10-01,9,10057,0,6,42_2,2,75,67,8,0
2026-10-01,9,10057,0,7,21_2,2,59,59,0,0
2026-10-01,9,10057,0,8,40_2,2,46,46,0,0
2026-10-01,9,10057,0,9,39_2,2,45,45,0,0
2026-10-01,9,10057,0,10,7471_2,2,161,103,58,0
2026-10-01,9,10057,0,11,472_2,2,235,140,95,0
2026-10-01,9,10057,0,12,473_2,2,387,216,171,0
2026-10-01,9,10057,0,13,474_2,2,435,240,195,0
2026-10-01,9,10057,0,14,7475_2,1,0,0,0,0
2026-10-01,9,10058,0,1,9_1,1,0,0,0,0
2026-10-01,9,10058,0,2,478_2,2,346,222,124,0
2026-10-01,9,10058,0,3,589_2,2,402,250,152,0
2026-10-01,9,10058,0,4,708_2,2,476,287,189,0
2026-10-01,9,10058,0,5,38_3,2,550,324,226,1
2026-10-01,9,10058,0,6,7471_2,2,912,505,407,2
2026-10-01,9,10058,0,7,472_2,2,986,542,444,2
2026-10-01,9,10058,0,8,473_2,2,1138,618,520,2
2026-10-01,9,10058,0,9,474_2,2,1186,642,544,2
2026-10-01,9,10058,0,10,7475_2,2,648,373,275,1
2026-10-01,9,10059,0,2,7841_4,1,138,138,138,0
2026-10-01,9,10059,0,3,6170_2,1,162,162,162,0
2026-10-01,9,10059,0,4,6902_2,1,175,175,175,0
2026-10-01,9,10059,0,5,6006_2,2,418,219,199,0
2026-10-01,9,10059,0,6,6229_2,3,652,232,208,0
2026-10-01,9,10059,0,7,6074_2,3,607,217,193,0
2026-10-01,9,10059,0,8,6169_2,4,703,187,163,0
2026-10-01,9,10059,0,9,6260_1,4,816,219,190,0
2026-10-01,9,10059,0,10,7475_1,6,626,124,81,0
2026-10-01,9,10059,1,7,6006_1,1,155,155,155,0
2026-10-01,9,10059,1,8,6902_1,1,200,200,200,0
2026-10-01,9,10059,1,9,6170_1,2,423,219,204,0
2026-10-01,9,10059,1,10,7841_2,3,759,261,246,0
2026-10-01,9,10059,1,11,91_3,4,516,141,117,0
2026-10-01,9,10060,0,26,6205_2,1,82,82,82,0
2026-10-01,9,10060,0,27,6187_3,1,78,78,78,0
2026-10-01,9,10060,0,28,6011_4,2,186,99,87,0
2026-10-01,9,10060,0,29,6017_2,3,263,99,76,0
2026-10-01,9,10060,0,30,6172_2,4,346,134,59,0
2026-10-01,9,10060,0,31,6067_2,4,586,194,119,0
2026-10-01,9,10060,0,32,6248_2,4,550,185,110,0
2026-10-01,9,10060,0,33,6249_2,4,534,181,106,0
2026-10-01,9,10060,0,34,6015_2,4,104,73,0,0
2026-10-01,9,10060,1,1,6015_1,1,0,0,0,0
2026-10-01,9,10060,1,2,6249_1,1,42,42,42,0
2026-10-01,9,10060,1,3,6248_1,1,32,32,32,0
2026-10-01,9,10060,1,4,6067_1,1,0,0,0,0
2026-10-01,9,10060,1,5,6172_1,1,24,24,24,0
2026-10-01,9,10060,1,6,6017_1,2,32,17,15,0
2026-10-01,9,10060,1,7,6011_1,2,60,31,29,0
2026-10-01,9,10060,1,8,6187_2,2,180,91,89,0
2026-10-01,9,10060,1,9,6205_1,3,272,95,84,0
2026-10-01,9,10060,1,10,6212_1,3,271,92,89,0
2026-10-01,9,10060,1,11,6013_1,4,277,76,62,0
2026-10-01,9,10060,1,12,94_2,4,37,16,2,0
2026-10-01,9,10060,1,13,95_1,4,16,9,0,0
2026-10-01,9,10060,1,14,6228_1,5,239,56,37,0
2026-10-01,9,10060,1,15,243_1,6,420,85,59,0
2026-10-01,9,10060,1,16,6041_1,7,669,113,76,0
2026-10-01,9,10060,1,17,6162_1,7,460,83,46,0
2026-10-01,9,10060,1,18,6160_1,8,744,111,74,0
2026-10-01,9,10060,1,19,6001_1,8,664,101,64,0
2026-10-01,9,10060,1,20,6161_1,8,656,100,63,0
2026-10-01,9,10060,1,21,446_3,8,688,104,67,0
2026-10-01,9,10060,1,22,6166_1,8,864,126,89,0
2026-10-01,9,10060,1,23,6143_1,8,648,99,62,0
2026-10-01,9,10060,1,24,6241_1,8,640,98,61,0
2026-10-01,9,10060,1,25,9_2,9,453,135,19,0
2026-10-01,9,10060,1,26,8_3,9,427,117,0,0
2026-10-01,9,10060,1,27,6_1,11,572,130,13,0
2026-10-01,9,10060,1,28,902_1,12,791,142,25,0
2026-10-01,9,10060,1,29,5_1,8,303,92,0,0
2026-10-01,9,10060,1,30,4_1,8,575,126,34,0
2026-10-01,9,10060,1,31,6059_1,8,1423,232,140,0
2026-10-01,9,10060,1,32,3_1,8,1423,232,140,0
2026-10-01,9,10060,1,33,73_1,8,711,143,51,0
2026-10-01,9,10060,1,34,128_1,10,1037,149,57,0
2026-10-01,9,10060,1,35,114_5,2,0,0,0,0
2026-10-01,9,10061,0,3,128_1,1,57,57,57,0
2026-10-01,9,10061,0,4,114_5,1,0,0,0,0
2026-10-01,9,10061,0,5,3_3,2,197,110,87,0
2026-10-01,9,10061,0,6,4_5,2,191,107,84,0
2026-10-01,9,10061,0,7,5_3,2,279,151,128,0
2026-10-01,9,10061,0,8,902_2,4,762,291,128,0
2026-10-01,9,10061,0,9,6_2,6,1189,329,128,1
2026-10-01,9,10061,0,10,8_1,7,1479,329,128,2
2026-10-01,9,10061,0,11,9_5,8,4653,689,488,8
2026-10-01,9,10061,0,12,6241_2,8,5229,761,560,8
2026-10-01,9,10061,0,13,6143_2,8,5085,743,542,8
2026-10-01,9,10061,0,14,6166_2,8,4941,725,524,8
2026-10-01,9,10061,0,15,446_4,8,4581,680,479,8
2026-10-01,9,10061,0,16,6161_2,8,4565,678,477,8
2026-10-01,9,10061,0,17,6001_2,8,4781,705,504,8
2026-10-01,9,10061,0,18,6160_2,8,4757,702,501,8
2026-10-01,9,10061,0,19,6162_2,8,4789,706,505,8
2026-10-01,9,10061,0,20,6041_2,8,5045,738,537,8
2026-10-01,9,10061,0,21,243_2,8,4877,717,516,8
2026-10-01,9,10061,0,22,6228_2,8,4893,719,518,8
2026-10-01,9,10061,0,23,95_2,8,4445,663,462,8
2026-10-01,9,10061,0,24,94_3,8,4669,691,490,8
2026-10-01,9,10061,0,25,6013_2,8,4781,705,504,8
2026-10-01,9,10061,0,26,6212_2,8,4837,712,511,8
2026-10-01,9,10061,0,27,6205_2,7,4355,716,516,7
2026-10-01,9,10061,0,28,6187_3,8,4893,721,512,8
2026-10-01,9,10061,0,29,6011_4,8,4973,730,521,8
2026-10-01,9,10061,0,30,6017_2,8,4943,719,510,8
2026-10-01,9,10061,0,31,6172_2,8,4807,702,493,8
2026-10-01,9,10061,0,32,6067_2,8,5287,762,553,8
2026-10-01,9,10061,0,33,6248_2,8,5215,753,544,8
2026-10-01,9,10061,0,34,6249_2,8,5183,749,540,8
2026-10-01,9,10061,0,35,6015_2,7,3834,641,432,7
2026-10-01,9,10062,1,9,6074_1,1,36,36,36,0
2026-10-01,9,10062,1,10,6229_1,1,51,51,51,0
2026-10-01,9,10062,1,11,6006_1,1,69,69,69,0
2026-10-01,9,10062,1,12,6902_1,2,216,114,102,0
2026-10-01,9,10062,1,13,6170_1,3,292,118,68,0
2026-10-01,9,10062,1,14,7841_2,4,542,160,110,0
2026-10-01,9,10062,1,15,91_2,2,11,11,0,0
2026-10-01,9,10064,0,13,6020_9,1,137,137,137,0
2026-10-01,9,10064,0,14,6019_1,1,72,72,72,0
2026-10-01,9,10064,0,15,6043_9,2,22,22,0,0
2026-10-01,9,10064,0,16,6188_1,3,73,51,0,0
2026-10-01,9,10064,0,17,6073_2,4,349,111,60,0
2026-10-01,9,10064,0,18,6152_1,4,349,111,60,0
2026-10-01,9,10064,0,19,6300_2,4,349,111,60,0
2026-10-01,9,10064,0,20,6289_9,4,349,111,60,0
2026-10-01,9,10064,0,21,6301_9,4,349,111,60,0
2026-10-01,9,10068,0,5,3_3,1,98,98,98,0
2026-10-01,9,10068,0,6,4_3,2,348,186,162,0
2026-10-01,9,10068,0,7,254_2,2,322,173,149,0
2026-10-01,9,10068,0,8,53_3,2,220,122,98,0
2026-10-01,9,10068,0,9,253_2,2,182,103,79,0
2026-10-01,9,10068,0,10,186_2,2,160,92,68,0
2026-10-01,9,10068,0,11,252_2,2,352,188,164,0
2026-10-01,9,10068,0,12,150_2,2,270,147,123,0
2026-10-01,9,10068,0,13,151_2,2,312,168,144,0
2026-10-01,9,10068,0,14,152_3,2,266,145,121,0
2026-10-01,9,10068,0,15,251_2,2,264,144,120,0
2026-10-01,9,10068,0,16,250_2,2,218,121,97,0
2026-10-01,9,10068,0,17,249_2,2,119,74,45,0
2026-10-01,9,10068,0,18,606_2,2,155,92,63,0
2026-10-01,9,10068,0,19,607_2,2,173,101,72,0
2026-10-01,9,10068,0,20,608_2,2,117,73,44,0
2026-10-01,9,10068,0,21,609_2,2,67,48,19,0
2026-10-01,9,10068,0,22,610_2,2,20,20,0,0
2026-10-01,9,10068,0,23,765_2,4,487,294,57,0
2026-10-01,9,10068,0,24,7717_2,4,333,240,5,0
2026-10-01,9,10068,0,25,6023_1,5,892,344,59,1
2026-10-01,9,10068,0,26,210_2,6,2182,502,217,3
2026-10-01,9,10068,0,27,211_2,6,2044,479,194,3
2026-10-01,9,10068,0,28,212_2,6,2380,535,250,3
2026-10-01,9,10068,0,29,615_2,6,2668,578,308,6
2026-10-01,9,10068,0,30,7213_2,6,2314,517,253,3
2026-10-01,9,10068,0,31,214_2,6,1580,398,124,3
2026-10-01,9,10068,0,32,215_2,8,2060,393,119,4
2026-10-01,9,10068,0,33,216_2,8,2294,424,150,4
2026-10-01,9,10068,0,34,752_2,8,2104,401,127,4
2026-10-01,9,10068,0,35,7217_2,8,1744,356,82,4
2026-10-01,9,10068,0,36,422_1,9,2522,516,120,5
2026-10-01,9,10068,0,37,421_1,6,2471,507,364,6
2026-10-01,9,10068,0,38,6163_1,7,2972,506,363,7
2026-10-01,9,10068,0,39,419_1,7,2999,512,368,7
2026-10-01,9,10068,0,40,418_1,8,3657,533,389,8
2026-10-01,9,10068,0,41,440_1,8,4377,623,479,8
2026-10-01,9,10068,0,42,6236_1,8,5049,707,563,8
2026-10-01,9,10068,0,43,6109_1,8,4201,601,457,8
2026-10-01,9,10068,1,8,422_2,1,110,110,110,0
2026-10-01,9,10068,1,9,7217_1,1,89,89,89,0
2026-10-01,9,10068,1,10,752_1,2,140,93,47,0
2026-10-01,9,10068,1,11,216_1,2,170,108,62,0
2026-10-01,9,10068,1,12,215_1,3,286,115,69,0
2026-10-01,9,10068,1,13,214_1,3,280,113,67,0
2026-10-01,9,10068,1,14,7213_1,3,265,108,62,0
2026-10-01,9,10068,1,15,615_1,3,424,161,115,0
2026-10-01,9,10068,1,16,212_1,3,337,132,86,0
2026-10-01,9,10068,1,17,211_1,3,448,169,123,0
2026-10-01,9,10068,1,18,210_1,3,498,179,143,0
2026-10-01,9,10068,1,19,6023_3,3,1026,355,319,3
2026-10-01,9,10068,1,20,7717_1,3,1185,408,372,3
2026-10-01,9,10068,1,21,765_1,4,2172,825,429,4
2026-10-01,9,10068,1,22,610_1,4,1854,745,350,4
2026-10-01,9,10068,1,23,609_1,6,3175,799,380,6
2026-10-01,9,10068,1,24,608_1,7,4389,868,434,7
2026-10-01,9,10068,1,25,607_1,7,4497,886,452,7
2026-10-01,9,10068,1,26,606_1,8,5427,897,457,8
2026-10-01,9,10068,1,27,249_1,8,5055,849,411,8
2026-10-01,9,10068,1,28,250_1,7,4174,841,407,7
2026-10-01,9,10068,1,29,251_1,7,3936,807,373,7
2026-10-01,9,10068,1,30,152_2,7,4083,828,394,7
2026-10-01,9,10068,1,31,151_1,7,4454,881,447,7
2026-10-01,9,10068,1,32,150_1,7,4587,900,466,7
2026-10-01,9,10068,1,33,252_1,7,4657,910,476,7
2026-10-01,9,10068,1,34,186_1,7,4370,869,435,7
2026-10-01,9,10068,1,35,253_1,7,3985,814,380,7
2026-10-01,9,10068,1,36,53_1,7,3873,798,364,7
2026-10-01,9,10068,1,37,254_1,7,3999,816,382,7
2026-10-01,9,10068,1,38,4_4,7,3698,773,339,7
2026-10-01,9,10068,1,39,6059_1,7,2914,661,227,3
2026-10-01,9,10068,1,40,3_1,5,2693,721,287,3
2026-10-01,9,10068,1,41,73_1,3,1841,632,592,3
2026-10-01,9,10068,1,42,128_1,3,1900,679,598,3
2026-10-01,9,10068,1,43,114_5,4,1065,305,218,1
2026-10-01,9,10072,0,9,65_2,2,57,30,27,0
2026-10-01,9,10072,0,10,204_2,3,112,55,27,0
2026-10-01,9,10072,0,11,255_2,4,118,55,6,0
2026-10-01,9,10072,0,12,205_2,1,0,0,0,0
2026-10-01,9,10072,0,13,206_2,1,0,0,0,0
2026-10-01,9,10072,0,14,863_3,1,0,0,0,0
2026-10-01,9,10072,0,15,209_2,2,153,79,74,0
2026-10-01,9,10072,0,16,210_2,2,153,79,74,0
2026-10-01,9,10072,0,17,211_2,2,107,56,51,0
2026-10-01,9,10072,0,18,212_2,2,219,112,107,0
2026-10-01,9,10072,0,19,615_2,3,475,170,150,0
2026-10-01,9,10072,0,20,7213_2,3,298,115,89,0
2026-10-01,9,10072,0,21,214_2,1,0,0,0,0
2026-10-01,9,10072,0,22,215_2,1,0,0,0,0
2026-10-01,9,10072,0,23,216_2,2,55,31,24,0
2026-10-01,9,10072,0,24,752_2,2,8,8,0,0
2026-10-01,9,10072,0,25,7217_2,1,0,0,0,0
2026-10-01,9,10072,0,26,422_1,2,81,56,25,0
2026-10-01,9,10072,0,27,421_1,3,97,47,16,0
2026-10-01,9,10072,0,28,6163_1,4,132,46,15,0
2026-10-01,9,10072,0,29,419_1,4,141,52,21,0
2026-10-01,9,10072,0,30,418_1,4,225,73,42,0
2026-10-01,9,10072,0,31,440_1,4,585,163,132,0
2026-10-01,9,10072,0,32,6236_1,4,921,247,216,0
2026-10-01,9,10072,0,33,6109_1,4,497,141,110,0
2026-10-01,9,10072,1,29,55_1,1,438,438,438,1
2026-10-01,9,10072,1,30,56_1,1,445,445,445,1
2026-10-01,9,10072,1,31,57_1,2,974,501,473,2
2026-10-01,9,10072,1,32,59_1,3,1526,534,486,3
2026-10-01,9,10072,1,33,61_2,3,1460,512,464,3
2026-10-01,9,10075,1,12,210_1,1,56,56,56,0
2026-10-01,9,10075,1,13,209_1,2,272,141,131,0
2026-10-01,9,10075,1,14,863_1,2,180,95,85,0
2026-10-01,9,10075,1,15,206_1,3,454,162,141,0
2026-10-01,9,10075,1,16,205_1,3,529,187,166,0
2026-10-01,9,10075,1,17,255_1,3,565,199,178,0
2026-10-01,9,10075,1,18,204_1,3,664,232,211,0
2026-10-01,9,10075,1,19,65_1,3,787,273,252,0
2026-10-01,9,10075,1,20,67_1,3,982,338,317,3
2026-10-01,9,10075,1,21,68_1,3,1129,387,366,3
2026-10-01,9,10075,1,22,69_1,3,1006,346,325,3
2026-10-01,9,10075,1,23,55_1,3,1018,358,313,3
2026-10-01,9,10075,1,24,56_1,3,1033,362,320,3
2026-10-01,9,10075,1,25,57_1,3,1078,379,348,3
2026-10-01,9,10075,1,26,59_1,3,1177,412,381,3
2026-10-01,9,10075,1,27,61_2,3,1111,390,359,3
2026-10-01,9,10078,0,20,615_2,1,671,671,671,1
2026-10-01,9,10078,0,21,7213_2,1,676,676,676,1
2026-10-01,9,10078,0,22,214_2,1,547,547,547,1
2026-10-01,9,10078,0,23,215_2,2,1064,542,522,2
2026-10-01,9,10078,0,24,216_2,3,1672,573,546,3
2026-10-01,9,10078,0,25,752_2,3,1603,550,523,3
2026-10-01,9,10078,0,26,7217_2,4,1936,505,468,4
2026-10-01,9,10078,0,27,422_1,4,2067,561,493,4
2026-10-01,9,10078,0,28,421_1,4,2067,552,501,4
2026-10-01,9,10078,0,29,6163_1,4,2068,551,500,4
2026-10-01,9,10078,0,30,419_1,4,2077,557,497,4
2026-10-01,9,10078,0,31,418_1,4,2161,578,518,4
2026-10-01,9,10078,0,32,440_1,4,2521,668,608,4
2026-10-01,9,10078,0,33,6236_1,4,2857,752,692,4
2026-10-01,9,10078,0,34,6109_1,4,2433,646,586,4
2026-10-01,10,10032,0,30,93_2,1,0,0,0,0
2026-10-01,10,10032,0,31,6016_2,1,5,5,5,0
2026-10-01,10,10032,0,32,91_1,1,0,0,0,0
2026-10-01,10,10032,0,33,6016_1,1,43,43,43,0
2026-10-01,10,10032,0,34,93_1,2,60,33,27,0
2026-10-01,10,10032,0,35,94_1,2,94,50,44,0
2026-10-01,10,10032,0,36,6242_1,2,26,16,10,0
2026-10-01,10,10032,0,37,6064_1,1,0,0,0,0
2026-10-01,10,10032,0,38,6255_2,2,129,65,64,0
2026-10-01,10,10032,0,39,6256_2,2,167,84,83,0
2026-10-01,10,10032,0,40,6094_2,2,143,72,71,0
2026-10-01,10,10032,0,41,6244_2,2,73,37,36,0
2026-10-01,10,10032,0,42,6257_2,2,55,28,27,0
2026-10-01,10,10032,0,43,6240_2,2,109,55,54,0
2026-10-01,10,10032,0,44,6258_2,2,169,85,84,0
2026-10-01,10,10032,0,45,6225_2,2,139,70,69,0
2026-10-01,10,10032,0,46,6181_2,2,121,61,60,0
2026-10-01,10,10032,0,47,6246_2,2,239,120,119,0
2026-10-01,10,10032,0,48,6206_2,2,213,107,106,0
2026-10-01,10,10032,0,49,6176_2,2,247,124,123,0
2026-10-01,10,10032,0,50,6200_3,2,309,155,154,0
2026-10-01,10,10032,0,51,6042_2,2,241,121,120,0
2026-10-01,10,10032,0,52,6031_2,2,163,82,81,0
2026-10-01,10,10032,0,53,6039_1,3,285,104,90,0
2026-10-01,10,10032,1,51,57_1,2,777,393,384,2
2026-10-01,10,10032,1,52,59_1,3,1088,426,245,2
2026-10-01,10,10032,1,53,61_1,4,853,337,72,1
2026-10-01,10,10060,1,35,114_5,1,0,0,0,0
2026-10-01,10,10061,0,35,6015_2,1,485,485,485,1
2026-10-01,10,10068,0,37,421_1,3,383,138,116,0
2026-10-01,10,10068,0,38,6163_1,3,385,142,115,0
2026-10-01,10,10068,0,39,419_1,3,388,134,121,0
2026-10-01,10,10068,0,40,418_1,3,451,155,142,0
2026-10-01,10,10068,0,41,440_1,3,721,245,232,0
2026-10-01,10,10068,0,42,6236_1,3,973,329,316,3
2026-10-01,10,10068,0,43,6109_1,3,655,223,210,0
2026-10-01,10,10068,1,40,3_1,2,641,329,312,2
2026-10-01,10,10068,1,41,73_1,4,870,240,198,0
2026-10-01,10,10068,1,42,128_1,4,976,287,204,0
2026-10-01,10,10068,1,43,114_5,1,0,0,0,0
2026-10-01,14,10002,1,19,122_1,1,212,212,212,0
2026-10-01,14,10032,0,19,6166_2,1,344,344,344,1
2026-10-01,14,10032,1,48,72_2,1,570,570,570,1
2026-10-01,14,10033,0,11,7475_1,1,73,73,73,0
2026-10-01,14,10033,1,8,6033_2,1,29,29,29,0
2026-10-01,14,10040,1,1,7475_1,1,0,0,0,0
2026-10-01,14,10047,1,21,6228_1,1,695,695,695,1
2026-10-01,14,10049,0,19,6200_3,1,135,135,135,0
2026-10-01,14,10049,0,20,6042_2,1,97,97,97,0
2026-10-01,14,10051,0,11,6067_2,1,158,158,158,0
2026-10-01,14,10051,1,13,6016_2,1,75,75,75,0
2026-10-01,14,10058,1,2,474_1,1,201,201,201,0
2026-10-01,14,10058,1,3,473_1,1,178,178,178,0
2026-10-01,14,10060,1,7,6011_1,1,23,23,23,0
2026-10-01,14,10060,1,16,6041_1,1,279,279,279,0
2026-10-01,14,10061,0,4,114_5,1,0,0,0,0
2026-10-01,14,10061,0,13,6143_2,1,115,115,115,0
2026-10-01,14,10061,0,14,6166_2,1,107,107,107,0
2026-10-01,14,10064,0,15,6073_2,1,49,49,49,0
2026-10-01,14,10064,1,16,6074_1,1,81,81,81,0
2026-10-01,14,10068,0,14,152_3,1,71,71,71,0
2026-10-01,14,10068,1,2,6236_2,1,28,28,28,0
2026-10-01,14,10068,1,23,609_1,1,86,86,86,0
2026-10-01,14,10068,1,37,254_1,1,520,520,520,1
2026-10-01,14,10068,1,38,4_4,1,509,509,509,1
2026-10-01,14,10072,1,8,422_2,1,215,215,215,0
2026-10-01,14,10072,1,27,68_1,1,379,379,379,1
2026-10-01,15,10002,0,13,113_4,1,89,89,89,0
2026-10-01,15,10002,0,14,905_3,2,175,89,86,0
2026-10-01,15,10002,0,15,456_2,3,304,129,86,0
2026-10-01,15,10002,0,16,455_2,4,414,129,86,0
2026-10-01,15,10002,0,17,699_1,4,214,79,36,0
2026-10-01,15,10002,0,18,454_2,4,214,79,36,0
2026-10-01,15,10002,0,19,453_2,4,454,139,96,0
2026-10-01,15,10002,0,20,75_3,3,39,29,0,0
2026-10-01,15,10002,0,21,906_2,1,0,0,0,0
2026-10-01,15,10002,0,22,452_2,1,0,0,0,0
2026-10-01,15,10002,0,23,451_2,1,0,0,0,0
2026-10-01,15,10002,0,24,445_3,1,0,0,0,0
2026-10-01,15,10002,0,25,446_2,1,0,0,0,0
2026-10-01,15,10002,1,20,910_2,2,390,199,191,0
2026-10-01,15,10002,1,21,256_2,3,469,199,131,0
2026-10-01,15,10002,1,22,534_2,4,760,234,150,0
2026-10-01,15,10002,1,23,59_3,4,500,169,85,0
2026-10-01,15,10002,1,24,61_3,3,46,31,0,0
2026-10-01,15,10032,0,20,446_4,2,890,447,443,2
2026-10-01,15,10032,0,21,6161_2,3,1384,504,438,3
2026-10-01,15,10032,0,22,6001_2,3,1489,539,473,3
2026-10-01,15,10032,0,23,6160_2,3,1462,530,464,3
2026-10-01,15,10032,0,24,6162_2,3,1495,541,475,3
2026-10-01,15,10032,0,25,6041_2,3,1564,564,498,3
2026-10-01,15,10032,0,26,243_2,3,1573,567,501,3
2026-10-01,15,10032,0,27,6228_2,3,1582,570,504,3
2026-10-01,15,10032,0,28,95_2,3,1495,541,475,3
2026-10-01,15,10032,0,29,94_3,3,1411,513,447,3
2026-10-01,15,10032,0,30,93_2,3,1357,495,429,3
2026-10-01,15,10032,0,31,6016_2,3,1349,492,426,3
2026-10-01,15,10032,0,32,91_1,3,953,360,294,1
2026-10-01,15,10032,0,33,6016_1,3,1076,401,335,3
2026-10-01,15,10032,0,34,93_1,3,1106,411,345,3
2026-10-01,15,10032,0,35,94_1,3,1190,439,373,3
2026-10-01,15,10032,0,36,6242_1,3,1169,432,366,3
2026-10-01,15,10032,0,37,6064_1,3,1130,419,353,3
2026-10-01,15,10032,0,38,6255_2,3,1289,472,406,3
2026-10-01,15,10032,0,39,6256_2,3,1319,482,416,3
2026-10-01,15,10032,0,40,6094_2,3,1271,466,400,3
2026-10-01,15,10032,0,41,6244_2,3,1172,433,367,3
2026-10-01,15,10032,0,42,6257_2,3,1151,426,360,3
2026-10-01,15,10032,0,43,6240_2,3,1271,466,400,3
2026-10-01,15,10032,0,44,6258_2,3,1211,446,380,3
2026-10-01,15,10032,0,45,6225_2,3,1166,431,365,3
2026-10-01,15,10032,0,46,6181_2,3,1115,414,348,3
2026-10-01,15,10032,0,47,6246_2,3,1259,462,396,3
2026-10-01,15,10032,0,48,6206_2,3,1283,470,404,3
2026-10-01,15,10032,0,49,6176_2,3,1301,476,410,3
2026-10-01,15,10032,0,50,6200_3,3,1402,511,445,3
2026-10-01,15,10032,0,51,6042_2,3,1284,471,405,3
2026-10-01,15,10032,0,52,6031_2,3,1165,429,363,3
2026-10-01,15,10032,0,53,6039_1,4,1430,434,309,4
2026-10-01,15,10032,1,16,6255_1,1,101,101,101,0
2026-10-01,15,10032,1,17,6064_2,2,307,184,123,0
2026-10-01,15,10032,1,18,6242_2,3,326,167,53,0
2026-10-01,15,10032,1,19,94_4,4,319,146,32,0
2026-10-01,15,10032,1,20,93_2,4,335,150,36,0
2026-10-01,15,10032,1,21,6016_2,4,324,148,33,0
2026-10-01,15,10032,1,22,91_4,1,0,0,0,0
2026-10-01,15,10032,1,23,6016_1,2,70,37,33,0
2026-10-01,15,10032,1,24,93_1,2,90,47,43,0
2026-10-01,15,10032,1,25,94_2,2,52,28,24,0
2026-10-01,15,10032,1,26,95_1,2,136,70,66,0
2026-10-01,15,10032,1,27,6228_1,3,317,114,93,0
2026-10-01,15,10032,1,28,243_1,4,539,143,126,0
2026-10-01,15,10032,1,29,6041_1,4,698,185,168,0
2026-10-01,15,10032,1,30,6162_1,4,591,160,141,0
2026-10-01,15,10032,1,31,6160_1,4,602,169,138,0
2026-10-01,15,10032,1,32,6001_1,4,501,141,117,0
2026-10-01,15,10032,1,33,6161_1,3,368,137,113,0
2026-10-01,15,10032,1,34,446_3,3,509,184,160,0
2026-10-01,15,10032,1,35,6166_1,3,623,222,198,0
2026-10-01,15,10032,1,36,6143_1,3,527,190,166,0
2026-10-01,15,10032,1,37,6241_1,3,542,195,171,0
2026-10-01,15,10032,1,38,9_2,3,353,132,108,0
2026-10-01,15,10032,1,39,6057_1,4,389,111,87,0
2026-10-01,15,10032,1,40,6069_1,4,505,140,116,0
2026-10-01,15,10032,1,41,6102_1,4,701,189,165,0
2026-10-01,15,10032,1,42,6070_2,4,521,144,120,0
2026-10-01,15,10032,1,43,393_1,4,837,223,199,0
2026-10-01,15,10032,1,44,114_1,4,865,230,206,0
2026-10-01,15,10032,1,45,114_3,4,1321,344,320,4
2026-10-01,15,10032,1,46,3_1,4,1409,366,342,4
2026-10-01,15,10032,1,47,73_1,4,1181,309,285,1
2026-10-01,15,10032,1,48,72_2,5,2289,637,347,5
2026-10-01,15,10032,1,49,55_1,5,2099,600,310,5
2026-10-01,15,10032,1,50,56_1,3,1861,659,592,3
2026-10-01,15,10032,1,51,57_1,4,2566,694,600,4
2026-10-01,15,10032,1,52,59_1,4,2570,695,601,4
2026-10-01,15,10032,1,53,61_1,4,2106,579,485,4
2026-10-01,15,10033,1,9,6211_2,1,9,9,9,0
2026-10-01,15,10033,1,10,6170_1,2,48,29,19,0
2026-10-01,15,10033,1,11,7841_2,3,159,62,45,0
2026-10-01,15,10033,1,12,91_3,1,0,0,0,0
2026-10-01,15,10038,0,2,7475_1,2,39,27,12,0
2026-10-01,15,10040,1,1,7475_1,1,0,0,0,0
2026-10-01,15,10040,1,2,91_3,5,132,96,0,0
2026-10-01,15,10047,0,4,56_2,1,320,320,320,1
2026-10-01,15,10047,0,5,55_2,3,1307,549,377,3
2026-10-01,15,10047,0,6,72_1,3,1291,577,355,3
2026-10-01,15,10047,0,7,73_2,3,1306,582,360,3
2026-10-01,15,10047,0,8,73_3,3,1216,552,330,3
2026-10-01,15,10047,0,9,3_2,3,1456,632,410,3
2026-10-01,15,10047,0,10,114_4,3,1282,574,352,3
2026-10-01,15,10047,0,11,393_2,3,1249,563,341,3
2026-10-01,15,10047,0,12,6070_3,3,1231,557,335,3
2026-10-01,15,10047,0,13,6102_2,3,1144,528,306,3
2026-10-01,15,10047,0,14,6069_2,3,1186,542,320,3
2026-10-01,15,10047,0,15,6057_2,3,1105,515,293,1
2026-10-01,15,10047,0,16,9_5,3,1051,497,275,1
2026-10-01,15,10047,0,17,6241_2,3,1309,583,361,3
2026-10-01,15,10047,0,18,6143_2,4,1625,575,340,4
2026-10-01,15,10047,0,19,6166_2,4,1602,570,332,4
2026-10-01,15,10047,0,20,446_4,4,2061,720,435,4
2026-10-01,15,10047,0,21,6161_2,4,2041,715,430,4
2026-10-01,15,10047,0,22,6001_2,4,2181,750,465,4
2026-10-01,15,10047,0,23,6160_2,4,2145,741,456,4
2026-10-01,15,10047,0,24,6162_2,4,2189,752,467,4
2026-10-01,15,10047,0,25,6041_2,4,2281,775,490,4
2026-10-01,15,10047,0,26,243_2,4,2293,778,493,4
2026-10-01,15,10047,0,27,6228_2,4,2305,781,496,4
2026-10-01,15,10047,0,28,95_2,4,2189,752,467,4
2026-10-01,15,10047,0,29,94_3,4,2077,724,439,4
2026-10-01,15,10047,0,30,6242_1,4,2261,770,485,4
2026-10-01,15,10047,0,31,6064_1,4,2209,757,472,4
2026-10-01,15,10047,0,32,6255_2,4,2421,810,525,4
2026-10-01,15,10047,0,33,6256_2,4,2461,820,535,4
2026-10-01,15,10047,0,34,6094_2,4,2397,804,519,4
2026-10-01,15,10047,0,35,6244_2,4,2265,771,486,4
2026-10-01,15,10047,0,36,6257_2,4,2237,764,479,4
2026-10-01,15,10047,0,37,6240_2,4,2397,804,519,4
2026-10-01,15,10047,0,38,6258_2,4,2317,784,499,4
2026-10-01,15,10047,0,39,6225_2,4,2257,769,484,4
2026-10-01,15,10047,0,40,6181_2,4,2189,752,467,4
2026-10-01,15,10047,0,41,6246_2,3,1581,535,515,3
2026-10-01,15,10047,0,42,6206_2,3,1605,543,523,3
2026-10-01,15,10047,0,43,6176_2,3,1623,549,529,3
2026-10-01,15,10047,0,44,6200_3,1,611,611,611,1
2026-10-01,15,10047,0,45,6042_2,1,573,573,573,1
2026-10-01,15,10047,0,46,6031_2,1,538,538,538,1
2026-10-01,15,10047,0,47,6039_1,2,959,484,475,2
2026-10-01,15,10047,1,22,243_1,2,1487,759,728,2
2026-10-01,15,10047,1,23,6041_1,2,1576,801,775,2
2026-10-01,15,10047,1,24,6162_1,2,1519,776,743,2
2026-10-01,15,10047,1,25,6160_1,3,2279,785,742,3
2026-10-01,15,10047,1,26,6001_1,3,2202,757,721,3
2026-10-01,15,10047,1,27,6161_1,4,2909,753,717,4
2026-10-01,15,10047,1,28,446_3,4,3097,800,764,4
2026-10-01,15,10047,1,29,6166_1,4,3249,838,802,4
2026-10-01,15,10047,1,30,6143_1,4,3121,806,770,4
2026-10-01,15,10047,1,31,6241_1,4,3141,811,775,4
2026-10-01,15,10047,1,32,9_2,4,2889,748,712,4
2026-10-01,15,10047,1,33,6057_1,4,2812,727,691,4
2026-10-01,15,10047,1,34,6069_1,4,2928,756,720,4
2026-10-01,15,10047,1,35,6102_1,4,3124,805,769,4
2026-10-01,15,10047,1,36,6070_2,4,2944,760,724,4
2026-10-01,15,10047,1,37,393_1,4,3260,839,803,4
2026-10-01,15,10047,1,38,114_1,4,3288,846,810,4
2026-10-01,15,10047,1,39,114_3,4,3744,960,924,4
2026-10-01,15,10047,1,40,3_1,4,3832,982,946,4
2026-10-01,15,10047,1,41,73_1,4,3604,925,889,4
2026-10-01,15,10047,1,42,72_2,4,4075,1049,949,4
2026-10-01,15,10047,1,43,55_1,4,3785,1012,912,4
2026-10-01,15,10047,1,44,56_1,4,3994,1071,967,4
2026-10-01,15,10047,1,45,57_1,4,4134,1106,1002,4
2026-10-01,15,10047,1,46,59_1,4,4138,1107,1003,4
2026-10-01,15,10047,1,47,61_1,4,3434,931,827,4
2026-10-01,15,10049,0,21,6031_2,1,62,62,62,0
2026-10-01,15,10049,0,22,6039_1,2,8,8,0,0
2026-10-01,15,10049,0,23,6040_2,3,81,73,0,0
2026-10-01,15,10049,0,24,6022_9,4,173,92,0,0
2026-10-01,15,10049,0,25,6099_9,4,173,92,0,0
2026-10-01,15,10049,0,26,6141_2,4,173,92,0,0
2026-10-01,15,10049,0,27,6105_2,4,173,92,0,0
2026-10-01,15,10049,0,28,6105_1,4,213,102,10,0
2026-10-01,15,10049,0,29,6141_1,4,213,102,10,0
2026-10-01,15,10049,0,30,6039_1,4,453,162,70,0
2026-10-01,15,10049,1,1,6039_1,1,0,0,0,0
2026-10-01,15,10049,1,2,6031_1,1,62,62,62,0
2026-10-01,15,10049,1,3,6042_1,1,47,47,47,0
2026-10-01,15,10049,1,4,6200_1,1,42,42,42,0
2026-10-01,15,10049,1,5,6176_1,1,59,59,59,0
2026-10-01,15,10049,1,6,6206_1,1,82,82,82,0
2026-10-01,15,10049,1,7,6246_1,1,115,115,115,0
2026-10-01,15,10049,1,8,6181_1,1,92,92,92,0
2026-10-01,15,10049,1,9,6225_1,1,121,121,121,0
2026-10-01,15,10049,1,10,6258_1,1,97,97,97,0
2026-10-01,15,10049,1,11,6240_1,1,77,77,77,0
2026-10-01,15,10049,1,12,6257_1,1,129,129,129,0
2026-10-01,15,10049,1,13,6244_1,1,108,108,108,0
2026-10-01,15,10049,1,14,6094_1,1,100,100,100,0
2026-10-01,15,10049,1,15,6256_1,1,85,85,85,0
2026-10-01,15,10049,1,16,6255_1,1,117,117,117,0
2026-10-01,15,10049,1,17,6064_2,1,158,158,158,0
2026-10-01,15,10049,1,18,6242_2,1,158,158,158,0
2026-10-01,15,10049,1,19,94_4,1,137,137,137,0
2026-10-01,15,10049,1,20,93_2,1,141,141,141,0
2026-10-01,15,10049,1,21,6016_2,1,138,138,138,0
2026-10-01,15,10049,1,22,91_1,1,126,126,126,0
2026-10-01,15,10050,0,2,6016_1,2,39,39,0,0
2026-10-01,15,10050,0,3,93_1,3,117,58,10,0
2026-10-01,15,10050,0,4,6013_2,3,180,79,31,0
2026-10-01,15,10050,0,5,6212_2,3,165,74,26,0
2026-10-01,15,10050,0,6,6205_2,3,276,111,63,0
2026-10-01,15,10050,0,7,6187_3,3,318,125,77,0
2026-10-01,15,10050,0,8,6011_2,3,312,123,75,0
2026-10-01,15,10050,0,9,6018_2,3,381,146,98,0
2026-10-01,15,10050,0,10,6190_2,3,474,177,129,0
2026-10-01,15,10050,0,11,6171_2,3,354,137,89,0
2026-10-01,15,10050,0,12,6014_3,3,13,11,0,0
2026-10-01,15,10050,1,1,6014_1,1,0,0,0,0
2026-10-01,15,10050,1,2,6171_1,1,24,24,24,0
2026-10-01,15,10050,1,3,6190_1,2,107,87,20,0
2026-10-01,15,10050,1,4,6018_1,2,75,71,4,0
2026-10-01,15,10050,1,5,6011_3,2,17,17,0,0
2026-10-01,15,10050,1,6,6187_2,2,21,19,2,0
2026-10-01,15,10050,1,7,6205_1,2,17,14,3,0
2026-10-01,15,10050,1,8,6212_1,2,42,23,19,0
2026-10-01,15,10050,1,9,6013_1,2,11,11,0,0
2026-10-01,15,10050,1,10,93_2,2,113,62,51,0
2026-10-01,15,10050,1,11,6016_2,2,107,59,48,0
2026-10-01,15,10050,1,12,91_4,1,0,0,0,0
2026-10-01,15,10051,0,12,6248_2,2,345,181,164,0
2026-10-01,15,10051,0,13,6249_2,2,359,188,171,0
2026-10-01,15,10051,0,14,6015_2,3,432,157,129,0
2026-10-01,15,10051,1,14,91_4,1,0,0,0,0
2026-10-01,15,10054,0,1,6293_1,2,32,32,0,0
2026-10-01,15,10054,0,2,6402_9,3,164,110,11,0
2026-10-01,15,10054,0,3,6271_9,3,161,109,10,0
2026-10-01,15,10054,0,4,6292_1,2,49,49,0,0
2026-10-01,15,10054,1,4,6403_1,1,144,144,144,0
2026-10-01,15,10054,1,5,6293_1,1,14,14,14,0
2026-10-01,15,10057,0,14,7475_2,1,0,0,0,0
2026-10-01,15,10057,1,1,7475_2,1,0,0,0,0
2026-10-01,15,10057,1,2,474_1,2,388,197,191,0
2026-10-01,15,10057,1,3,473_1,2,476,241,235,0
2026-10-01,15,10057,1,4,472_1,2,536,290,246,0
2026-10-01,15,10057,1,5,7471_1,2,486,265,221,0
2026-10-01,15,10057,1,6,39_1,2,672,358,314,2
2026-10-01,15,10057,1,7,40_1,2,620,332,288,1
2026-10-01,15,10057,1,8,21_1,3,877,310,266,2
2026-10-01,15,10057,1,9,42_1,3,847,301,251,1
2026-10-01,15,10057,1,10,43_1,4,1151,315,264,2
2026-10-01,15,10057,1,11,44_1,4,1117,301,254,1
2026-10-01,15,10057,1,12,18_1,5,1384,301,254,1
2026-10-01,15,10057,1,13,707_1,5,1384,301,254,1
2026-10-01,15,10057,1,14,446_3,5,1384,301,254,1
2026-10-01,15,10057,1,15,9_1,5,1384,301,254,1
2026-10-01,15,10058,1,3,473_1,1,192,192,192,0
2026-10-01,15,10058,1,4,472_1,3,852,340,249,1
2026-10-01,15,10058,1,5,7471_1,4,1140,363,224,2
2026-10-01,15,10058,1,6,38_2,4,1140,363,224,2
2026-10-01,15,10058,1,7,708_1,4,1184,374,235,2
2026-10-01,15,10058,1,8,589_1,4,1156,367,228,2
2026-10-01,15,10058,1,9,17_1,4,1532,461,322,4
2026-10-01,15,10058,1,10,478_1,4,1566,468,329,4
2026-10-01,15,10058,1,11,8_1,4,2623,769,581,4
2026-10-01,15,10058,1,12,9_5,4,971,356,168,1
2026-10-01,15,10059,0,1,91_3,1,0,0,0,0
2026-10-01,15,10059,0,2,7841_4,2,112,71,41,0
2026-10-01,15,10059,0,3,6170_2,2,180,105,75,0
2026-10-01,15,10059,0,4,6902_2,2,206,118,88,0
2026-10-01,15,10059,0,5,6006_2,2,292,161,131,0
2026-10-01,15,10059,0,6,6229_2,2,324,177,147,0
2026-10-01,15,10059,0,7,6074_2,2,290,160,130,0
2026-10-01,15,10059,0,8,6169_2,2,248,139,109,0
2026-10-01,15,10059,0,9,6260_1,2,260,145,115,0
2026-10-01,15,10059,0,10,7475_1,2,60,46,14,0
2026-10-01,15,10059,1,1,7475_1,2,32,32,0,0
2026-10-01,15,10059,1,2,6260_2,2,126,79,47,0
2026-10-01,15,10059,1,3,6169_1,3,242,93,61,0
2026-10-01,15,10059,1,4,6405_1,3,287,108,76,0
2026-10-01,15,10059,1,5,6074_1,3,236,91,59,0
2026-10-01,15,10059,1,6,6229_1,3,170,69,37,0
2026-10-01,15,10059,1,7,6006_1,3,197,79,44,0
2026-10-01,15,10059,1,8,6902_1,3,336,123,95,0
2026-10-01,15,10059,1,9,6170_1,3,349,119,114,0
2026-10-01,15,10059,1,10,7841_2,3,456,155,149,0
2026-10-01,15,10059,1,11,91_3,1,0,0,0,0
2026-10-01,15,10060,1,1,6015_1,1,0,0,0,0
2026-10-01,15,10060,1,2,6249_1,1,26,26,26,0
2026-10-01,15,10060,1,3,6248_1,1,24,24,24,0
2026-10-01,15,10060,1,4,6067_1,1,0,0,0,0
2026-10-01,15,10060,1,5,6172_1,1,13,13,13,0
2026-10-01,15,10060,1,6,6017_1,1,15,15,15,0
2026-10-01,15,10060,1,7,6011_1,1,43,43,43,0
2026-10-01,15,10060,1,8,6187_2,3,228,91,50,0
2026-10-01,15,10060,1,9,6205_1,4,341,116,51,0
2026-10-01,15,10060,1,10,6212_1,4,406,136,71,0
2026-10-01,15,10060,1,11,6013_1,4,350,124,59,0
2026-10-01,15,10060,1,12,94_2,5,540,144,79,0
2026-10-01,15,10060,1,13,95_1,5,750,186,121,0
2026-10-01,15,10060,1,14,6228_1,5,953,230,148,0
2026-10-01,15,10060,1,15,243_1,5,1088,253,181,0
2026-10-01,15,10060,1,16,6041_1,5,1282,288,228,0
2026-10-01,15,10060,1,17,6162_1,6,1397,263,196,0
2026-10-01,15,10060,1,18,6160_1,7,1680,265,205,0
2026-10-01,15,10060,1,19,6001_1,7,1499,237,177,0
2026-10-01,15,10060,1,20,6161_1,8,1704,233,173,0
2026-10-01,15,10060,1,21,446_3,9,2364,284,220,0
2026-10-01,15,10060,1,22,6166_1,9,2706,322,258,6
2026-10-01,15,10060,1,23,6143_1,9,2418,290,226,0
2026-10-01,15,10060,1,24,6241_1,9,2463,295,231,0
2026-10-01,15,10060,1,25,9_2,9,1896,232,168,0
2026-10-01,15,10060,1,26,8_3,9,2283,275,211,0
2026-10-01,15,10060,1,27,6_1,9,2274,274,210,0
2026-10-01,15,10060,1,28,902_1,9,2220,268,204,0
2026-10-01,15,10060,1,29,5_1,10,2043,241,74,0
2026-10-01,15,10060,1,30,4_1,11,2684,295,124,0
2026-10-01,15,10060,1,31,6059_1,12,3430,346,175,7
2026-10-01,15,10060,1,32,3_1,12,3430,346,175,7
2026-10-01,15,10060,1,33,73_1,12,2746,289,118,0
2026-10-01,15,10060,1,34,128_1,12,3502,352,181,7
2026-10-01,15,10060,1,35,114_5,9,692,109,0,0
2026-10-01,15,10061,0,5,3_3,1,49,49,49,0
2026-10-01,15,10061,0,6,4_5,1,0,0,0,0
2026-10-01,15,10061,0,7,5_3,2,117,62,55,0
2026-10-01,15,10061,0,8,902_2,2,13,10,3,0
2026-10-01,15,10061,0,9,6_2,2,45,26,19,0
2026-10-01,15,10061,0,10,8_1,2,117,62,55,0
2026-10-01,15,10061,0,11,9_5,2,11,9,2,0
2026-10-01,15,10061,0,12,6241_2,2,183,95,88,0
2026-10-01,15,10061,0,13,6143_2,3,234,87,67,0
2026-10-01,15,10061,0,14,6166_2,3,216,82,59,0
2026-10-01,15,10061,0,15,446_4,6,1311,288,162,0
2026-10-01,15,10061,0,16,6161_2,6,1281,283,157,0
2026-10-01,15,10061,0,17,6001_2,6,1491,318,192,1
2026-10-01,15,10061,0,18,6160_2,6,1437,309,183,1
2026-10-01,15,10061,0,19,6162_2,6,1503,320,194,1
2026-10-01,15,10061,0,20,6041_2,6,1641,343,217,1
2026-10-01,15,10061,0,21,243_2,6,1659,346,220,1
2026-10-01,15,10061,0,22,6228_2,6,1677,349,223,2
2026-10-01,15,10061,0,23,95_2,6,1503,320,194,1
2026-10-01,15,10061,0,24,94_3,6,1335,292,166,0
2026-10-01,15,10061,0,25,6013_2,6,1389,301,175,1
2026-10-01,15,10061,0,26,6212_2,6,1359,296,170,0
2026-10-01,15,10061,0,27,6205_2,6,1581,333,207,1
2026-10-01,15,10061,0,28,6187_3,6,1665,347,221,2
2026-10-01,15,10061,0,29,6011_4,7,2168,377,246,5
2026-10-01,15,10061,0,30,6017_2,10,3284,398,268,7
2026-10-01,15,10061,0,31,6172_2,9,2858,387,257,6
2026-10-01,15,10061,0,32,6067_2,10,3351,388,269,8
2026-10-01,15,10061,0,33,6248_2,11,3659,388,268,8
2026-10-01,15,10061,0,34,6249_2,12,4060,393,275,9
2026-10-01,15,10061,0,35,6015_2,12,3496,351,233,6
2026-10-01,15,10063,1,1,6222_1,1,0,0,0,0
2026-10-01,15,10063,1,2,6034_2,1,0,0,0,0
2026-10-01,15,10063,1,3,6182_1,1,0,0,0,0
2026-10-01,15,10063,1,4,6250_1,1,0,0,0,0
2026-10-01,15,10063,1,5,6264_1,1,0,0,0,0
2026-10-01,15,10063,1,6,6259_1,1,0,0,0,0
2026-10-01,15,10063,1,7,6164_2,1,0,0,0,0
2026-10-01,15,10063,1,8,6254_2,1,0,0,0,0
2026-10-01,15,10063,1,9,6253_1,1,0,0,0,0
2026-10-01,15,10063,1,10,6010_9,1,0,0,0,0
2026-10-01,15,10063,1,11,6153_1,1,0,0,0,0
2026-10-01,15,10063,1,12,6089_1,1,0,0,0,0
2026-10-01,15,10063,1,13,103_2,1,0,0,0,0
2026-10-01,15,10063,1,14,75_4,1,0,0,0,0
2026-10-01,15,10063,1,15,9_4,1,0,0,0,0
2026-10-01,15,10063,1,16,6057_1,1,10,10,10,0
2026-10-01,15,10063,1,17,6069_1,1,39,39,39,0
2026-10-01,15,10063,1,18,6102_1,1,28,28,28,0
2026-10-01,15,10063,1,19,6070_2,1,43,43,43,0
2026-10-01,15,10064,0,1,91_2,1,0,0,0,0
2026-10-01,15,10064,0,2,7841_4,1,93,93,93,0
2026-10-01,15,10064,0,3,6170_2,1,127,127,127,0
2026-10-01,15,10064,0,4,6902_2,1,140,140,140,0
2026-10-01,15,10064,0,5,6006_2,1,183,183,183,0
2026-10-01,15,10064,0,6,6229_2,1,199,199,199,0
2026-10-01,15,10064,0,7,6074_2,1,182,182,182,0
2026-10-01,15,10064,0,8,6169_2,1,161,161,161,0
2026-10-01,15,10064,0,9,6263_2,1,183,183,183,0
2026-10-01,15,10064,0,10,6196_2,1,180,180,180,0
2026-10-01,15,10064,0,11,6134_2,1,201,201,201,0
2026-10-01,15,10064,0,12,6106_2,1,227,227,227,0
2026-10-01,15,10064,0,13,6020_9,1,236,236,236,0
2026-10-01,15,10064,0,14,6019_1,1,134,134,134,0
2026-10-01,15,10064,0,15,6043_9,1,150,150,150,0
2026-10-01,15,10064,0,16,6152_1,2,326,186,140,0
2026-10-01,15,10064,0,16,6188_1,1,140,140,140,0
2026-10-01,15,10064,0,17,6300_2,3,358,163,78,0
2026-10-01,15,10064,0,17,6073_2,1,178,178,178,0
2026-10-01,15,10064,0,18,6289_9,3,316,149,64,0
2026-10-01,15,10064,0,18,6152_1,1,212,212,212,0
2026-10-01,15,10064,0,19,6301_9,4,415,160,66,0
2026-10-01,15,10064,0,19,6300_2,1,173,173,173,0
2026-10-01,15,10064,0,20,6289_9,1,167,167,167,0
2026-10-01,15,10064,0,21,6301_9,1,178,178,178,0
2026-10-01,15,10064,1,17,6229_1,1,61,61,61,0
2026-10-01,15,10064,1,18,6006_1,2,130,68,62,0
2026-10-01,15,10064,1,19,6902_1,2,232,119,113,0
2026-10-01,15,10064,1,20,6170_1,2,274,140,134,0
2026-10-01,15,10064,1,21,7841_2,3,458,173,118,0
2026-10-01,15,10064,1,22,91_2,3,38,22,0,0
2026-10-01,15,10068,0,15,251_2,1,65,65,65,0
2026-10-01,15,10068,0,16,250_2,1,41,41,41,0
2026-10-01,15,10068,0,17,249_2,1,0,0,0,0
2026-10-01,15,10068,0,18,606_2,1,15,15,15,0
2026-10-01,15,10068,0,19,607_2,1,20,20,20,0
2026-10-01,15,10068,0,20,608_2,1,0,0,0,0
2026-10-01,15,10068,0,21,609_2,1,0,0,0,0
2026-10-01,15,10068,0,22,610_2,1,0,0,0,0
2026-10-01,15,10068,0,23,765_2,1,53,53,53,0
2026-10-01,15,10068,0,24,7717_2,1,4,4,4,0
2026-10-01,15,10068,0,25,6023_1,1,47,47,47,0
2026-10-01,15,10068,0,26,210_2,1,120,120,120,0
2026-10-01,15,10068,0,27,211_2,1,102,102,102,0
2026-10-01,15,10068,0,28,212_2,1,140,140,140,0
2026-10-01,15,10068,0,29,615_2,1,195,195,195,0
2026-10-01,15,10068,0,30,7213_2,1,157,157,157,0
2026-10-01,15,10068,0,31,214_2,3,829,546,141,1
2026-10-01,15,10068,0,32,215_2,5,1486,551,130,2
2026-10-01,15,10068,0,33,216_2,7,2485,608,166,3
2026-10-01,15,10068,0,34,752_2,7,2264,576,137,3
2026-10-01,15,10068,0,35,7217_2,8,2436,531,81,4
2026-10-01,15,10068,0,36,422_1,8,3332,643,193,4
2026-10-01,15,10068,0,37,421_1,8,3540,669,219,4
2026-10-01,15,10068,0,38,6163_1,8,3572,673,223,4
2026-10-01,15,10068,0,39,419_1,8,3572,673,223,4
2026-10-01,15,10068,0,40,418_1,8,4444,782,332,8
2026-10-01,15,10068,0,41,440_1,8,4420,779,329,8
2026-10-01,15,10068,0,42,6236_1,8,4964,847,397,8
2026-10-01,15,10068,0,43,6109_1,8,4220,754,304,8
2026-10-01,15,10068,1,3,440_2,1,36,36,36,0
2026-10-01,15,10068,1,4,418_2,2,464,236,228,0
2026-10-01,15,10068,1,5,419_2,3,433,184,73,0
2026-10-01,15,10068,1,6,6163_2,3,442,187,76,0
2026-10-01,15,10068,1,7,421_2,3,436,185,74,0
2026-10-01,15,10068,1,8,422_2,3,494,203,92,0
2026-10-01,15,10068,1,9,7217_1,4,749,229,169,0
2026-10-01,15,10068,1,10,752_1,4,685,213,153,0
2026-10-01,15,10068,1,11,216_1,4,737,226,166,0
2026-10-01,15,10068,1,12,215_1,4,673,210,150,0
2026-10-01,15,10068,1,13,214_1,4,625,198,138,0
2026-10-01,15,10068,1,14,7213_1,4,601,192,132,0
2026-10-01,15,10068,1,15,615_1,4,797,241,181,0
2026-10-01,15,10068,1,16,212_1,4,585,188,128,0
2026-10-01,15,10068,1,17,211_1,4,709,219,159,0
2026-10-01,15,10068,1,18,210_1,4,541,177,117,0
2026-10-01,15,10068,1,19,6023_3,4,973,285,225,0
2026-10-01,15,10068,1,20,7717_1,4,1097,316,256,1
2026-10-01,15,10068,1,21,765_1,4,1281,362,302,4
2026-10-01,15,10068,1,22,610_1,4,969,284,224,0
2026-10-01,15,10068,1,23,609_1,4,1031,307,217,1
2026-10-01,15,10068,1,24,608_1,6,1564,364,137,3
2026-10-01,15,10068,1,25,607_1,6,1432,331,116,1
2026-10-01,15,10068,1,26,606_1,7,1514,317,99,2
2026-10-01,15,10068,1,27,249_1,8,1666,309,91,2
2026-10-01,15,10068,1,28,250_1,8,1562,296,78,0
2026-10-01,15,10068,1,29,251_1,8,1314,265,47,0
2026-10-01,15,10068,1,30,152_2,8,1538,293,75,0
2026-10-01,15,10068,1,31,151_1,8,1874,335,117,2
2026-10-01,15,10068,1,32,150_1,8,2354,395,177,4
2026-10-01,15,10068,1,33,252_1,8,3162,496,278,7
2026-10-01,15,10068,1,34,186_1,8,2954,470,252,6
2026-10-01,15,10068,1,35,253_1,8,3122,491,273,7
2026-10-01,15,10068,1,36,53_1,8,2706,439,221,5
2026-10-01,15,10068,1,37,254_1,8,3030,502,194,7
2026-10-01,15,10068,1,38,4_4,9,3576,618,183,8
2026-10-01,15,10068,1,39,6059_1,9,2723,514,72,4
2026-10-01,15,10068,1,40,3_1,8,2865,574,132,4
2026-10-01,15,10068,1,41,73_1,7,2203,517,75,3
2026-10-01,15,10068,1,42,128_1,7,2644,580,138,4
2026-10-01,15,10068,1,43,114_5,4,522,217,0,0
2026-10-01,15,10072,0,3,57_2,2,399,228,171,0
2026-10-01,15,10072,0,4,56_2,3,1097,484,278,2
2026-10-01,15,10072,0,5,55_4,3,1571,642,436,3
2026-10-01,15,10072,0,6,69_2,3,1352,569,363,3
2026-10-01,15,10072,0,7,68_2,3,1520,625,419,3
2026-10-01,15,10072,0,8,67_2,3,1484,613,407,3
2026-10-01,15,10072,0,9,65_2,3,1772,709,503,3
2026-10-01,15,10072,0,10,204_2,3,1601,652,446,3
2026-10-01,15,10072,0,11,255_2,3,1580,645,439,3
2026-10-01,15,10072,0,12,205_2,3,1445,600,394,3
2026-10-01,15,10072,0,13,206_2,3,1394,583,377,3
2026-10-01,15,10072,0,14,863_3,6,1989,487,200,4
2026-10-01,15,10072,0,15,209_2,7,2923,554,267,5
2026-10-01,15,10072,0,16,210_2,7,3238,599,312,7
2026-10-01,15,10072,0,17,211_2,7,3112,581,294,6
2026-10-01,15,10072,0,18,212_2,7,3378,619,332,7
2026-10-01,15,10072,0,19,615_2,7,3763,674,387,7
2026-10-01,15,10072,0,20,7213_2,7,3497,636,349,7
2026-10-01,15,10072,0,21,214_2,7,3390,621,334,7
2026-10-01,15,10072,0,22,215_2,7,3337,618,323,7
2026-10-01,15,10072,0,23,216_2,8,4257,645,368,8
2026-10-01,15,10072,0,24,752_2,8,4007,616,336,8
2026-10-01,15,10072,0,25,7217_2,8,3625,564,291,7
2026-10-01,15,10072,0,26,422_1,8,4521,676,403,8
2026-10-01,15,10072,0,27,421_1,8,4729,702,429,8
2026-10-01,15,10072,0,28,6163_1,8,4761,706,433,8
2026-10-01,15,10072,0,29,419_1,8,4761,706,433,8
2026-10-01,15,10072,0,30,418_1,8,5633,815,542,8
2026-10-01,15,10072,0,31,440_1,7,4801,812,539,7
2026-10-01,15,10072,0,32,6236_1,6,4524,880,607,6
2026-10-01,15,10072,0,33,6109_1,6,3966,787,514,6
2026-10-01,15,10072,1,9,7217_1,2,358,185,173,0
2026-10-01,15,10072,1,10,752_1,3,554,228,157,0
2026-10-01,15,10072,1,11,216_1,4,882,289,170,0
2026-10-01,15,10072,1,12,215_1,4,818,273,154,0
2026-10-01,15,10072,1,13,214_1,4,770,261,142,0
2026-10-01,15,10072,1,14,7213_1,4,746,255,136,0
2026-10-01,15,10072,1,15,615_1,4,942,304,185,1
2026-10-01,15,10072,1,16,212_1,4,730,251,132,0
2026-10-01,15,10072,1,17,211_1,4,854,282,163,0
2026-10-01,15,10072,1,18,210_1,4,686,240,121,0
2026-10-01,15,10072,1,19,209_1,4,1242,379,260,2
2026-10-01,15,10072,1,20,863_1,4,1094,342,223,1
2026-10-01,15,10072,1,21,206_1,4,1258,383,264,2
2026-10-01,15,10072,1,22,205_1,4,1222,374,255,2
2026-10-01,15,10072,1,23,255_1,4,1154,357,238,2
2026-10-01,15,10072,1,24,204_1,4,1034,327,208,1
2026-10-01,15,10072,1,25,65_1,4,1234,377,258,2
2026-10-01,15,10072,1,26,67_1,4,1330,401,282,2
2026-10-01,15,10072,1,27,68_1,4,1409,421,302,4
2026-10-01,15,10072,1,28,69_1,6,1654,326,220,2
2026-10-01,15,10072,1,29,55_1,7,2398,391,285,5
2026-10-01,15,10072,1,30,56_1,8,3170,426,344,8
2026-10-01,15,10072,1,31,57_1,8,3450,461,379,8
2026-10-01,15,10072,1,32,59_1,8,3458,462,380,8
2026-10-01,15,10072,1,33,61_2,8,2882,390,308,8
2026-10-01,15,10082,0,5,425_1,1,553,553,553,1
2026-10-01,15,10082,0,6,426_2,2,1288,735,553,2
2026-10-01,15,10082,0,7,427_1,3,1831,735,543,3
2026-10-01,15,10082,0,8,428_1,4,2390,737,544,4
2026-10-01,15,10082,0,9,427_2,4,2639,767,617,4
2026-10-01,15,10082,0,10,6168_2,4,3079,877,727,4
2026-10-01,15,10082,0,11,6112_2,4,3087,879,729,4
2026-10-01,15,10082,0,12,6180_2,4,3247,919,769,4
2026-10-01,15,10082,0,13,6035_2,4,4071,1125,975,4
2026-10-01,15,10082,0,14,6079_1,4,4011,1110,960,4
2026-10-01,16,10032,1,49,55_1,1,396,396,396,1
2026-10-01,16,10032,1,50,56_1,4,1571,455,366,4
2026-10-01,16,10032,1,51,57_1,4,1711,490,401,4
2026-10-01,16,10032,1,52,59_1,4,1715,491,402,4
2026-10-01,16,10032,1,53,61_1,4,1011,315,226,1
2026-10-01,16,10047,0,41,6246_2,1,800,800,800,1
2026-10-01,16,10047,0,42,6206_2,1,808,808,808,1
2026-10-01,16,10047,0,43,6176_2,1,814,814,814,1
2026-10-01,16,10047,0,44,6200_3,4,2573,849,560,4
2026-10-01,16,10047,0,45,6042_2,4,2415,809,522,4
2026-10-01,16,10047,0,46,6031_2,4,2254,767,487,4
2026-10-01,16,10047,0,47,6039_1,4,2156,772,433,4
2026-10-01,16,10060,1,35,114_5,1,53,53,53,0
2026-10-01,16,10063,1,20,393_1,1,62,62,62,0
2026-10-01,16,10063,1,21,114_1,1,129,129,129,0
2026-10-01,16,10063,1,22,114_3,1,243,243,243,0
2026-10-01,16,10063,1,23,3_1,1,265,265,265,0
2026-10-01,16,10063,1,24,73_1,1,268,268,268,0
2026-10-01,16,10063,1,25,72_2,1,473,473,473,1
2026-10-01,16,10063,1,26,55_1,1,365,365,365,1
2026-10-01,16,10063,1,27,56_1,1,397,397,397,1
2026-10-01,16,10063,1,28,57_1,1,432,432,432,1
2026-10-01,16,10063,1,29,59_1,1,433,433,433,1
2026-10-01,16,10063,1,30,61_2,1,361,361,361,1
2026-10-01,16,10068,1,39,6059_1,2,766,384,382,2
2026-10-01,16,10068,1,40,3_1,3,1284,444,398,3
2026-10-01,16,10068,1,41,73_1,4,1319,387,206,3
2026-10-01,16,10068,1,42,128_1,4,1571,450,269,3
2026-10-01,16,10068,1,43,114_5,4,213,87,0,0
2026-10-01,16,10072,0,31,440_1,1,808,808,808,1
2026-10-01,16,10072,0,32,6236_1,2,1629,876,753,2
2026-10-01,16,10072,0,33,6109_1,2,1443,783,660,2
2026-10-01,17,10031,1,4,6200_1,1,13,13,13,0
2026-10-01,17,10031,1,5,6176_1,1,16,16,16,0
2026-10-01,17,10031,1,6,6206_1,2,228,131,97,0
2026-10-01,17,10031,1,7,6246_1,2,364,199,165,0
2026-10-01,17,10031,1,8,6181_1,2,330,182,148,0
2026-10-01,17,10031,1,9,6225_1,2,296,165,131,0
2026-10-01,17,10031,1,10,6258_1,2,262,148,114,0
2026-10-01,17,10031,1,11,6240_1,2,240,137,103,0
2026-10-01,17,10031,1,12,6257_1,2,296,165,131,0
2026-10-01,17,10032,0,10,114_4,1,175,175,175,0
2026-10-01,17,10032,0,11,393_2,1,153,153,153,0
2026-10-01,17,10032,0,12,6070_3,1,167,167,167,0
2026-10-01,17,10032,0,13,6102_2,1,163,163,163,0
2026-10-01,17,10032,0,14,6069_2,2,384,195,189,0
2026-10-01,17,10032,0,15,6057_2,2,311,158,153,0
2026-10-01,17,10032,0,16,9_5,2,211,108,103,0
2026-10-01,17,10032,0,17,6241_2,2,273,139,134,0
2026-10-01,17,10032,0,18,6143_2,2,244,123,121,0
2026-10-01,17,10032,0,19,6166_2,2,233,127,106,0
2026-10-01,17,10032,0,20,446_4,2,329,175,154,0
2026-10-01,17,10032,1,46,3_1,1,353,353,353,1
2026-10-01,17,10032,1,47,73_1,2,579,310,269,1
2026-10-01,17,10032,1,48,72_2,2,955,498,457,2
2026-10-01,17,10033,0,4,6211_1,1,123,123,123,0
2026-10-01,17,10033,0,5,6033_1,2,324,233,91,0
2026-10-01,17,10033,0,6,6400_2,2,323,233,90,0
2026-10-01,17,10033,0,7,6401_2,2,315,229,86,0
2026-10-01,17,10033,0,8,6074_2,2,373,258,115,0
2026-10-01,17,10033,0,9,6169_2,2,287,215,72,0
2026-10-01,17,10033,0,10,6260_1,2,335,239,96,0
2026-10-01,17,10033,0,11,7475_1,1,0,0,0,0
2026-10-01,17,10033,1,1,7475_1,1,0,0,0,0
2026-10-01,17,10033,1,2,6260_2,1,40,40,40,0
2026-10-01,17,10033,1,3,6169_1,1,80,80,80,0
2026-10-01,17,10033,1,4,6405_1,1,94,94,94,0
2026-10-01,17,10033,1,5,6074_1,1,89,89,89,0
2026-10-01,17,10033,1,6,6401_1,1,58,58,58,0
2026-10-01,17,10033,1,7,6400_1,1,68,68,68,0
2026-10-01,17,10040,1,2,91_3,1,0,0,0,0
2026-10-01,17,10047,0,2,59_4,1,117,117,117,0
2026-10-01,17,10047,0,3,57_2,1,122,122,122,0
2026-10-01,17,10047,0,4,56_2,1,251,251,251,0
2026-10-01,17,10047,0,30,6242_1,1,686,686,686,1
2026-10-01,17,10047,0,31,6064_1,1,668,668,668,1
2026-10-01,17,10047,0,32,6255_2,2,1507,786,721,2
2026-10-01,17,10047,0,33,6256_2,2,1559,812,747,2
2026-10-01,17,10047,0,34,6094_2,2,1517,791,726,2
2026-10-01,17,10047,0,35,6244_2,2,1460,765,695,2
2026-10-01,17,10047,0,36,6257_2,2,1441,757,684,2
2026-10-01,17,10047,0,37,6240_2,2,1524,788,736,2
2026-10-01,17,10047,0,38,6258_2,2,1492,772,720,2
2026-10-01,17,10047,0,39,6225_2,2,1480,766,714,2
2026-10-01,17,10047,0,40,6181_2,2,1440,746,694,2
2026-10-01,17,10047,1,19,94_2,2,607,311,296,1
2026-10-01,17,10047,1,20,95_1,2,599,307,292,1
2026-10-01,17,10047,1,21,6228_1,2,661,338,323,2
2026-10-01,17,10047,1,22,243_1,2,705,360,345,2
2026-10-01,17,10047,1,23,6041_1,2,785,400,385,2
2026-10-01,17,10047,1,24,6162_1,2,727,371,356,2
2026-10-01,17,10047,1,25,6160_1,2,725,370,355,2
2026-10-01,17,10047,1,26,6001_1,2,693,354,339,2
2026-10-01,17,10047,1,27,6161_1,2,689,352,337,2
2026-10-01,17,10049,0,10,6244_2,1,87,87,87,0
2026-10-01,17,10049,0,11,6257_2,1,76,76,76,0
2026-10-01,17,10049,0,12,6240_2,1,128,128,128,0
2026-10-01,17,10049,0,13,6258_2,2,211,112,99,0
2026-10-01,17,10049,0,14,6225_2,2,199,106,93,0
2026-10-01,17,10049,0,15,6181_2,2,159,86,73,0
2026-10-01,17,10049,0,16,6246_2,2,225,119,106,0
2026-10-01,17,10049,0,17,6206_2,2,201,107,94,0
2026-10-01,17,10049,0,18,6176_2,2,227,120,107,0
2026-10-01,17,10049,0,19,6200_3,2,249,131,118,0
2026-10-01,17,10049,0,20,6042_2,2,211,112,99,0
2026-10-01,17,10049,0,21,6031_2,1,58,58,58,0
2026-10-01,17,10050,0,5,6212_2,1,102,102,102,0
2026-10-01,17,10050,0,6,6205_2,2,340,204,136,0
2026-10-01,17,10050,0,7,6187_3,2,370,219,151,0
2026-10-01,17,10050,0,8,6011_2,2,446,257,189,0
2026-10-01,17,10050,0,9,6018_2,2,516,292,224,0
2026-10-01,17,10050,0,10,6190_2,2,576,322,254,1
2026-10-01,17,10050,0,11,6171_2,2,532,300,232,1
2026-10-01,17,10050,0,12,6014_3,2,288,178,110,0
2026-10-01,17,10050,1,10,93_2,1,73,73,73,0
2026-10-01,17,10050,1,11,6016_2,2,169,90,79,0
2026-10-01,17,10050,1,12,91_4,2,53,32,21,0
2026-10-01,17,10051,1,3,6248_1,1,50,50,50,0
2026-10-01,17,10051,1,4,6067_1,2,23,14,9,0
2026-10-01,17,10051,1,5,6172_1,2,27,16,11,0
2026-10-01,17,10051,1,6,6017_1,2,71,38,33,0
2026-10-01,17,10051,1,7,6011_1,2,93,49,44,0
2026-10-01,17,10051,1,8,6187_2,2,175,90,85,0
2026-10-01,17,10051,1,9,6205_1,2,157,81,76,0
2026-10-01,17,10051,1,10,6212_1,2,163,84,79,0
2026-10-01,17,10051,1,11,6013_1,2,152,83,69,0
2026-10-01,17,10053,1,8,6265_1,1,248,248,248,0
2026-10-01,17,10053,1,9,6349_1,1,248,248,248,0
2026-10-01,17,10053,1,10,6327_1,1,248,248,248,0
2026-10-01,17,10053,1,11,6297_9,1,248,248,248,0
2026-10-01,17,10053,1,12,6369_9,1,248,248,248,0
2026-10-01,17,10053,1,13,6344_1,1,248,248,248,0
2026-10-01,17,10053,1,14,6282_9,1,248,248,248,0
2026-10-01,17,10055,1,23,39_1,1,153,153,153,0
2026-10-01,17,10055,1,24,40_1,2,305,190,115,0
2026-10-01,17,10055,1,25,21_1,2,271,173,98,0
2026-10-01,17,10055,1,26,42_1,2,225,150,75,0
2026-10-01,17,10055,1,27,43_1,2,259,167,92,0
2026-10-01,17,10055,1,28,44_1,2,309,192,117,0
2026-10-01,17,10055,1,29,18_1,2,217,146,71,0
2026-10-01,17,10055,1,30,707_1,1,146,146,146,0
2026-10-01,17,10058,1,9,17_1,1,301,301,301,1
2026-10-01,17,10058,1,10,478_1,1,330,330,330,1
2026-10-01,17,10059,0,10,7475_1,1,49,49,49,0
2026-10-01,17,10060,1,11,6013_1,1,73,73,73,0
2026-10-01,17,10060,1,12,94_2,2,83,47,36,0
2026-10-01,17,10060,1,13,95_1,2,75,43,32,0
2026-10-01,17,10060,1,14,6228_1,2,137,74,63,0
2026-10-01,17,10060,1,15,243_1,2,181,96,85,0
2026-10-01,17,10060,1,16,6041_1,2,261,136,125,0
2026-10-01,17,10060,1,17,6162_1,2,203,107,96,0
2026-10-01,17,10060,1,18,6160_1,2,201,106,95,0
2026-10-01,17,10060,1,19,6001_1,2,169,90,79,0
2026-10-01,17,10060,1,25,9_2,1,0,0,0,0
2026-10-01,17,10060,1,26,8_3,1,77,77,77,0
2026-10-01,17,10060,1,27,6_1,1,79,79,79,0
2026-10-01,17,10060,1,28,902_1,1,58,58,58,0
2026-10-01,17,10060,1,31,6059_1,1,288,288,288,0
2026-10-01,17,10060,1,32,3_1,1,288,288,288,0
2026-10-01,17,10060,1,33,73_1,1,245,245,245,0
2026-10-01,17,10060,1,34,128_1,1,319,319,319,1
2026-10-01,17,10061,0,1,3_1,1,135,135,135,0
2026-10-01,17,10061,0,2,73_1,1,63,63,63,0
2026-10-01,17,10061,0,3,128_1,1,137,137,137,0
2026-10-01,17,10061,0,5,3_3,2,532,300,232,1
2026-10-01,17,10061,0,6,4_5,2,504,286,218,0
2026-10-01,17,10061,0,7,5_3,2,590,329,261,1
2026-10-01,17,10061,0,8,902_2,2,472,270,202,0
2026-10-01,17,10061,0,9,6_2,2,518,293,225,0
2026-10-01,17,10061,0,13,6143_2,1,165,165,165,0
2026-10-01,17,10061,0,14,6166_2,1,169,169,169,0
2026-10-01,17,10061,0,15,446_4,2,408,217,191,0
2026-10-01,17,10061,0,16,6161_2,2,510,268,242,0
2026-10-01,17,10061,0,17,6001_2,2,598,312,286,1
2026-10-01,17,10061,0,18,6160_2,3,1322,739,281,2
2026-10-01,17,10061,0,19,6162_2,2,1067,752,315,2
2026-10-01,17,10061,0,20,6041_2,3,1970,825,354,3
2026-10-01,17,10061,0,21,243_2,2,1642,838,804,2
2026-10-01,17,10061,0,22,6228_2,2,1684,859,825,2
2026-10-01,17,10061,0,23,95_2,2,1732,883,849,2
2026-10-01,17,10061,0,24,94_3,2,1706,870,836,2
2026-10-01,17,10061,0,25,6013_2,2,1738,886,852,2
2026-10-01,17,10064,1,2,6019_2,1,0,0,0,0
2026-10-01,17,10064,1,3,6020_1,1,19,19,19,0
2026-10-01,17,10064,1,4,6290_1,1,39,39,39,0
2026-10-01,17,10064,1,5,6106_1,1,0,0,0,0
2026-10-01,17,10064,1,6,6134_1,1,0,0,0,0
2026-10-01,17,10064,1,7,6196_1,1,21,21,21,0
2026-10-01,17,10065,0,17,6073_2,1,176,176,176,0
2026-10-01,17,10065,0,18,6152_1,2,291,176,115,0
2026-10-01,17,10065,0,19,6300_2,2,291,176,115,0
2026-10-01,17,10068,0,5,3_3,1,471,471,471,1
2026-10-01,17,10068,0,6,4_3,1,548,548,548,1
2026-10-01,17,10068,0,7,254_2,2,1031,518,513,2
2026-10-01,17,10068,0,8,53_3,2,909,457,452,2
2026-10-01,17,10068,0,9,253_2,2,967,486,481,2
2026-10-01,17,10068,0,10,186_2,2,933,469,464,2
2026-10-01,17,10068,0,11,252_2,1,536,536,536,1
2026-10-01,17,10068,0,24,7717_2,1,630,630,630,1
2026-10-01,17,10068,0,25,6023_1,2,1377,696,681,2
2026-10-01,17,10068,0,26,210_2,2,1471,743,728,2
2026-10-01,17,10068,0,27,211_2,2,1455,735,720,2
2026-10-01,17,10068,0,28,212_2,2,1497,756,741,2
2026-10-01,17,10068,0,29,615_2,2,1641,828,813,2
2026-10-01,17,10068,1,7,421_2,1,128,128,128,0
2026-10-01,17,10068,1,8,422_2,2,198,118,80,0
2026-10-01,17,10068,1,9,7217_1,2,202,120,82,0
2026-10-01,17,10068,1,10,752_1,2,164,101,63,0
2026-10-01,17,10068,1,11,216_1,2,172,105,67,0
2026-10-01,17,10068,1,12,215_1,2,152,95,57,0
2026-10-01,17,10068,1,13,214_1,2,112,75,37,0
2026-10-01,17,10068,1,14,7213_1,2,80,59,21,0
2026-10-01,17,10068,1,15,615_1,2,184,111,73,0
2026-10-01,17,10068,1,20,7717_1,1,247,247,247,0
2026-10-01,17,10068,1,21,765_1,2,592,297,295,0
2026-10-01,17,10068,1,22,610_1,2,432,217,215,0
2026-10-01,17,10068,1,23,609_1,2,448,225,223,0
2026-10-01,17,10068,1,24,608_1,2,568,285,283,0
2026-10-01,17,10068,1,25,607_1,2,580,291,289,0
2026-10-01,17,10068,1,26,606_1,2,576,289,287,0
2026-10-01,17,10068,1,27,249_1,2,394,198,196,0
2026-10-01,17,10068,1,28,250_1,2,396,199,197,0
2026-10-01,17,10068,1,31,151_1,1,699,699,699,1
2026-10-01,17,10068,1,32,150_1,2,1395,704,691,2
2026-10-01,17,10068,1,33,252_1,2,1572,797,775,2
2026-10-01,17,10068,1,34,186_1,2,1492,757,735,2
2026-10-01,17,10068,1,35,253_1,2,1518,770,748,2
2026-10-01,17,10072,0,27,421_1,1,346,346,346,1
2026-10-01,17,10072,0,28,6163_1,1,371,371,371,1
2026-10-01,17,10072,0,29,419_1,2,796,410,386,2
2026-10-01,17,10072,0,30,418_1,2,808,416,392,2
2026-10-01,17,10072,0,31,440_1,2,830,427,403,2
2026-10-01,17,10072,0,32,6236_1,2,976,500,476,2
2026-10-01,17,10072,0,33,6109_1,2,798,411,387,2
2026-10-01,17,10072,1,2,6236_2,1,63,63,63,0
2026-10-01,17,10072,1,3,440_2,1,70,70,70,0
2026-10-01,17,10072,1,4,418_2,2,273,153,120,0
2026-10-01,17,10072,1,5,419_2,2,241,137,104,0
2026-10-01,17,10072,1,6,6163_2,2,291,162,129,0
2026-10-01,17,10072,1,7,421_2,2,283,145,138,0
2026-10-01,17,10072,1,8,422_2,2,187,97,90,0
2026-10-01,17,10072,1,31,57_1,1,985,985,985,1
2026-10-01,17,10072,1,32,59_1,2,1977,1019,958,2
2026-10-01,17,10072,1,33,61_2,2,1841,951,890,2
2026-10-01,17,10075,0,10,204_2,1,320,320,320,1
2026-10-01,17,10075,0,11,255_2,2,673,348,325,2
2026-10-01,17,10075,0,12,205_2,2,626,324,302,2
2026-10-01,17,10075,0,13,206_2,2,574,298,276,0
2026-10-01,17,10075,0,14,863_3,2,454,238,216,0
2026-10-01,17,10081,0,8,6112_2,1,193,193,193,0
2026-10-01,17,10081,0,9,6180_2,1,228,228,228,0
2026-10-01,17,10081,0,10,6035_2,2,505,264,241,0
2026-10-01,17,10081,0,11,6079_1,2,501,262,239,0
2026-10-01,18,10001,0,1,5_2,1,0,0,0,0
2026-10-01,18,10001,0,2,202_2,2,46,46,0,0
2026-10-01,18,10001,0,3,51_2,3,108,62,0,0
2026-10-01,18,10001,0,4,201_2,4,123,62,0,0
2026-10-01,18,10001,0,5,184_2,3,60,58,0,0
2026-10-01,18,10001,0,6,200_2,4,179,119,0,0
2026-10-01,18,10001,0,7,152_3,3,117,59,0,0
2026-10-01,18,10001,0,8,251_2,5,384,119,7,0
2026-10-01,18,10001,0,9,250_2,5,289,97,0,0
2026-10-01,18,10001,0,10,249_2,5,210,69,0,0
2026-10-01,18,10001,0,11,606_2,7,421,91,15,0
2026-10-01,18,10001,0,12,607_2,8,512,99,26,0
2026-10-01,18,10001,0,13,608_2,8,396,85,10,0
2026-10-01,18,10001,0,14,609_2,9,437,85,7,0
2026-10-01,18,10001,0,15,610_2,11,628,101,2,0
2026-10-01,18,10001,0,16,765_2,6,105,30,0,0
2026-10-01,18,10001,0,17,7717_2,6,143,82,0,0
2026-10-01,18,10001,0,18,718_2,7,194,82,0,0
2026-10-01,18,10001,0,19,719_2,7,614,142,60,0
2026-10-01,18,10001,0,20,720_2,7,1034,202,120,0
2026-10-01,18,10001,0,21,721_2,8,1112,202,78,0
2026-10-01,18,10001,0,22,722_2,9,1706,262,114,0
2026-10-01,18,10001,0,23,723_2,9,2246,322,174,1
2026-10-01,18,10001,0,24,727_2,10,2343,322,97,1
2026-10-01,18,10001,0,25,724_2,10,2943,382,157,7
2026-10-01,18,10002,0,2,59_2,1,0,0,0,0
2026-10-01,18,10002,0,3,534_1,1,0,0,0,0
2026-10-01,18,10002,0,4,256_1,1,0,0,0,0
2026-10-01,18,10002,0,5,910_1,1,60,60,60,0
2026-10-01,18,10002,0,6,122_2,2,73,73,0,0
2026-10-01,18,10002,0,7,123_2,1,0,0,0,0
2026-10-01,18,10002,0,8,124_2,2,128,68,60,0
2026-10-01,18,10002,0,9,125_2,2,248,128,120,0
2026-10-01,18,10002,0,10,126_2,3,307,128,59,0
2026-10-01,18,10017,1,5,6147_1,1,496,496,496,1
2026-10-01,18,10017,1,6,6122_1,1,556,556,556,1
2026-10-01,18,10017,1,7,6150_1,2,959,556,403,2
2026-10-01,18,10017,1,8,6036_1,3,1500,556,403,3
2026-10-01,18,10017,1,9,6148_1,5,2531,616,463,5
2026-10-01,18,10017,1,10,6019_2,5,2751,636,523,5
2026-10-01,18,10031,1,13,6244_1,2,388,211,177,0
2026-10-01,18,10031,1,14,6094_1,2,346,190,156,0
2026-10-01,18,10031,1,15,6256_1,2,292,163,129,0
2026-10-01,18,10031,1,16,6255_1,2,358,196,162,0
2026-10-01,18,10031,1,17,6064_2,3,580,245,124,0
2026-10-01,18,10031,1,18,6242_2,3,616,257,136,0
2026-10-01,18,10031,1,19,94_4,5,780,245,97,0
2026-10-01,18,10031,1,20,93_2,6,967,250,100,0
2026-10-01,18,10031,1,21,6016_2,6,1047,256,117,0
2026-10-01,18,10031,1,22,91_4,6,480,198,0,0
2026-10-01,18,10031,1,23,6016_1,7,812,235,24,0
2026-10-01,18,10031,1,24,93_1,9,1185,254,33,0
2026-10-01,18,10031,1,25,94_2,9,1132,300,0,1
2026-10-01,18,10031,1,26,95_1,9,978,274,0,0
2026-10-01,18,10031,1,27,6228_1,10,1529,304,49,1
2026-10-01,18,10031,1,28,243_1,11,2310,357,120,1
2026-10-01,18,10031,1,29,6041_1,12,2918,383,150,2
2026-10-01,18,10031,1,30,6162_1,12,2512,349,114,1
2026-10-01,18,10031,1,31,6160_1,12,2620,368,117,1
2026-10-01,18,10031,1,32,6001_1,12,2263,334,86,1
2026-10-01,18,10031,1,33,6161_1,13,2454,329,84,1
2026-10-01,18,10031,1,34,446_3,14,1975,300,9,1
2026-10-01,18,10031,1,35,6166_1,15,2273,298,7,0
2026-10-01,18,10031,1,36,6143_1,15,2180,284,0,0
2026-10-01,18,10031,1,37,6241_1,15,2101,279,0,0
2026-10-01,18,10031,1,38,9_2,13,1222,196,0,0
2026-10-01,18,10031,1,39,6057_1,15,2010,224,28,0
2026-10-01,18,10031,1,40,6069_1,17,2916,278,33,0
2026-10-01,18,10031,1,41,6102_1,19,4386,345,84,3
2026-10-01,18,10031,1,42,6070_2,20,4763,385,34,8
2026-10-01,18,10031,1,43,393_1,21,5665,409,76,10
2026-10-01,18,10031,1,44,114_2,22,5991,409,76,11
2026-10-01,18,10032,0,1,61_1,2,0,0,0,0
2026-10-01,18,10032,0,2,59_4,3,114,64,16,0
2026-10-01,18,10032,0,3,57_2,3,138,72,24,0
2026-10-01,18,10032,0,4,56_2,4,660,195,133,0
2026-10-01,18,10032,0,5,55_2,5,1083,242,180,0
2026-10-01,18,10032,0,6,72_1,6,923,177,115,0
2026-10-01,18,10032,0,7,73_2,7,1650,271,191,0
2026-10-01,18,10032,0,8,73_3,8,2051,294,214,0
2026-10-01,18,10032,0,9,3_2,9,2948,377,233,7
2026-10-01,18,10032,0,10,114_4,11,3261,363,219,7
2026-10-01,18,10032,0,11,393_2,12,3541,363,215,6
2026-10-01,18,10032,0,12,6070_3,13,3625,363,68,7
2026-10-01,18,10032,0,13,6102_2,14,3484,348,53,5
2026-10-01,18,10032,0,14,6069_2,14,3560,352,57,5
2026-10-01,18,10032,0,15,6057_2,15,3141,320,25,2
2026-10-01,18,10032,0,16,9_5,16,2959,294,0,0
2026-10-01,18,10032,0,17,6241_2,18,4134,394,39,6
2026-10-01,18,10032,0,18,6143_2,16,3188,331,21,4
2026-10-01,18,10032,0,19,6166_2,12,1961,294,36,0
2026-10-01,18,10032,0,20,446_4,7,900,492,39,1
2026-10-01,18,10032,0,21,6161_2,7,1312,566,65,1
2026-10-01,18,10032,0,22,6001_2,8,2011,599,89,2
2026-10-01,18,10032,0,23,6160_2,4,1547,580,244,2
2026-10-01,18,10032,0,24,6162_2,4,1628,597,273,2
2026-10-01,18,10032,0,25,6041_2,4,1796,642,312,4
2026-10-01,18,10032,0,26,243_2,5,2247,633,325,5
2026-10-01,18,10032,0,27,6228_2,5,2277,629,346,5
2026-10-01,18,10032,0,28,95_2,6,2611,594,370,6
2026-10-01,18,10032,0,29,94_3,7,2919,573,357,7
2026-10-01,18,10032,0,30,93_2,8,3490,612,370,8
2026-10-01,18,10032,0,31,6016_2,8,3586,629,387,8
2026-10-01,18,10032,0,32,91_1,9,3287,550,308,9
2026-10-01,18,10032,0,33,6016_1,9,3630,588,346,9
2026-10-01,18,10032,0,34,93_1,11,4338,597,269,10
2026-10-01,18,10032,0,35,94_1,12,5195,640,318,12
2026-10-01,18,10032,0,36,6242_1,13,5501,641,319,13
2026-10-01,18,10032,0,37,6064_1,13,5137,612,290,11
2026-10-01,18,10032,0,38,6255_2,14,6081,653,331,14
2026-10-01,18,10032,0,39,6256_2,15,7000,690,368,15
2026-10-01,18,10032,0,40,6094_2,16,8220,749,427,16
2026-10-01,18,10032,0,41,6244_2,16,7967,735,413,16
2026-10-01,18,10032,0,42,6257_2,16,7794,724,402,16
2026-10-01,18,10032,0,43,6240_2,16,8251,751,429,16
2026-10-01,18,10032,0,44,6258_2,17,8891,764,441,17
2026-10-01,18,10032,0,45,6225_2,17,8648,749,427,17
2026-10-01,18,10032,0,46,6181_2,17,8286,729,407,17
2026-10-01,18,10032,0,47,6246_2,18,9692,786,448,18
2026-10-01,18,10032,0,48,6206_2,18,9571,779,436,18
2026-10-01,18,10032,0,49,6176_2,18,9572,789,449,18
2026-10-01,18,10032,0,50,6200_3,19,10414,807,460,19
2026-10-01,18,10032,0,51,6042_2,19,9753,775,423,19
2026-10-01,18,10032,0,52,6031_2,19,8991,735,383,19
2026-10-01,18,10032,0,53,6039_1,20,8099,702,316,20
2026-10-01,18,10032,1,49,55_1,2,939,490,449,2
2026-10-01,18,10032,1,50,56_1,2,1009,525,484,2
2026-10-01,18,10032,1,51,57_1,3,1731,662,483,3
2026-10-01,18,10032,1,52,59_1,4,2394,696,530,4
2026-10-01,18,10032,1,53,61_1,5,1763,468,281,4
2026-10-01,18,10033,0,1,91_3,1,27,27,27,0
2026-10-01,18,10033,0,2,7841_4,3,251,105,56,0
2026-10-01,18,10033,0,3,6170_2,3,329,131,82,0
2026-10-01,18,10033,0,4,6211_1,4,553,181,116,0
2026-10-01,18,10033,0,5,6033_1,4,613,184,102,0
2026-10-01,18,10033,0,6,6400_2,4,691,202,128,0
2026-10-01,18,10033,0,7,6401_2,5,805,187,113,0
2026-10-01,18,10033,0,8,6074_2,6,1167,230,156,0
2026-10-01,18,10033,0,9,6169_2,6,855,178,104,0
2026-10-01,18,10033,0,11,7475_1,1,167,167,167,0
2026-10-01,18,10033,1,8,6033_2,1,79,79,79,0
2026-10-01,18,10033,1,9,6211_2,1,44,44,44,0
2026-10-01,18,10033,1,10,6170_1,1,30,30,30,0
2026-10-01,18,10033,1,11,7841_2,1,38,38,38,0
2026-10-01,18,10033,1,12,91_3,2,0,0,0,0
2026-10-01,18,10040,1,1,7475_1,4,0,0,0,0
2026-10-01,18,10040,1,2,91_3,7,779,159,51,0
2026-10-01,18,10047,0,5,55_2,1,275,275,275,0
2026-10-01,18,10047,0,6,72_1,1,267,267,267,0
2026-10-01,18,10047,0,7,73_2,2,440,264,176,0
2026-10-01,18,10047,0,8,73_3,3,706,270,174,0
2026-10-01,18,10047,0,9,3_2,4,1341,383,258,3
2026-10-01,18,10047,0,10,114_4,5,1075,308,0,2
2026-10-01,18,10047,0,11,393_2,6,1418,367,0,3
2026-10-01,18,10047,0,12,6070_3,7,1828,376,14,4
2026-10-01,18,10047,0,13,6102_2,8,2092,361,10,3
2026-10-01,18,10047,0,14,6069_2,9,2216,369,36,3
2026-10-01,18,10047,0,15,6057_2,9,1898,334,0,3
2026-10-01,18,10047,0,16,9_5,9,1909,296,0,0
2026-10-01,18,10047,0,17,6241_2,10,2861,386,31,5
2026-10-01,18,10047,0,18,6143_2,11,2682,369,13,5
2026-10-01,18,10047,0,19,6166_2,11,2730,415,0,5
2026-10-01,18,10047,0,20,446_4,15,4425,473,48,8
2026-10-01,18,10047,0,21,6161_2,17,5891,545,92,10
2026-10-01,18,10047,0,22,6001_2,17,6459,591,125,10
2026-10-01,18,10047,0,23,6160_2,18,6541,580,106,11
2026-10-01,18,10047,0,24,6162_2,18,6717,618,123,11
2026-10-01,18,10047,0,25,6041_2,19,7783,641,168,12
2026-10-01,18,10047,0,26,243_2,20,8073,650,159,12
2026-10-01,18,10047,0,27,6228_2,21,8538,646,155,13
2026-10-01,18,10047,0,28,95_2,22,8749,633,120,14
2026-10-01,18,10047,0,29,94_3,21,7840,613,99,13
2026-10-01,18,10047,0,30,6242_1,22,9898,689,175,17
2026-10-01,18,10047,0,31,6064_1,24,10346,665,146,17
2026-10-01,18,10047,0,32,6255_2,25,11944,705,187,21
2026-10-01,18,10047,0,33,6256_2,25,12957,753,224,22
2026-10-01,18,10047,0,34,6094_2,26,14451,762,283,24
2026-10-01,18,10047,0,35,6244_2,26,14018,744,263,24
2026-10-01,18,10047,0,36,6257_2,27,14434,747,252,24
2026-10-01,18,10047,0,37,6240_2,27,15256,780,285,26
2026-10-01,18,10047,0,38,6258_2,28,16076,799,288,26
2026-10-01,18,10047,0,39,6225_2,28,15623,781,282,26
2026-10-01,18,10047,0,40,6181_2,28,15136,762,262,26
2026-10-01,18,10047,0,41,6246_2,28,16288,779,295,27
2026-10-01,18,10047,0,42,6206_2,20,10783,911,283,19
2026-10-01,18,10047,0,43,6176_2,15,7701,921,296,14
2026-10-01,18,10047,0,44,6200_3,12,6535,939,307,12
2026-10-01,18,10047,0,45,6042_2,12,6183,907,288,10
2026-10-01,18,10047,0,46,6031_2,12,5699,867,247,9
2026-10-01,18,10047,0,47,6039_1,9,3990,834,170,4
2026-10-01,18,10047,1,28,446_3,2,615,315,300,2
2026-10-01,18,10047,1,29,6166_1,2,625,320,305,2
2026-10-01,18,10047,1,30,6143_1,2,615,315,300,2
2026-10-01,18,10047,1,31,6241_1,3,971,362,297,2
2026-10-01,18,10047,1,32,9_2,4,1112,342,203,2
2026-10-01,18,10047,1,33,6057_1,4,1428,421,282,3
2026-10-01,18,10047,1,34,6069_1,5,1790,426,287,4
2026-10-01,18,10047,1,35,6102_1,6,2496,477,338,6
2026-10-01,18,10047,1,36,6070_2,7,2616,427,288,6
2026-10-01,18,10047,1,37,393_1,8,3480,570,330,8
2026-10-01,18,10047,1,38,114_1,9,3168,474,234,6
2026-10-01,18,10047,1,39,114_3,10,4305,647,288,9
2026-10-01,18,10047,1,40,3_1,11,5979,763,389,11
2026-10-01,18,10047,1,41,73_1,13,7228,759,331,13
2026-10-01,18,10047,1,42,72_2,15,10573,874,486,15
2026-10-01,18,10047,1,43,55_1,16,11084,851,463,16
2026-10-01,18,10047,1,44,56_1,17,12108,861,473,17
2026-10-01,18,10047,1,45,57_1,18,14982,993,583,18
2026-10-01,18,10047,1,46,59_1,19,16286,1006,596,19
2026-10-01,18,10047,1,47,61_1,21,13048,777,367,21
2026-10-01,18,10049,0,1,91_1,1,0,0,0,0
2026-10-01,18,10049,0,2,6016_1,2,117,65,52,0
2026-10-01,18,10049,0,3,93_1,3,255,108,67,0
2026-10-01,18,10049,0,4,94_1,4,461,137,90,0
2026-10-01,18,10049,0,5,6242_1,4,521,152,105,0
2026-10-01,18,10049,0,6,6064_1,5,607,142,95,0
2026-10-01,18,10049,0,7,6255_2,5,783,176,135,0
2026-10-01,18,10049,0,8,6256_2,6,1156,210,176,0
2026-10-01,18,10049,0,9,6094_2,2,353,179,174,0
2026-10-01,18,10049,0,21,6031_2,1,71,71,71,0
2026-10-01,18,10049,0,22,6039_1,1,0,0,0,0
2026-10-01,18,10049,0,23,6040_2,2,100,100,0,0
2026-10-01,18,10049,0,24,6022_9,2,100,100,0,0
2026-10-01,18,10049,0,25,6099_9,3,249,149,0,0
2026-10-01,18,10049,0,26,6141_2,4,496,247,0,0
2026-10-01,18,10049,0,27,6105_2,5,737,247,0,0
2026-10-01,18,10049,0,28,6105_1,6,1057,270,10,0
2026-10-01,18,10049,0,29,6141_1,6,1057,270,10,0
2026-10-01,18,10049,0,30,6039_1,7,1753,336,70,4
2026-10-01,18,10049,1,2,6031_1,1,81,81,81,0
2026-10-01,18,10049,1,3,6042_1,1,64,64,64,0
2026-10-01,18,10049,1,4,6200_1,1,54,54,54,0
2026-10-01,18,10049,1,5,6176_1,2,103,62,41,0
2026-10-01,18,10049,1,6,6206_1,3,336,121,100,0
2026-10-01,18,10049,1,7,6246_1,4,650,176,146,0
2026-10-01,18,10049,1,8,6181_1,5,788,170,140,0
2026-10-01,18,10049,1,9,6225_1,5,713,155,125,0
2026-10-01,18,10049,1,10,6258_1,6,750,137,105,0
2026-10-01,18,10049,1,11,6240_1,6,618,115,83,0
2026-10-01,18,10049,1,12,6257_1,7,931,169,107,0
2026-10-01,18,10049,1,13,6244_1,7,1043,185,123,0
2026-10-01,18,10049,1,14,6094_1,7,861,159,97,0
2026-10-01,18,10049,1,15,6256_1,8,872,151,77,0
2026-10-01,18,10049,1,16,6255_1,8,952,161,87,0
2026-10-01,18,10049,1,17,6064_2,9,1448,201,127,0
2026-10-01,18,10049,1,18,6242_2,9,1493,206,132,0
2026-10-01,18,10049,1,19,94_4,10,2002,252,156,0
2026-10-01,18,10049,1,20,93_2,10,2112,265,165,0
2026-10-01,18,10049,1,21,6016_2,11,2472,271,181,0
2026-10-01,18,10049,1,22,91_1,11,2131,240,150,0
2026-10-01,18,10050,0,1,91_4,2,0,0,0,0
2026-10-01,18,10050,0,2,6016_1,3,157,100,24,0
2026-10-01,18,10050,0,3,93_1,5,412,200,27,0
2026-10-01,18,10050,0,4,6013_2,7,756,218,47,0
2026-10-01,18,10050,0,5,6212_2,8,1193,252,81,0
2026-10-01,18,10050,0,6,6205_2,10,1710,271,99,0
2026-10-01,18,10050,0,7,6187_3,12,2248,286,106,0
2026-10-01,18,10050,0,8,6011_2,12,2566,328,117,1
2026-10-01,18,10050,0,9,6018_2,13,2865,335,120,1
2026-10-01,18,10050,0,10,6190_2,14,3845,383,178,4
2026-10-01,18,10050,0,11,6171_2,16,4107,356,158,3
2026-10-01,18,10050,0,12,6014_3,16,1966,231,16,0
2026-10-01,18,10050,1,1,6014_1,2,0,0,0,0
2026-10-01,18,10050,1,2,6171_1,3,83,48,15,0
2026-10-01,18,10050,1,3,6190_1,4,106,58,0,0
2026-10-01,18,10050,1,4,6018_1,4,38,30,0,0
2026-10-01,18,10050,1,5,6011_3,5,60,50,0,0
2026-10-01,18,10050,1,6,6187_2,7,175,68,4,0
2026-10-01,18,10050,1,7,6205_1,7,159,65,0,0
2026-10-01,18,10050,1,8,6212_1,8,349,83,14,0
2026-10-01,18,10050,1,9,6013_1,10,300,73,3,0
2026-10-01,18,10050,1,10,93_2,10,652,122,19,0
2026-10-01,18,10050,1,11,6016_2,12,803,118,33,0
2026-10-01,18,10050,1,12,91_4,2,0,0,0,0
2026-10-01,18,10051,0,1,91_4,4,0,0,0,0
2026-10-01,18,10051,0,2,6016_1,3,185,104,33,0
2026-10-01,18,10051,0,3,93_1,6,513,168,35,0
2026-10-01,18,10051,0,4,6013_2,8,601,161,39,0
2026-10-01,18,10051,0,5,6212_2,11,1174,175,67,0
2026-10-01,18,10051,0,6,6205_2,12,1637,198,90,0
2026-10-01,18,10051,0,7,6187_3,14,2030,211,111,0
2026-10-01,18,10051,0,8,6011_4,16,2944,245,130,0
2026-10-01,18,10051,0,9,6017_2,19,3971,282,94,0
2026-10-01,18,10051,0,10,6172_2,21,4320,272,103,0
2026-10-01,18,10051,0,11,6067_2,23,4540,270,102,0
2026-10-01,18,10051,0,12,6248_2,25,4815,254,115,0
2026-10-01,18,10051,0,13,6249_2,27,5069,255,114,0
2026-10-01,18,10051,0,14,6015_2,30,4093,204,60,0
2026-10-01,18,10051,1,1,6015_1,1,0,0,0,0
2026-10-01,18,10051,1,2,6249_1,2,62,36,26,0
2026-10-01,18,10051,1,3,6248_1,3,83,34,18,0
2026-10-01,18,10051,1,4,6067_1,3,13,13,0,0
2026-10-01,18,10051,1,5,6172_1,7,229,52,16,0
2026-10-01,18,10051,1,6,6017_1,7,268,71,8,0
2026-10-01,18,10051,1,7,6011_1,9,324,85,4,0
2026-10-01,18,10051,1,8,6187_2,10,893,135,46,0
2026-10-01,18,10051,1,9,6205_1,11,887,127,41,0
2026-10-01,18,10051,1,10,6212_1,13,1118,151,11,0
2026-10-01,18,10051,1,11,6013_1,15,1021,126,1,0
2026-10-01,18,10051,1,12,93_2,19,2186,169,39,0
2026-10-01,18,10051,1,13,6016_2,21,2723,186,55,0
2026-10-01,18,10051,1,14,91_4,14,149,45,0,0
2026-10-01,18,10053,1,15,6371_9,1,248,248,248,0
2026-10-01,18,10053,1,16,6370_1,1,248,248,248,0
2026-10-01,18,10053,1,17,6348_1,1,248,248,248,0
2026-10-01,18,10053,1,18,6277_9,1,248,248,248,0
2026-10-01,18,10053,1,19,6275_9,2,360,248,112,0
2026-10-01,18,10053,1,20,6329_9,2,360,248,112,0
2026-10-01,18,10053,1,21,6366_1,3,467,248,107,0
2026-10-01,18,10053,1,22,6368_1,4,630,248,107,0
2026-10-01,18,10053,1,23,6356_1,4,630,248,107,0
2026-10-01,18,10053,1,24,6375_9,4,630,248,107,0
2026-10-01,18,10053,1,25,6346_1,5,822,248,107,0
2026-10-01,18,10053,1,26,6358_1,5,822,248,107,0
2026-10-01,18,10053,1,27,6345_9,5,872,258,117,0
2026-10-01,18,10053,1,28,6360_9,5,872,258,117,0
2026-10-01,18,10053,1,29,6357_9,6,988,258,116,0
2026-10-01,18,10053,1,30,6294_9,7,1108,258,116,0
2026-10-01,18,10053,1,31,6347_1,8,1251,258,116,0
2026-10-01,18,10053,1,32,6367_1,10,1373,258,61,0
2026-10-01,18,10053,1,33,6332_9,10,1373,258,61,0
2026-10-01,18,10053,1,34,6353_9,10,1373,258,61,0
2026-10-01,18,10053,1,35,6355_1,11,1383,258,10,0
2026-10-01,18,10053,1,36,6301_1,11,1383,258,10,0
2026-10-01,18,10053,1,37,6289_1,11,1397,272,10,0
2026-10-01,18,10053,1,38,6300_1,12,1360,233,2,0
2026-10-01,18,10053,1,39,6152_9,13,1358,228,2,0
2026-10-01,18,10053,1,40,6073_1,14,1479,286,2,0
2026-10-01,18,10053,1,41,6188_9,14,1419,256,2,0
2026-10-01,18,10053,1,42,6043_1,15,1521,251,2,0
2026-10-01,18,10053,1,43,6020_1,16,1522,251,1,0
2026-10-01,18,10053,1,44,6106_1,17,1990,275,11,0
2026-10-01,18,10053,1,45,6134_1,14,1763,274,0,0
2026-10-01,18,10053,1,46,6196_1,15,2100,295,22,0
2026-10-01,18,10053,1,47,6263_1,14,1359,225,0,0
2026-10-01,18,10053,1,48,6260_1,13,950,155,6,0
2026-10-01,18,10053,1,49,7475_2,4,52,20,6,0
2026-10-01,18,10055,1,30,707_1,1,221,221,221,0
2026-10-01,18,10056,0,2,18_2,1,44,44,44,0
2026-10-01,18,10056,0,3,44_2,2,138,94,44,0
2026-10-01,18,10056,0,4,43_2,3,291,153,44,0
2026-10-01,18,10056,0,5,42_2,3,291,153,44,0
2026-10-01,18,10056,0,6,21_2,4,416,153,44,0
2026-10-01,18,10056,0,7,40_2,4,416,153,44,0
2026-10-01,18,10056,0,8,39_2,5,589,173,44,0
2026-10-01,18,10056,0,9,7471_2,6,1121,233,104,0
2026-10-01,18,10056,0,10,472_2,7,1443,322,104,1
2026-10-01,18,10056,0,11,473_2,8,2047,358,140,2
2026-10-01,18,10056,0,12,474_2,8,2079,362,144,2
2026-10-01,18,10056,0,13,7475_3,9,2506,427,144,3
2026-10-01,18,10056,0,14,6260_2,9,2506,427,144,3
2026-10-01,18,10056,0,15,6263_2,10,2845,427,144,4
2026-10-01,18,10056,0,16,6196_2,11,3138,416,141,5
2026-10-01,18,10056,0,17,6134_2,11,3587,459,178,7
2026-10-01,18,10056,0,18,6106_2,12,4231,485,183,8
2026-10-01,18,10056,0,19,6020_9,13,5011,509,230,11
2026-10-01,18,10056,0,20,6019_1,14,3843,378,136,6
2026-10-01,18,10057,1,1,7475_2,4,757,389,0,2
2026-10-01,18,10057,1,2,474_1,6,2024,550,119,3
2026-10-01,18,10057,1,3,473_1,7,2136,542,99,3
2026-10-01,18,10057,1,4,472_1,9,3039,577,127,4
2026-10-01,18,10057,1,5,7471_1,10,3074,559,98,4
2026-10-01,18,10057,1,6,39_1,7,2071,361,211,4
2026-10-01,18,10057,1,7,40_1,7,2113,367,217,4
2026-10-01,18,10057,1,8,21_1,8,2581,405,226,5
2026-10-01,18,10057,1,9,42_1,8,2597,407,228,5
2026-10-01,18,10057,1,10,43_1,9,3027,413,234,6
2026-10-01,18,10057,1,11,44_1,9,3666,484,305,9
2026-10-01,18,10057,1,12,18_1,10,4231,497,318,10
2026-10-01,18,10057,1,13,707_1,11,3938,437,258,9
2026-10-01,18,10057,1,14,446_3,12,4333,458,237,10
2026-10-01,18,10057,1,15,9_1,13,4607,484,195,10
2026-10-01,18,10058,1,1,7475_2,2,0,0,0,0
2026-10-01,18,10058,1,2,474_1,4,515,145,114,0
2026-10-01,18,10058,1,3,473_1,4,437,122,98,0
2026-10-01,18,10058,1,4,472_1,7,1530,271,189,0
2026-10-01,18,10058,1,5,7471_1,9,1654,240,160,0
2026-10-01,18,10058,1,6,38_2,11,2477,298,180,0
2026-10-01,18,10058,1,7,708_1,14,3256,351,176,1
2026-10-01,18,10058,1,8,589_1,15,3413,350,127,1
2026-10-01,18,10058,1,9,17_1,18,5725,440,225,10
2026-10-01,18,10058,1,10,478_1,21,7651,585,252,19
2026-10-01,18,10058,1,11,8_1,23,14821,774,549,23
2026-10-01,18,10058,1,12,9_5,25,5063,288,101,0
2026-10-01,18,10059,0,1,91_3,2,228,228,0,0
2026-10-01,18,10059,0,2,7841_4,4,743,326,55,2
2026-10-01,18,10059,0,3,6170_2,5,964,351,84,2
2026-10-01,18,10059,0,4,6902_2,7,1583,379,113,3
2026-10-01,18,10059,0,5,6006_2,8,2309,416,167,4
2026-10-01,18,10059,0,6,6229_2,9,2948,443,203,5
2026-10-01,18,10059,0,7,6074_2,10,3165,441,203,5
2026-10-01,18,10059,0,8,6169_2,11,3105,420,158,6
2026-10-01,18,10059,0,9,6260_1,13,3911,443,186,7
2026-10-01,18,10059,0,10,7475_1,13,3295,469,79,6
2026-10-01,18,10059,1,1,6019_1,2,0,0,0,0
2026-10-01,18,10059,1,1,7475_1,6,66,66,0,0
2026-10-01,18,10059,1,2,6020_1,5,251,80,18,0
2026-10-01,18,10059,1,2,6260_2,11,1105,201,54,0
2026-10-01,18,10059,1,3,6169_1,16,2172,291,51,0
2026-10-01,18,10059,1,3,6290_1,3,207,90,54,0
2026-10-01,18,10059,1,3,6106_1,2,175,95,80,0
2026-10-01,18,10059,1,4,6405_1,17,2493,310,54,1
2026-10-01,18,10059,1,4,6106_1,3,33,30,0,0
2026-10-01,18,10059,1,4,6134_1,2,120,65,55,0
2026-10-01,18,10059,1,5,6074_1,20,2804,312,59,1
2026-10-01,18,10059,1,5,6134_1,3,20,18,0,0
2026-10-01,18,10059,1,5,6196_1,3,265,97,79,0
2026-10-01,18,10059,1,6,6229_1,24,3363,337,44,2
2026-10-01,18,10059,1,6,6196_1,3,83,39,21,0
2026-10-01,18,10059,1,6,6263_1,3,229,85,67,0
2026-10-01,18,10059,1,7,6006_1,29,3825,332,24,2
2026-10-01,18,10059,1,7,6263_1,3,53,29,11,0
2026-10-01,18,10059,1,7,6260_1,4,348,97,70,0
2026-10-01,18,10059,1,8,6902_1,28,4859,369,54,3
2026-10-01,18,10059,1,8,6260_1,2,16,16,0,0
2026-10-01,18,10059,1,8,7475_1,5,362,83,56,0
2026-10-01,18,10059,1,9,6170_1,29,4703,356,38,3
2026-10-01,18,10059,1,9,7475_1,1,0,0,0,0
2026-10-01,18,10059,1,9,6260_2,6,811,160,87,0
2026-10-01,18,10059,1,10,7841_2,33,6147,400,47,4
2026-10-01,18,10059,1,10,6260_2,3,197,76,51,0
2026-10-01,18,10059,1,10,6169_1,7,1125,194,120,0
2026-10-01,18,10059,1,11,91_3,24,1195,143,0,0
2026-10-01,18,10059,1,11,6169_1,5,438,114,66,0
2026-10-01,18,10059,1,11,6405_1,7,1228,210,133,0
2026-10-01,18,10059,1,12,6405_1,5,543,133,85,0
2026-10-01,18,10059,1,12,6074_1,8,1376,205,132,0
2026-10-01,18,10059,1,13,6074_1,6,706,155,87,0
2026-10-01,18,10059,1,13,6229_1,9,1515,202,120,0
2026-10-01,18,10059,1,14,6229_1,8,850,151,73,0
2026-10-01,18,10059,1,14,6006_1,9,1448,192,115,0
2026-10-01,18,10059,1,15,6006_1,8,807,146,60,0
2026-10-01,18,10059,1,15,6902_1,9,1906,247,145,0
2026-10-01,18,10059,1,16,6902_1,9,1220,183,101,0
2026-10-01,18,10059,1,16,6170_1,10,1984,231,129,0
2026-10-01,18,10059,1,17,6170_1,11,1436,180,92,0
2026-10-01,18,10059,1,17,7841_2,11,2287,230,138,0
2026-10-01,18,10059,1,18,7841_2,12,1761,208,96,0
2026-10-01,18,10059,1,18,91_2,1,0,0,0,0
2026-10-01,18,10059,1,19,91_3,8,220,58,0,0
2026-10-01,18,10060,1,1,6015_1,1,0,0,0,0
2026-10-01,18,10060,1,2,6249_1,1,33,33,33,0
2026-10-01,18,10060,1,3,6248_1,3,113,54,28,0
2026-10-01,18,10060,1,4,6067_1,5,91,30,0,0
2026-10-01,18,10060,1,5,6172_1,7,272,71,16,0
2026-10-01,18,10060,1,6,6017_1,7,358,90,11,0
2026-10-01,18,10060,1,7,6011_1,7,438,104,19,0
2026-10-01,18,10060,1,8,6187_2,9,907,154,45,0
2026-10-01,18,10060,1,9,6205_1,11,1035,144,41,0
2026-10-01,18,10060,1,10,6212_1,12,1267,175,43,0
2026-10-01,18,10060,1,11,6013_1,13,1248,162,32,0
2026-10-01,18,10060,1,12,94_2,13,1300,165,0,0
2026-10-01,18,10060,1,13,95_1,14,1005,139,0,0
2026-10-01,18,10060,1,14,6228_1,17,2176,185,69,0
2026-10-01,18,10060,1,15,243_1,18,3130,256,76,0
2026-10-01,18,10060,1,16,6041_1,18,3646,286,108,0
2026-10-01,18,10060,1,17,6162_1,20,3242,250,54,0
2026-10-01,18,10060,1,18,6160_1,21,3692,253,92,0
2026-10-01,18,10060,1,19,6001_1,23,3341,222,74,0
2026-10-01,18,10060,1,20,6161_1,26,3350,220,56,0
2026-10-01,18,10060,1,21,446_3,26,2002,161,0,0
2026-10-01,18,10060,1,22,6166_1,31,2677,182,0,0
2026-10-01,18,10060,1,23,6143_1,25,2450,182,0,0
2026-10-01,18,10060,1,24,6241_1,25,2313,174,0,0
2026-10-01,18,10060,1,25,9_2,26,1137,120,0,0
2026-10-01,18,10060,1,26,8_3,28,1628,133,0,0
2026-10-01,18,10060,1,27,6_1,29,2020,144,14,0
2026-10-01,18,10060,1,28,902_1,31,2089,153,16,0
2026-10-01,18,10060,1,29,5_1,36,1654,129,0,0
2026-10-01,18,10060,1,30,4_1,39,2015,135,0,0
2026-10-01,18,10060,1,31,6059_1,44,4396,251,15,0
2026-10-01,18,10060,1,32,3_1,47,4605,251,15,0
2026-10-01,18,10060,1,33,73_1,41,3378,208,0,0
2026-10-01,18,10060,1,34,128_1,29,4251,282,3,0
2026-10-01,18,10060,1,35,114_5,18,601,181,0,0
2026-10-01,18,10061,0,1,3_1,1,139,139,139,0
2026-10-01,18,10061,0,2,73_1,3,286,127,41,0
2026-10-01,18,10061,0,3,128_1,6,930,256,42,0
2026-10-01,18,10061,0,4,114_5,6,45,26,0,0
2026-10-01,18,10061,0,5,3_3,13,2079,263,60,0
2026-10-01,18,10061,0,6,4_5,19,3412,283,60,0
2026-10-01,18,10061,0,7,5_3,24,5074,340,61,1
2026-10-01,18,10061,0,8,902_2,28,5026,282,40,0
2026-10-01,18,10061,0,9,6_2,30,5847,298,24,0
2026-10-01,18,10061,0,10,8_1,31,6649,512,0,3
2026-10-01,18,10061,0,11,9_5,29,4241,442,0,1
2026-10-01,18,10061,0,12,6241_2,34,7572,506,57,3
2026-10-01,18,10061,0,13,6143_2,36,7318,477,39,3
2026-10-01,18,10061,0,14,6166_2,37,7904,516,26,4
2026-10-01,18,10061,0,15,446_4,42,10563,522,57,12
2026-10-01,18,10061,0,16,6161_2,51,14861,591,83,27
2026-10-01,18,10061,0,17,6001_2,51,16471,624,107,31
2026-10-01,18,10061,0,18,6160_2,56,17104,666,93,30
2026-10-01,18,10061,0,19,6162_2,55,16949,661,102,29
2026-10-01,18,10061,0,20,6041_2,59,20449,711,130,38
2026-10-01,18,10061,0,21,243_2,58,19850,710,118,36
2026-10-01,18,10061,0,22,6228_2,55,18980,703,125,34
2026-10-01,18,10061,0,23,95_2,55,18768,727,74,33
2026-10-01,18,10061,0,24,94_3,55,17955,702,51,31
2026-10-01,18,10061,0,25,6013_2,54,18568,693,68,32
2026-10-01,18,10061,0,26,6212_2,61,24327,946,118,40
2026-10-01,18,10061,0,27,6205_2,63,26788,980,144,45
2026-10-01,18,10061,0,28,6187_3,66,29181,995,163,46
2026-10-01,18,10061,0,29,6011_4,71,34421,1021,192,56
2026-10-01,18,10061,0,30,6017_2,74,38510,1044,217,60
2026-10-01,18,10061,0,31,6172_2,75,39003,1061,205,61
2026-10-01,18,10061,0,32,6067_2,76,40105,1074,194,61
2026-10-01,18,10061,0,33,6248_2,77,40520,1076,187,62
2026-10-01,18,10061,0,34,6249_2,70,38494,1087,180,57
2026-10-01,18,10061,0,35,6015_2,67,34456,1023,126,51
2026-10-01,18,10062,0,1,91_2,1,3,3,3,0
2026-10-01,18,10062,0,2,7841_4,2,309,229,80,0
2026-10-01,18,10062,0,3,6170_2,3,622,260,108,0
2026-10-01,18,10062,0,4,6902_2,6,1527,345,137,2
2026-10-01,18,10062,0,5,6006_2,7,1942,404,151,4
2026-10-01,18,10062,0,6,6229_2,8,2178,414,149,4
2026-10-01,18,10062,0,7,6074_2,9,2577,415,145,5
2026-10-01,18,10062,0,8,6169_2,10,2267,364,99,2
2026-10-01,18,10062,0,9,6263_2,11,3089,398,158,6
2026-10-01,18,10062,0,10,6196_2,12,3148,396,122,6
2026-10-01,18,10062,0,11,6134_2,13,3991,442,159,7
2026-10-01,18,10062,0,12,6106_2,14,4327,468,158,7
2026-10-01,18,10062,0,13,6020_9,16,5351,492,205,10
2026-10-01,18,10062,0,14,6019_1,17,3772,361,111,2
2026-10-01,18,10064,1,8,6263_1,1,5,5,5,0
2026-10-01,18,10064,1,9,6169_1,1,3,3,3,0
2026-10-01,18,10064,1,10,6405_1,1,17,17,17,0
2026-10-01,18,10064,1,11,6074_1,2,96,84,12,0
2026-10-01,18,10064,1,12,6229_1,2,90,81,9,0
2026-10-01,18,10064,1,13,6006_1,2,102,87,15,0
2026-10-01,18,10064,1,14,6902_1,3,326,139,67,0
2026-10-01,18,10064,1,15,6170_1,3,269,120,48,0
2026-10-01,18,10064,1,16,7841_2,4,430,133,56,0
2026-10-01,18,10064,1,17,91_2,2,0,0,0,0
2026-10-01,18,10066,0,7,6074_2,1,218,218,218,0
2026-10-01,18,10066,0,8,6169_2,1,160,160,160,0
2026-10-01,18,10066,0,9,6263_2,2,339,186,153,0
2026-10-01,18,10066,0,10,6196_2,3,581,266,141,0
2026-10-01,18,10066,0,11,6134_2,4,951,301,164,1
2026-10-01,18,10066,0,12,6106_2,4,987,310,173,1
2026-10-01,18,10066,0,13,6020_9,5,1367,336,184,3
2026-10-01,18,10066,0,14,6019_1,6,1244,297,100,0
2026-10-01,18,10066,0,15,6148_2,7,1532,297,100,0
2026-10-01,18,10066,0,16,6036_2,7,1632,312,115,1
2026-10-01,18,10066,0,17,6150_2,7,1530,298,98,0
2026-10-01,18,10066,0,18,6122_9,8,1895,395,93,1
2026-10-01,18,10066,0,19,6147_2,9,2312,417,93,2
2026-10-01,18,10066,0,20,6145_1,10,2752,440,93,3
2026-10-01,18,10066,0,21,6144_1,10,2752,440,93,3
2026-10-01,18,10066,0,22,6149_1,10,2619,440,74,3
2026-10-01,18,10066,0,23,6149_9,10,2595,440,71,3
2026-10-01,18,10067,0,2,73_1,1,785,785,785,1
2026-10-01,18,10067,0,3,128_1,2,1661,873,788,2
2026-10-01,18,10067,0,4,114_5,4,2672,863,498,4
2026-10-01,18,10067,0,5,3_3,6,4846,1026,661,6
2026-10-01,18,10067,0,6,4_3,6,4840,1028,663,6
2026-10-01,18,10067,0,7,254_2,8,5918,969,604,8
2026-10-01,18,10067,0,8,53_3,9,6285,923,558,9
2026-10-01,18,10067,0,9,253_2,9,6833,983,618,9
2026-10-01,18,10067,0,10,186_2,10,7099,930,565,10
2026-10-01,18,10067,0,11,252_2,12,9522,1005,640,12
2026-10-01,18,10067,0,12,150_2,13,10491,1017,652,13
2026-10-01,18,10067,0,13,151_2,14,11670,1042,677,14
2026-10-01,18,10067,0,14,152_3,15,12162,1018,653,15
2026-10-01,18,10067,0,15,251_2,16,13923,1065,700,16
2026-10-01,18,10067,0,16,250_2,16,13553,1043,678,16
2026-10-01,18,10067,0,17,249_2,16,12925,1002,600,16
2026-10-01,18,10067,0,18,606_2,18,15107,1023,615,18
2026-10-01,18,10067,0,19,607_2,19,16250,1031,626,19
2026-10-01,18,10067,0,20,608_2,19,15971,1017,610,19
2026-10-01,18,10067,0,21,609_2,20,16789,1009,612,20
2026-10-01,18,10067,0,22,610_2,20,17310,1048,603,20
2026-10-01,18,10067,0,23,765_2,21,19663,1117,678,21
2026-10-01,18,10067,0,24,7717_2,22,20254,1090,651,22
2026-10-01,18,10067,0,25,6023_1,18,17413,1127,750,18
2026-10-01,18,10067,0,26,210_2,2,1805,943,862,2
2026-10-01,18,10067,0,27,211_2,1,846,846,846,1
2026-10-01,18,10068,0,1,3_1,1,414,414,414,1
2026-10-01,18,10068,0,2,73_1,4,1279,366,254,2
2026-10-01,18,10068,0,3,128_1,7,2902,478,323,7
2026-10-01,18,10068,0,4,114_5,8,1379,278,46,0
2026-10-01,18,10068,0,5,3_3,12,4081,480,222,7
2026-10-01,18,10068,0,6,4_3,12,4048,467,236,6
2026-10-01,18,10068,0,7,254_2,11,2776,350,184,3
2026-10-01,18,10068,0,8,53_3,10,1645,227,125,0
2026-10-01,18,10068,0,9,253_2,10,2212,291,176,0
2026-10-01,18,10068,0,10,186_2,11,1928,238,94,0
2026-10-01,18,10068,0,11,252_2,13,3338,541,142,2
2026-10-01,18,10068,0,12,150_2,15,4316,614,144,4
2026-10-01,18,10068,0,13,151_2,16,5219,647,158,7
2026-10-01,18,10068,0,14,152_3,18,5678,574,143,7
2026-10-01,18,10068,0,15,251_2,20,7061,581,147,11
2026-10-01,18,10068,0,16,250_2,21,6830,568,133,10
2026-10-01,18,10068,0,17,249_2,23,6530,490,133,7
2026-10-01,18,10068,0,18,606_2,23,7083,505,159,8
2026-10-01,18,10068,0,19,607_2,21,6643,568,102,7
2026-10-01,18,10068,0,20,608_2,16,5042,552,88,7
2026-10-01,18,10068,0,21,609_2,13,4177,554,86,7
2026-10-01,18,10068,0,22,610_2,9,3918,545,109,8
2026-10-01,18,10068,0,23,765_2,9,5066,657,472,9
2026-10-01,18,10068,0,24,7717_2,10,5403,630,445,10
2026-10-01,18,10068,0,25,6023_1,11,7035,738,544,11
2026-10-01,18,10068,0,26,210_2,13,9744,850,631,13
2026-10-01,18,10068,0,27,211_2,13,9546,834,623,13
2026-10-01,18,10068,0,28,212_2,14,11556,946,644,14
2026-10-01,18,10068,0,29,615_2,16,14680,1069,716,16
2026-10-01,18,10068,0,30,7213_2,19,16839,1038,685,19
2026-10-01,18,10068,0,31,214_2,22,17902,998,609,22
2026-10-01,18,10068,0,32,215_2,22,18216,1010,621,22
2026-10-01,18,10068,0,33,216_2,23,19568,1032,643,23
2026-10-01,18,10068,0,34,752_2,23,19194,1021,632,23
2026-10-01,18,10068,0,35,7217_2,23,17730,980,591,23
2026-10-01,18,10068,0,36,422_1,25,20401,1041,651,25
2026-10-01,18,10068,0,37,421_1,25,20887,1060,650,25
2026-10-01,18,10068,0,38,6163_1,27,22875,1077,675,27
2026-10-01,18,10068,0,39,419_1,27,23060,1084,690,27
2026-10-01,18,10068,0,40,418_1,28,25729,1161,696,28
2026-10-01,18,10068,0,41,440_1,28,26956,1232,707,28
2026-10-01,18,10068,0,42,6236_1,29,29122,1247,780,29
2026-10-01,18,10068,0,43,6109_1,30,27534,1179,691,30
2026-10-01,18,10068,1,1,6109_1,1,0,0,0,0
2026-10-01,18,10068,1,2,6236_2,1,43,43,43,0
2026-10-01,18,10068,1,3,440_2,3,125,47,36,0
2026-10-01,18,10068,1,4,418_2,5,526,137,68,0
2026-10-01,18,10068,1,5,419_2,6,897,241,77,0
2026-10-01,18,10068,1,6,6163_2,8,1345,265,89,0
2026-10-01,18,10068,1,7,421_2,9,1515,273,91,0
2026-10-01,18,10068,1,8,422_2,12,1984,304,47,1
2026-10-01,18,10068,1,9,7217_1,11,1648,273,43,0
2026-10-01,18,10068,1,10,752_1,12,1514,293,0,0
2026-10-01,18,10068,1,11,216_1,12,1621,312,0,1
2026-10-01,18,10068,1,12,215_1,9,1898,321,86,1
2026-10-01,18,10068,1,13,214_1,9,1916,323,88,1
2026-10-01,18,10068,1,14,7213_1,9,2096,343,108,4
2026-10-01,18,10068,1,15,615_1,10,2924,402,167,5
2026-10-01,18,10068,1,16,212_1,13,3029,378,34,5
2026-10-01,18,10068,1,17,211_1,15,4527,419,178,8
2026-10-01,18,10068,1,18,210_1,16,5969,526,211,12
2026-10-01,18,10068,1,19,6023_3,18,10111,699,426,18
2026-10-01,18,10068,1,20,7717_1,20,10183,658,358,20
2026-10-01,18,10068,1,21,765_1,20,11062,703,400,20
2026-10-01,18,10068,1,22,610_1,23,10865,627,331,23
2026-10-01,18,10068,1,23,609_1,23,10812,626,330,23
2026-10-01,18,10068,1,24,608_1,24,12570,679,383,24
2026-10-01,18,10068,1,25,607_1,24,12670,695,372,24
2026-10-01,18,10068,1,26,606_1,27,13824,689,321,27
2026-10-01,18,10068,1,27,249_1,28,11312,589,213,24
2026-10-01,18,10068,1,28,250_1,29,12256,618,224,25
2026-10-01,18,10068,1,29,251_1,31,10691,566,149,22
2026-10-01,18,10068,1,30,152_2,24,8014,573,166,18
2026-10-01,18,10068,1,31,151_1,21,8125,635,212,16
2026-10-01,18,10068,1,32,150_1,16,6619,636,203,13
2026-10-01,18,10068,1,33,252_1,18,9194,701,268,15
2026-10-01,18,10068,1,34,186_1,18,8775,711,248,15
2026-10-01,18,10068,1,35,253_1,20,9890,728,261,17
2026-10-01,18,10068,1,36,53_1,25,13030,790,281,24
2026-10-01,18,10068,1,37,254_1,26,13413,786,277,23
2026-10-01,18,10068,1,38,4_4,29,14180,785,251,25
2026-10-01,18,10068,1,39,6059_1,33,15322,807,216,26
2026-10-01,18,10068,1,40,3_1,34,18179,877,276,31
2026-10-01,18,10068,1,41,73_1,36,18036,836,222,31
2026-10-01,18,10068,1,42,128_1,36,20409,870,310,36
2026-10-01,18,10068,1,43,114_5,35,12374,658,85,19
2026-10-01,18,10072,0,3,57_2,1,440,440,440,1
2026-10-01,18,10072,0,4,56_2,2,1088,553,535,2
2026-10-01,18,10072,0,5,55_4,3,1695,583,547,3
2026-10-01,18,10072,0,6,69_2,4,2274,615,535,4
2026-10-01,18,10072,0,7,68_2,6,3588,656,559,6
2026-10-01,18,10072,0,8,67_2,7,3964,627,522,7
2026-10-01,18,10072,0,9,65_2,8,5131,688,591,8
2026-10-01,18,10072,0,10,204_2,9,5323,638,534,9
2026-10-01,18,10072,0,11,255_2,11,7177,714,579,11
2026-10-01,18,10072,0,12,205_2,12,7632,706,556,12
2026-10-01,18,10072,0,13,206_2,13,7905,674,523,13
2026-10-01,18,10072,0,14,863_3,14,6907,545,408,14
2026-10-01,18,10072,0,15,209_2,15,8466,625,475,15
2026-10-01,18,10072,0,16,210_2,15,8688,641,491,15
2026-10-01,18,10072,0,17,211_2,16,8945,635,463,16
2026-10-01,18,10072,0,18,212_2,17,10817,726,492,17
2026-10-01,18,10072,0,19,615_2,18,12727,815,557,18
2026-10-01,18,10072,0,20,7213_2,20,13633,797,526,20
2026-10-01,18,10072,0,21,214_2,20,11663,700,405,20
2026-10-01,18,10072,0,22,215_2,20,11938,717,414,20
2026-10-01,18,10072,0,23,216_2,21,13030,753,443,21
2026-10-01,18,10072,0,24,752_2,21,12628,731,422,21
2026-10-01,18,10072,0,25,7217_2,21,11481,661,362,21
2026-10-01,18,10072,0,26,422_1,21,11934,700,359,21
2026-10-01,18,10072,0,27,421_1,22,13075,729,384,22
2026-10-01,18,10072,0,28,6163_1,20,11932,738,390,20
2026-10-01,18,10072,0,29,419_1,24,14427,743,373,24
2026-10-01,18,10072,0,30,418_1,25,16810,827,442,25
2026-10-01,18,10072,0,31,440_1,12,7242,767,471,12
2026-10-01,18,10072,0,32,6236_1,10,6038,687,528,10
2026-10-01,18,10072,0,33,6109_1,6,2751,530,419,6
2026-10-01,18,10072,1,9,7217_1,2,191,99,92,0
2026-10-01,18,10072,1,10,752_1,2,153,80,73,0
2026-10-01,18,10072,1,11,216_1,3,270,109,77,0
2026-10-01,18,10072,1,12,215_1,4,375,118,67,0
2026-10-01,18,10072,1,13,214_1,4,331,116,47,0
2026-10-01,18,10072,1,14,7213_1,5,485,144,31,0
2026-10-01,18,10072,1,15,615_1,5,724,189,83,0
2026-10-01,18,10072,1,16,212_1,6,783,196,44,0
2026-10-01,18,10072,1,17,211_1,7,1771,316,188,1
2026-10-01,18,10072,1,18,210_1,8,2405,423,201,3
2026-10-01,18,10072,1,19,209_1,9,3921,559,337,9
2026-10-01,18,10072,1,20,863_1,10,3797,491,269,9
2026-10-01,18,10072,1,21,206_1,12,5356,561,318,12
2026-10-01,18,10072,1,22,205_1,13,5498,630,277,12
2026-10-01,18,10072,1,23,255_1,14,5856,630,254,13
2026-10-01,18,10072,1,24,204_1,14,6544,679,303,14
2026-10-01,18,10072,1,25,65_1,15,8196,750,374,15
2026-10-01,18,10072,1,26,67_1,17,11332,869,493,17
2026-10-01,18,10072,1,27,68_1,18,12013,864,488,18
2026-10-01,18,10072,1,28,69_1,19,10871,761,385,19
2026-10-01,18,10072,1,29,55_1,20,12162,794,418,20
2026-10-01,18,10072,1,30,56_1,21,13200,804,428,21
2026-10-01,18,10072,1,31,57_1,21,15481,914,538,21
2026-10-01,18,10072,1,32,59_1,22,16702,927,551,22
2026-10-01,18,10072,1,33,61_2,22,16124,907,525,22
2026-10-01,18,10075,0,1,61_2,1,242,242,242,0
2026-10-01,18,10075,0,15,209_2,2,550,286,264,0
2026-10-01,18,10075,0,16,210_2,2,708,365,343,2
2026-10-01,18,10075,0,17,211_2,3,970,357,278,2
2026-10-01,18,10075,0,18,212_2,4,1405,378,330,4
2026-10-01,18,10075,0,19,615_2,5,2220,518,402,5
2026-10-01,18,10075,0,20,7213_2,6,2609,516,371,6
2026-10-01,18,10075,0,21,214_2,7,2576,435,295,6
2026-10-01,18,10075,0,22,215_2,7,2660,447,307,7
2026-10-01,18,10075,0,23,216_2,7,2814,469,329,7
2026-10-01,18,10075,0,24,752_2,8,3182,458,318,8
2026-10-01,18,10075,0,25,7217_2,9,3197,417,277,8
2026-10-01,18,10075,0,26,422_1,9,3739,478,338,9
2026-10-01,18,10075,0,27,421_3,10,3977,464,324,10
2026-10-01,18,10080,1,2,6035_1,1,70,70,70,0
2026-10-01,18,10080,1,3,6180_1,2,17,17,0,0
2026-10-01,18,10080,1,4,6112_1,2,13,13,0,0
2026-10-01,18,10080,1,5,6168_1,2,7,7,0,0
2026-10-01,18,10080,1,6,426_1,2,155,81,74,0
2026-10-01,18,10080,1,7,425_3,3,333,141,58,0
2026-10-01,18,10080,1,8,424_1,4,1016,305,191,1
2026-10-01,18,10080,1,9,423_1,5,910,258,82,0
2026-10-01,18,10080,1,10,422_1,6,880,239,63,0
2026-10-01,18,10080,1,11,421_3,7,799,225,37,0
2026-10-01,19,10002,0,11,127_2,4,202,74,0,0
2026-10-01,19,10002,0,12,203_2,6,209,68,0,0
2026-10-01,19,10002,0,13,113_4,7,257,68,0,0
2026-10-01,19,10002,0,14,905_3,7,257,68,0,0
2026-10-01,19,10002,0,15,456_2,7,257,68,0,0
2026-10-01,19,10002,0,16,455_2,7,257,68,0,0
2026-10-01,19,10002,0,17,699_1,4,34,18,0,0
2026-10-01,19,10002,0,18,454_2,4,34,18,0,0
2026-10-01,19,10002,0,19,453_2,4,274,78,60,0
2026-10-01,19,10002,0,20,75_3,4,74,28,10,0
2026-10-01,19,10002,0,21,906_2,1,0,0,0,0
2026-10-01,19,10002,0,22,452_2,1,0,0,0,0
2026-10-01,19,10002,0,23,451_2,1,0,0,0,0
2026-10-01,19,10002,0,24,445_3,1,0,0,0,0
2026-10-01,19,10002,0,25,446_2,1,0,0,0,0
2026-10-01,19,10032,0,2,59_4,2,164,84,80,0
2026-10-01,19,10032,0,3,57_2,2,134,69,65,0
2026-10-01,19,10032,0,4,56_2,2,334,169,165,0
2026-10-01,19,10032,0,5,55_2,2,426,215,211,0
2026-10-01,19,10032,0,6,72_1,2,328,166,162,0
2026-10-01,19,10032,0,7,73_2,2,390,197,193,0
2026-10-01,19,10032,0,8,73_3,2,394,199,195,0
2026-10-01,19,10032,0,9,3_2,2,624,314,310,2
2026-10-01,19,10032,0,10,114_4,2,400,202,198,0
2026-10-01,19,10032,0,11,393_2,2,382,193,189,0
2026-10-01,19,10032,0,12,6070_3,2,382,193,189,0
2026-10-01,19,10032,0,13,6102_2,2,358,181,177,0
2026-10-01,19,10032,0,14,6069_2,2,384,194,190,0
2026-10-01,19,10032,0,15,6057_2,2,316,160,156,0
2026-10-01,19,10032,0,16,9_5,2,250,127,123,0
2026-10-01,19,10032,0,17,6241_2,3,484,163,159,0
2026-10-01,19,10032,0,18,6143_2,5,1234,391,151,2
2026-10-01,19,10032,0,19,6166_2,9,2464,394,141,6
2026-10-01,19,10032,0,20,446_4,17,5273,416,207,9
2026-10-01,19,10032,0,21,6161_2,19,6351,488,142,10
2026-10-01,19,10032,0,22,6001_2,21,7399,534,164,13
2026-10-01,19,10032,0,23,6160_2,25,7417,523,75,12
2026-10-01,19,10032,0,24,6162_2,28,8302,561,84,13
2026-10-01,19,10032,0,25,6041_2,29,9400,584,112,19
2026-10-01,19,10032,0,26,243_2,29,9293,593,100,18
2026-10-01,19,10032,0,27,6228_2,29,9357,589,102,18
2026-10-01,19,10032,0,28,95_2,29,8495,576,60,14
2026-10-01,19,10032,0,29,94_3,29,7776,556,31,12
2026-10-01,19,10032,0,30,93_2,29,8153,569,44,13
2026-10-01,19,10032,0,31,6016_2,28,8239,585,40,13
2026-10-01,19,10032,0,32,91_1,17,1346,194,0,0
2026-10-01,19,10032,0,33,6016_1,19,2395,244,50,0
2026-10-01,19,10032,0,34,93_1,21,3141,280,46,0
2026-10-01,19,10032,0,35,94_1,23,3996,306,71,1
2026-10-01,19,10032,0,36,6242_1,24,4134,315,80,1
2026-10-01,19,10032,0,37,6064_1,24,3646,291,56,0
2026-10-01,19,10032,0,38,6255_2,21,3622,331,96,2
2026-10-01,19,10032,0,39,6256_2,21,4375,379,144,2
2026-10-01,19,10032,0,40,6094_2,20,4632,388,137,5
2026-10-01,19,10032,0,41,6244_2,21,4374,370,107,4
2026-10-01,19,10032,0,42,6257_2,22,4420,373,104,4
2026-10-01,19,10032,0,43,6240_2,20,4789,406,144,5
2026-10-01,19,10032,0,44,6258_2,19,4815,425,154,6
2026-10-01,19,10032,0,45,6225_2,19,4483,407,136,5
2026-10-01,19,10032,0,46,6181_2,20,4361,388,133,4
2026-10-01,19,10032,0,47,6246_2,20,5283,445,169,7
2026-10-01,19,10032,0,48,6206_2,20,5045,439,140,7
2026-10-01,19,10032,0,49,6176_2,20,5022,437,137,7
2026-10-01,19,10032,0,50,6200_3,20,5431,460,146,8
2026-10-01,19,10032,0,51,6042_2,21,4905,423,112,6
2026-10-01,19,10032,0,52,6031_2,21,4055,383,71,4
2026-10-01,19,10032,0,53,6039_1,21,2596,316,0,1
2026-10-01,19,10033,0,10,6260_1,7,1171,199,125,0
2026-10-01,19,10033,0,11,7475_1,8,986,158,76,0
2026-10-01,19,10040,1,2,91_3,2,190,100,90,0
2026-10-01,19,10047,0,41,6246_2,3,2327,819,752,3
2026-10-01,19,10047,0,42,6206_2,12,8442,813,666,12
2026-10-01,19,10047,0,43,6176_2,17,11569,811,609,17
2026-10-01,19,10047,0,44,6200_3,22,14901,834,547,22
2026-10-01,19,10047,0,45,6042_2,22,14144,797,510,22
2026-10-01,19,10047,0,46,6031_2,22,13255,757,470,22
2026-10-01,19,10047,0,47,6039_1,26,13170,690,319,26
2026-10-01,19,10049,0,9,6094_2,4,761,195,185,0
2026-10-01,19,10049,0,10,6244_2,6,954,174,140,0
2026-10-01,19,10049,0,11,6257_2,6,908,177,116,0
2026-10-01,19,10049,0,12,6240_2,8,1491,210,156,0
2026-10-01,19,10049,0,13,6258_2,8,1547,215,166,0
2026-10-01,19,10049,0,14,6225_2,7,1215,196,148,0
2026-10-01,19,10049,0,15,6181_2,7,1164,183,145,0
2026-10-01,19,10049,0,16,6246_2,7,1411,218,181,0
2026-10-01,19,10049,0,17,6206_2,7,1278,203,152,0
2026-10-01,19,10049,0,18,6176_2,7,1277,204,149,0
2026-10-01,19,10049,0,19,6200_3,7,1399,223,161,0
2026-10-01,19,10049,0,20,6042_2,7,1185,193,127,0
2026-10-01,19,10049,0,21,6031_2,7,898,152,86,0
2026-10-01,19,10049,0,22,6039_1,7,387,79,13,0
2026-10-01,19,10049,1,1,6039_1,1,0,0,0,0
2026-10-01,19,10049,1,2,6031_1,2,135,76,59,0
2026-10-01,19,10049,1,3,6042_1,2,69,43,26,0
2026-10-01,19,10049,1,4,6200_1,2,41,29,12,0
2026-10-01,19,10049,1,5,6176_1,2,87,52,35,0
2026-10-01,19,10049,1,6,6206_1,2,235,126,109,0
2026-10-01,19,10049,1,7,6246_1,2,311,164,147,0
2026-10-01,19,10049,1,8,6181_1,2,289,153,136,0
2026-10-01,19,10049,1,9,6225_1,2,289,153,136,0
2026-10-01,19,10049,1,10,6258_1,2,265,141,124,0
2026-10-01,19,10049,1,11,6240_1,2,265,141,124,0
2026-10-01,19,10049,1,12,6257_1,2,363,190,173,0
2026-10-01,19,10049,1,13,6244_1,2,373,195,178,0
2026-10-01,19,10049,1,14,6094_1,2,317,167,150,0
2026-10-01,19,10049,1,15,6256_1,2,288,152,136,0
2026-10-01,19,10049,1,16,6255_1,2,268,142,126,0
2026-10-01,19,10049,1,17,6064_2,2,316,166,150,0
2026-10-01,19,10049,1,18,6242_2,2,324,170,154,0
2026-10-01,19,10049,1,19,94_4,2,462,239,223,0
2026-10-01,19,10049,1,20,93_2,2,492,254,238,0
2026-10-01,19,10049,1,21,6016_2,2,496,256,240,0
2026-10-01,19,10049,1,22,91_1,2,434,225,209,0
2026-10-01,19,10051,0,2,6016_1,2,70,42,28,0
2026-10-01,19,10051,0,3,93_1,3,192,82,48,0
2026-10-01,19,10051,0,4,6013_2,3,369,141,107,0
2026-10-01,19,10051,0,5,6212_2,3,462,172,138,0
2026-10-01,19,10051,0,6,6205_2,3,555,203,169,0
2026-10-01,19,10051,0,7,6187_3,3,606,220,186,0
2026-10-01,19,10051,0,8,6011_4,3,612,222,188,0
2026-10-01,19,10051,0,9,6017_2,3,681,245,211,0
2026-10-01,19,10051,0,10,6172_2,3,672,242,208,0
2026-10-01,19,10051,0,11,6067_2,3,684,246,212,0
2026-10-01,19,10051,0,12,6248_2,3,684,246,212,0
2026-10-01,19,10051,0,13,6249_2,3,690,244,222,0
2026-10-01,19,10051,0,14,6015_2,3,627,215,205,0
2026-10-01,19,10053,1,47,6263_1,2,557,279,278,0
2026-10-01,19,10053,1,48,6260_1,4,926,266,183,0
2026-10-01,19,10053,1,49,7475_2,14,2642,323,81,2
2026-10-01,19,10053,1,50,474_1,21,5472,454,76,6
2026-10-01,19,10053,1,51,473_1,23,5401,440,50,5
2026-10-01,19,10053,1,52,472_1,24,6386,446,69,9
2026-10-01,19,10053,1,53,7471_1,25,6046,427,42,5
2026-10-01,19,10053,1,54,39_1,26,9016,508,128,21
2026-10-01,19,10053,1,55,40_1,27,9452,488,142,23
2026-10-01,19,10053,1,56,21_1,26,9203,497,147,22
2026-10-01,19,10053,1,57,42_1,26,9041,499,122,22
2026-10-01,19,10053,1,58,43_1,27,9651,506,133,23
2026-10-01,19,10053,1,59,44_1,27,11208,572,165,23
2026-10-01,19,10053,1,60,18_1,28,11389,577,97,24
2026-10-01,19,10053,1,61,17_1,28,11389,577,97,24
2026-10-01,19,10053,1,62,16_1,28,11389,577,97,24
2026-10-01,19,10053,1,63,15_1,28,11389,577,97,24
2026-10-01,19,10053,1,64,14_1,28,11389,577,97,24
2026-10-01,19,10053,1,65,448_1,28,11389,577,97,24
2026-10-01,19,10053,1,66,447_1,28,11389,577,97,24
2026-10-01,19,10053,1,67,6158_1,28,11669,587,107,24
2026-10-01,19,10053,1,68,446_3,28,11669,587,107,24
2026-10-01,19,10053,1,69,6166_1,27,11455,585,121,23
2026-10-01,19,10053,1,70,6143_1,28,11698,571,103,24
2026-10-01,19,10053,1,71,6241_1,28,11569,566,118,24
2026-10-01,19,10053,1,72,9_1,28,11569,566,118,24
2026-10-01,19,10057,1,6,39_1,5,3120,694,549,5
2026-10-01,19,10057,1,7,40_1,6,3701,710,509,6
2026-10-01,19,10057,1,8,21_1,7,4246,716,512,7
2026-10-01,19,10057,1,9,42_1,7,4110,704,487,7
2026-10-01,19,10057,1,10,43_1,7,4175,712,498,7
2026-10-01,19,10057,1,11,44_1,7,4429,750,530,7
2026-10-01,19,10057,1,12,18_1,7,4157,716,462,7
2026-10-01,19,10057,1,13,707_1,7,4626,783,529,7
2026-10-01,19,10057,1,14,446_3,7,4730,783,555,7
2026-10-01,19,10057,1,15,9_1,7,4535,783,490,7
2026-10-01,19,10058,1,11,8_1,2,1723,870,853,2
2026-10-01,19,10058,1,12,9_5,5,2049,464,309,5
2026-10-01,19,10059,1,3,6290_1,4,294,85,62,0
2026-10-01,19,10059,1,4,6106_1,4,117,43,11,0
2026-10-01,19,10059,1,5,6134_1,4,34,19,0,0
2026-10-01,19,10059,1,6,6196_1,4,106,37,18,0
2026-10-01,19,10059,1,7,6263_1,4,82,35,0,0
2026-10-01,19,10059,1,8,6902_1,3,612,215,195,0
2026-10-01,19,10059,1,8,6260_1,4,100,39,6,0
2026-10-01,19,10059,1,9,6170_1,6,1009,205,133,0
2026-10-01,19,10059,1,9,7475_1,1,0,0,0,0
2026-10-01,19,10059,1,10,7841_2,6,1125,220,161,0
2026-10-01,19,10059,1,10,6260_2,1,52,52,52,0
2026-10-01,19,10059,1,11,91_3,1,0,0,0,0
2026-10-01,19,10059,1,11,6169_1,1,90,90,90,0
2026-10-01,19,10059,1,12,6405_1,1,123,123,123,0
2026-10-01,19,10059,1,13,6074_1,2,226,115,111,0
2026-10-01,19,10059,1,14,6229_1,2,221,111,110,0
2026-10-01,19,10059,1,15,6006_1,3,328,113,107,0
2026-10-01,19,10059,1,16,6902_1,3,470,160,151,0
2026-10-01,19,10059,1,17,6170_1,4,635,165,151,0
2026-10-01,19,10059,1,18,7841_2,4,707,187,166,0
2026-10-01,19,10059,1,19,91_3,4,139,45,24,0
2026-10-01,19,10060,1,6,6017_1,3,124,52,31,0
2026-10-01,19,10060,1,7,6011_1,4,107,39,18,0
2026-10-01,19,10060,1,8,6187_2,4,379,107,86,0
2026-10-01,19,10060,1,9,6205_1,4,351,100,79,0
2026-10-01,19,10060,1,10,6212_1,4,435,121,100,0
2026-10-01,19,10060,1,11,6013_1,4,395,111,90,0
2026-10-01,19,10060,1,12,94_2,4,115,41,20,0
2026-10-01,19,10060,1,13,95_1,4,47,24,3,0
2026-10-01,19,10060,1,14,6228_1,4,195,61,40,0
2026-10-01,19,10060,1,15,243_1,4,235,71,50,0
2026-10-01,19,10060,1,16,6041_1,4,347,99,78,0
2026-10-01,19,10060,1,17,6162_1,4,339,97,76,0
2026-10-01,19,10060,1,18,6160_1,4,335,96,75,0
2026-10-01,19,10060,1,19,6001_1,4,276,79,62,0
2026-10-01,19,10060,1,20,6161_1,3,170,66,49,0
2026-10-01,19,10060,1,21,446_3,3,19,18,0,0
2026-10-01,19,10060,1,22,6166_1,3,47,32,0,0
2026-10-01,19,10060,1,23,6143_1,10,228,47,0,0
2026-10-01,19,10060,1,24,6241_1,12,204,40,0,0
2026-10-01,19,10060,1,25,9_2,13,371,66,5,0
2026-10-01,19,10060,1,26,8_3,12,763,107,35,0
2026-10-01,19,10060,1,27,6_1,13,929,117,41,0
2026-10-01,19,10060,1,28,902_1,13,759,109,22,0
2026-10-01,19,10060,1,29,5_1,13,486,82,8,0
2026-10-01,19,10060,1,30,4_1,15,1125,118,20,0
2026-10-01,19,10060,1,31,6059_1,17,1364,152,7,0
2026-10-01,19,10060,1,32,3_1,17,1364,152,7,0
2026-10-01,19,10060,1,33,73_1,14,1048,160,0,0
2026-10-01,19,10060,1,34,128_1,31,5614,306,75,1
2026-10-01,19,10060,1,35,114_5,22,1432,246,0,0
2026-10-01,19,10061,0,2,73_1,1,130,130,130,0
2026-10-01,19,10061,0,3,128_1,2,639,330,309,2
2026-10-01,19,10061,0,4,114_5,2,269,145,124,0
2026-10-01,19,10061,0,5,3_3,2,493,257,236,0
2026-10-01,19,10061,0,6,4_5,2,517,269,248,0
2026-10-01,19,10061,0,7,5_3,2,589,305,284,1
2026-10-01,19,10061,0,8,902_2,2,625,323,302,2
2026-10-01,19,10061,0,9,6_2,2,595,309,286,1
2026-10-01,19,10061,0,10,8_1,7,1673,279,187,0
2026-10-01,19,10061,0,11,9_5,14,1772,222,0,0
2026-10-01,19,10061,0,12,6241_2,15,2517,265,57,0
2026-10-01,19,10061,0,13,6143_2,16,2445,250,39,0
2026-10-01,19,10061,0,14,6166_2,16,2448,262,54,0
2026-10-01,19,10061,0,15,446_4,17,3425,371,57,4
2026-10-01,19,10061,0,16,6161_2,17,3811,364,83,6
2026-10-01,19,10061,0,17,6001_2,17,4320,399,107,8
2026-10-01,19,10061,0,18,6160_2,17,4105,387,93,6
2026-10-01,19,10061,0,19,6162_2,19,5289,468,102,9
2026-10-01,19,10061,0,20,6041_2,19,5849,499,130,11
2026-10-01,19,10061,0,21,243_2,23,7302,497,118,15
2026-10-01,19,10061,0,22,6228_2,29,9438,493,125,21
2026-10-01,19,10061,0,23,95_2,32,9248,480,74,17
2026-10-01,19,10061,0,24,94_3,33,8604,460,51,13
2026-10-01,19,10061,0,25,6013_2,37,8396,462,22,12
2026-10-01,19,10061,0,26,6212_2,38,9645,493,56,16
2026-10-01,19,10061,0,27,6205_2,38,10527,512,74,20
2026-10-01,19,10061,0,28,6187_3,37,10554,509,81,21
2026-10-01,19,10061,0,29,6011_4,38,11808,586,80,24
2026-10-01,19,10061,0,30,6017_2,38,13000,623,109,24
2026-10-01,19,10061,0,31,6172_2,39,13251,613,97,25
2026-10-01,19,10061,0,32,6067_2,41,14028,611,86,27
2026-10-01,19,10061,0,33,6248_2,43,14654,594,79,29
2026-10-01,19,10061,0,34,6249_2,50,17339,589,72,36
2026-10-01,19,10061,0,35,6015_2,57,17553,545,18,39
2026-10-01,19,10062,0,2,7841_4,2,254,139,115,0
2026-10-01,19,10062,0,3,6170_2,3,421,168,109,0
2026-10-01,19,10062,0,4,6902_2,3,544,209,150,0
2026-10-01,19,10062,0,5,6006_2,3,691,258,199,0
2026-10-01,19,10062,0,6,6229_2,3,715,266,207,0
2026-10-01,19,10062,0,7,6074_2,3,736,273,214,0
2026-10-01,19,10062,0,8,6169_2,3,574,218,159,0
2026-10-01,19,10062,0,9,6263_2,3,613,231,172,0
2026-10-01,19,10062,0,10,6196_2,3,592,224,165,0
2026-10-01,19,10062,0,11,6134_2,3,685,255,196,0
2026-10-01,19,10062,0,12,6106_2,3,715,265,206,0
2026-10-01,19,10062,0,13,6020_9,3,745,275,216,0
2026-10-01,19,10062,0,14,6019_1,3,439,173,114,0
2026-10-01,19,10067,0,25,6023_1,6,6992,1199,1143,6
2026-10-01,19,10067,0,26,210_2,22,25187,1301,990,22
2026-10-01,19,10067,0,27,211_2,23,25856,1285,927,23
2026-10-01,19,10067,0,28,212_2,24,28485,1397,958,24
2026-10-01,19,10067,0,29,615_2,25,31590,1486,1047,25
2026-10-01,19,10067,0,30,7213_2,26,31921,1468,1029,26
2026-10-01,19,10067,0,31,214_2,26,29041,1371,948,26
2026-10-01,19,10067,0,32,215_2,26,29244,1388,960,26
2026-10-01,19,10067,0,33,216_2,26,29985,1424,982,26
2026-10-01,19,10067,0,34,752_2,26,29504,1402,971,26
2026-10-01,19,10067,0,35,7217_2,26,27960,1332,930,26
2026-10-01,19,10067,0,36,422_1,27,29950,1361,991,27
2026-10-01,19,10067,0,37,421_3,26,28343,1347,977,26
2026-10-01,19,10067,0,38,422_2,26,28941,1393,1011,26
2026-10-01,19,10067,0,39,423_2,26,31085,1527,1030,26
2026-10-01,19,10067,0,40,424_2,26,32224,1594,1030,26
2026-10-01,19,10067,0,41,425_1,26,33325,1627,1090,26
2026-10-01,19,10067,0,42,426_2,26,34489,1665,1128,26
2026-10-01,19,10067,0,43,6168_2,26,34327,1656,1119,26
2026-10-01,19,10067,0,44,6112_2,26,34327,1656,1119,26
2026-10-01,19,10067,0,45,6180_2,26,34460,1663,1126,26
2026-10-01,19,10067,0,46,6035_2,26,34586,1669,1132,26
2026-10-01,19,10067,0,47,6079_1,26,33948,1640,1103,26
2026-10-01,19,10068,0,6,4_3,1,483,483,483,1
2026-10-01,19,10068,0,7,254_2,4,1598,429,369,4
2026-10-01,19,10068,0,8,53_3,8,2696,392,271,7
2026-10-01,19,10068,0,9,253_2,8,2488,366,245,5
2026-10-01,19,10068,0,10,186_2,8,2384,353,232,4
2026-10-01,19,10068,0,11,252_2,8,3031,439,282,7
2026-10-01,19,10068,0,12,150_2,8,3455,489,344,8
2026-10-01,19,10068,0,13,151_2,8,3537,498,358,8
2026-10-01,19,10068,0,14,152_3,9,4241,530,407,9
2026-10-01,19,10068,0,15,251_2,9,4300,536,404,9
2026-10-01,19,10068,0,16,250_2,9,4224,531,396,9
2026-10-01,19,10068,0,17,249_2,9,4043,502,369,9
2026-10-01,19,10068,0,18,606_2,9,4408,551,412,9
2026-10-01,19,10068,0,19,607_2,14,6286,561,300,14
2026-10-01,19,10068,0,20,608_2,19,7391,547,240,12
2026-10-01,19,10068,0,21,609_2,22,7552,533,205,11
2026-10-01,19,10068,0,22,610_2,28,9811,583,125,14
2026-10-01,19,10068,0,23,765_2,29,11438,651,177,20
2026-10-01,19,10068,0,24,7717_2,31,11321,614,140,20
2026-10-01,19,10068,0,25,6023_1,31,13681,688,204,26
2026-10-01,19,10068,0,26,210_2,31,16928,794,310,31
2026-10-01,19,10068,0,27,211_2,31,16574,782,298,30
2026-10-01,19,10068,0,28,212_2,31,18493,840,356,31
2026-10-01,19,10068,0,29,615_2,31,20880,917,433,31
2026-10-01,19,10068,0,30,7213_2,31,21724,940,456,31
2026-10-01,19,10068,0,31,214_2,31,17997,813,329,31
2026-10-01,19,10068,0,32,215_2,31,18064,809,325,31
2026-10-01,19,10068,0,33,216_2,31,18832,828,344,31
2026-10-01,19,10068,0,34,752_2,31,18300,814,330,31
2026-10-01,19,10068,0,35,7217_2,31,16435,749,265,29
2026-10-01,19,10068,0,36,422_1,31,17452,791,307,31
2026-10-01,19,10068,0,37,421_1,29,18433,846,362,29
2026-10-01,19,10068,0,38,6163_1,31,20065,855,371,31
2026-10-01,19,10068,0,39,419_1,30,19324,863,379,30
2026-10-01,19,10068,0,40,418_1,31,22480,932,452,31
2026-10-01,19,10068,0,41,440_1,31,23531,976,465,31
2026-10-01,19,10068,0,42,6236_1,31,25085,1030,512,31
2026-10-01,19,10068,0,43,6109_1,30,21097,962,401,30
2026-10-01,19,10068,1,9,7217_1,1,240,240,240,0
2026-10-01,19,10068,1,10,752_1,2,415,219,196,0
2026-10-01,19,10068,1,11,216_1,2,385,204,181,0
2026-10-01,19,10068,1,12,215_1,4,360,180,0,0
2026-10-01,19,10068,1,13,214_1,4,342,174,0,0
2026-10-01,19,10068,1,14,7213_1,4,339,173,0,0
2026-10-01,19,10068,1,15,615_1,4,539,223,50,0
2026-10-01,19,10068,1,16,212_1,4,623,244,71,0
2026-10-01,19,10068,1,17,211_1,4,815,292,119,0
2026-10-01,19,10068,1,18,210_1,4,587,235,62,0
2026-10-01,19,10068,1,19,6023_3,4,1319,418,245,2
2026-10-01,19,10068,1,20,7717_1,4,1146,374,202,2
2026-10-01,19,10068,1,21,765_1,4,1329,416,249,2
2026-10-01,19,10068,1,22,610_1,4,1035,347,171,2
2026-10-01,19,10068,1,23,609_1,4,1013,346,161,2
2026-10-01,19,10068,1,24,608_1,4,1205,399,204,2
2026-10-01,19,10068,1,25,607_1,4,1133,388,179,2
2026-10-01,19,10068,1,26,606_1,5,1326,386,177,2
2026-10-01,19,10068,1,27,249_1,6,926,278,69,0
2026-10-01,19,10068,1,28,250_1,6,1005,289,80,0
2026-10-01,19,10068,1,29,251_1,9,1306,511,16,1
2026-10-01,19,10068,1,30,152_2,19,6330,561,66,11
2026-10-01,19,10068,1,31,151_1,24,9052,615,119,17
2026-10-01,19,10068,1,32,150_1,32,12061,634,138,24
2026-10-01,19,10068,1,33,252_1,32,15899,767,252,29
2026-10-01,19,10068,1,34,186_1,32,13719,747,162,25
2026-10-01,19,10068,1,35,253_1,31,14749,824,191,24
2026-10-01,19,10068,1,36,53_1,31,16677,909,242,27
2026-10-01,19,10068,1,37,254_1,31,16196,890,227,25
2026-10-01,19,10068,1,38,4_4,31,15600,858,217,25
2026-10-01,19,10068,1,39,6059_1,31,14273,736,218,25
2026-10-01,19,10068,1,40,3_1,31,16133,796,278,29
2026-10-01,19,10068,1,41,73_1,32,15690,775,235,28
2026-10-01,19,10068,1,42,128_1,33,20035,894,329,33
2026-10-01,19,10068,1,43,114_5,34,10126,762,58,16
2026-10-01,19,10069,0,2,73_1,1,305,305,305,1
2026-10-01,19,10069,0,3,128_1,1,484,484,484,1
2026-10-01,19,10069,0,4,114_5,1,179,179,179,0
2026-10-01,19,10069,0,5,3_3,1,291,291,291,0
2026-10-01,19,10069,0,6,4_3,1,296,296,296,0
2026-10-01,19,10069,0,7,254_2,1,314,314,314,1
2026-10-01,19,10069,0,8,53_3,1,271,271,271,0
2026-10-01,19,10069,0,9,253_2,1,245,245,245,0
2026-10-01,19,10069,0,10,186_2,1,232,232,232,0
2026-10-01,19,10069,0,11,252_2,1,318,318,318,1
2026-10-01,19,10069,0,12,150_2,1,368,368,368,1
2026-10-01,19,10069,0,13,151_2,1,377,377,377,1
2026-10-01,19,10069,0,14,152_3,1,379,379,379,1
2026-10-01,19,10069,0,15,251_2,1,376,376,376,1
2026-10-01,19,10069,0,16,250_2,1,368,368,368,1
2026-10-01,19,10069,0,17,249_2,1,341,341,341,1
2026-10-01,19,10069,0,18,606_2,1,384,384,384,1
2026-10-01,19,10069,0,19,607_2,1,402,402,402,1
2026-10-01,19,10069,0,20,608_2,1,400,400,400,1
2026-10-01,19,10069,0,21,609_2,1,393,393,393,1
2026-10-01,19,10069,0,22,610_2,1,397,397,397,1
2026-10-01,19,10069,0,23,765_2,1,471,471,471,1
2026-10-01,19,10069,0,24,7717_2,1,437,437,437,1
2026-10-01,19,10069,0,25,6023_1,1,543,543,543,1
2026-10-01,19,10069,0,26,210_2,1,623,623,623,1
2026-10-01,19,10069,0,27,211_2,1,611,611,611,1
2026-10-01,19,10069,0,28,212_2,1,669,669,669,1
2026-10-01,19,10069,0,29,615_2,1,746,746,746,1
2026-10-01,19,10069,0,30,7213_2,1,769,769,769,1
2026-10-01,19,10072,0,31,440_1,13,10917,891,784,13
2026-10-01,19,10072,0,32,6236_1,16,13588,927,757,16
2026-10-01,19,10072,0,33,6109_1,20,14654,856,542,20
2026-10-01,19,10075,0,2,59_4,2,584,303,281,1
2026-10-01,19,10075,0,3,57_2,3,818,288,264,0
2026-10-01,19,10075,0,4,56_2,3,1118,388,364,3
2026-10-01,19,10075,0,5,55_4,3,1370,472,448,3
2026-10-01,19,10075,0,6,69_2,3,1034,360,336,3
2026-10-01,19,10075,0,7,68_2,3,1259,435,411,3
2026-10-01,19,10075,0,8,67_2,3,1190,412,388,3
2026-10-01,19,10075,0,9,65_2,3,1511,519,495,3
2026-10-01,19,10075,0,10,204_2,3,1364,470,446,3
2026-10-01,19,10075,0,11,255_2,3,1637,561,537,3
2026-10-01,19,10075,0,12,205_2,3,1547,531,507,3
2026-10-01,19,10075,0,13,206_2,3,1487,511,487,3
2026-10-01,19,10075,0,14,863_3,3,1020,353,329,3
2026-10-01,19,10075,0,15,209_2,3,1007,361,300,3
2026-10-01,19,10075,0,16,210_2,3,950,342,281,2
2026-10-01,19,10075,0,17,211_2,3,914,330,269,2
2026-10-01,19,10075,0,18,212_2,3,1088,388,327,3
2026-10-01,19,10075,0,19,615_2,3,1319,465,404,3
2026-10-01,19,10075,0,20,7213_2,3,1388,488,427,3
2026-10-01,19,10075,0,21,214_2,3,1007,361,300,3
2026-10-01,19,10075,0,22,215_2,3,995,357,296,2
2026-10-01,19,10075,0,23,216_2,3,1052,376,315,3
2026-10-01,19,10075,0,24,752_2,3,1010,362,301,3
2026-10-01,19,10075,0,25,7217_2,3,815,297,236,0
2026-10-01,19,10075,0,26,422_1,3,941,339,278,2
2026-10-01,19,10075,0,27,421_3,3,1043,373,312,3
2026-10-01,20,10032,0,38,6255_2,4,1036,274,249,0
2026-10-01,20,10032,0,39,6256_2,5,1409,308,263,1
2026-10-01,20,10032,0,40,6094_2,5,1322,293,248,0
2026-10-01,20,10032,0,41,6244_2,5,1168,259,218,0
2026-10-01,20,10032,0,42,6257_2,5,1154,256,215,0
2026-10-01,20,10032,0,43,6240_2,5,1354,296,255,0
2026-10-01,20,10032,0,44,6258_2,5,1395,306,256,1
2026-10-01,20,10032,0,45,6225_2,5,1303,288,236,0
2026-10-01,20,10032,0,46,6181_2,5,1278,285,223,0
2026-10-01,20,10032,0,47,6246_2,5,1455,320,258,2
2026-10-01,20,10032,0,48,6206_2,5,1352,305,243,1
2026-10-01,20,10032,0,49,6176_2,5,1349,306,244,1
2026-10-01,20,10032,0,50,6200_3,5,1433,325,259,2
2026-10-01,20,10032,0,51,6042_2,5,1279,295,225,0
2026-10-01,20,10032,0,52,6031_2,5,1074,254,184,0
2026-10-01,20,10032,0,53,6039_1,5,709,181,111,0
2026-10-01,20,10069,0,31,214_3,1,769,769,769,1
